<?xml version="1.0" encoding="UTF-8"?>
<!-- Created with BasicAirData GPS Logger for Android - ver. 3.2.3 -->
<!-- Track 808 = 6312 TrackPoints + 0 Placemarks -->

<!-- Track Statistics (based on Total Time | Time in Movement): -->
<!--  Distance = 59.9 km -->
<!--  Duration = 01:45:15 | 01:45:13 -->
<!--  Altitude Gap = -390 m -->
<!--  Max Speed = 43 km/h -->
<!--  Avg Speed = 34.2 | 34.2 km/h -->
<!--  Direction = ESE -->
<!--  Activity = steady -->
<!--  Altitudes = Raw -->

<gpx version="1.0"
     creator="BasicAirData GPS Logger 3.2.3"
     xmlns="http://www.topografix.com/GPX/1/0"
     xmlns:xsi="http://www.w3.org/2001/XMLSchema-instance"
     xsi:schemaLocation="http://www.topografix.com/GPX/1/0 http://www.topografix.com/GPX/1/0/gpx.xsd">
<name>GPS Logger 20260223-121051</name>
<desc>MCW LHS</desc>
<time>2026-02-23T08:27:29Z</time>
<keywords>steady</keywords>
<bounds minlat="12.50207529" minlon="77.78057177" maxlat="12.77493896" maxlon="78.22363561" />

<trk>
 <name>Track 20260223-121051</name>
 <trkseg>
  <trkpt lat="12.77493896" lon="77.78057441"><ele>788.291</ele><time>2026-02-23T06:40:51Z</time><speed>0.000</speed><sat>46</sat></trkpt>
  <trkpt lat="12.77493522" lon="77.78057177"><ele>788.629</ele><time>2026-02-23T06:40:52Z</time><speed>0.000</speed><sat>46</sat></trkpt>
  <trkpt lat="12.77493438" lon="77.78057457"><ele>788.288</ele><time>2026-02-23T06:40:53Z</time><speed>0.370</speed><sat>46</sat></trkpt>
  <trkpt lat="12.77492662" lon="77.78058689"><ele>788.277</ele><time>2026-02-23T06:40:54Z</time><speed>2.200</speed><sat>46</sat></trkpt>
  <trkpt lat="12.77491202" lon="77.78060651"><ele>787.769</ele><time>2026-02-23T06:40:55Z</time><speed>3.160</speed><sat>25</sat></trkpt>
  <trkpt lat="12.77489772" lon="77.78062728"><ele>787.790</ele><time>2026-02-23T06:40:56Z</time><speed>3.160</speed><sat>24</sat></trkpt>
  <trkpt lat="12.77487613" lon="77.78065374"><ele>788.062</ele><time>2026-02-23T06:40:57Z</time><speed>3.810</speed><sat>21</sat></trkpt>
  <trkpt lat="12.77485245" lon="77.78068120"><ele>788.328</ele><time>2026-02-23T06:40:58Z</time><speed>4.110</speed><sat>22</sat></trkpt>
  <trkpt lat="12.77482622" lon="77.78071171"><ele>788.168</ele><time>2026-02-23T06:40:59Z</time><speed>4.810</speed><sat>22</sat></trkpt>
  <trkpt lat="12.77479216" lon="77.78074242"><ele>787.973</ele><time>2026-02-23T06:41:00Z</time><speed>5.110</speed><sat>23</sat></trkpt>
  <trkpt lat="12.77475984" lon="77.78077881"><ele>788.133</ele><time>2026-02-23T06:41:01Z</time><speed>5.550</speed><sat>21</sat></trkpt>
  <trkpt lat="12.77472650" lon="77.78082393"><ele>788.264</ele><time>2026-02-23T06:41:02Z</time><speed>5.990</speed><sat>21</sat></trkpt>
  <trkpt lat="12.77468887" lon="77.78087592"><ele>788.338</ele><time>2026-02-23T06:41:03Z</time><speed>6.830</speed><sat>20</sat></trkpt>
  <trkpt lat="12.77464636" lon="77.78092950"><ele>788.974</ele><time>2026-02-23T06:41:04Z</time><speed>7.440</speed><sat>21</sat></trkpt>
  <trkpt lat="12.77460445" lon="77.78098735"><ele>788.799</ele><time>2026-02-23T06:41:05Z</time><speed>7.460</speed><sat>20</sat></trkpt>
  <trkpt lat="12.77456606" lon="77.78103792"><ele>788.544</ele><time>2026-02-23T06:41:06Z</time><speed>7.160</speed><sat>18</sat></trkpt>
  <trkpt lat="12.77453020" lon="77.78109088"><ele>788.649</ele><time>2026-02-23T06:41:07Z</time><speed>6.990</speed><sat>21</sat></trkpt>
  <trkpt lat="12.77449601" lon="77.78114922"><ele>788.772</ele><time>2026-02-23T06:41:08Z</time><speed>7.440</speed><sat>21</sat></trkpt>
  <trkpt lat="12.77446013" lon="77.78120242"><ele>789.138</ele><time>2026-02-23T06:41:09Z</time><speed>7.640</speed><sat>19</sat></trkpt>
  <trkpt lat="12.77442033" lon="77.78124264"><ele>787.602</ele><time>2026-02-23T06:41:10Z</time><speed>7.630</speed><sat>17</sat></trkpt>
  <trkpt lat="12.77438082" lon="77.78129777"><ele>788.047</ele><time>2026-02-23T06:41:11Z</time><speed>7.550</speed><sat>18</sat></trkpt>
  <trkpt lat="12.77434471" lon="77.78135616"><ele>787.493</ele><time>2026-02-23T06:41:12Z</time><speed>7.550</speed><sat>23</sat></trkpt>
  <trkpt lat="12.77431770" lon="77.78140802"><ele>786.138</ele><time>2026-02-23T06:41:13Z</time><speed>7.540</speed><sat>22</sat></trkpt>
  <trkpt lat="12.77427520" lon="77.78146284"><ele>786.073</ele><time>2026-02-23T06:41:14Z</time><speed>7.720</speed><sat>21</sat></trkpt>
  <trkpt lat="12.77425042" lon="77.78152295"><ele>785.959</ele><time>2026-02-23T06:41:15Z</time><speed>7.700</speed><sat>24</sat></trkpt>
  <trkpt lat="12.77421562" lon="77.78158370"><ele>786.775</ele><time>2026-02-23T06:41:16Z</time><speed>7.680</speed><sat>21</sat></trkpt>
  <trkpt lat="12.77418347" lon="77.78164305"><ele>787.340</ele><time>2026-02-23T06:41:17Z</time><speed>7.570</speed><sat>24</sat></trkpt>
  <trkpt lat="12.77414618" lon="77.78170653"><ele>787.418</ele><time>2026-02-23T06:41:18Z</time><speed>7.510</speed><sat>21</sat></trkpt>
  <trkpt lat="12.77411241" lon="77.78176328"><ele>787.246</ele><time>2026-02-23T06:41:19Z</time><speed>7.410</speed><sat>21</sat></trkpt>
  <trkpt lat="12.77407245" lon="77.78182096"><ele>787.435</ele><time>2026-02-23T06:41:20Z</time><speed>7.350</speed><sat>21</sat></trkpt>
  <trkpt lat="12.77404047" lon="77.78187786"><ele>787.188</ele><time>2026-02-23T06:41:21Z</time><speed>7.230</speed><sat>22</sat></trkpt>
  <trkpt lat="12.77400382" lon="77.78193717"><ele>786.895</ele><time>2026-02-23T06:41:22Z</time><speed>7.560</speed><sat>20</sat></trkpt>
  <trkpt lat="12.77396499" lon="77.78200047"><ele>788.104</ele><time>2026-02-23T06:41:23Z</time><speed>7.790</speed><sat>20</sat></trkpt>
  <trkpt lat="12.77393107" lon="77.78206264"><ele>787.752</ele><time>2026-02-23T06:41:24Z</time><speed>7.730</speed><sat>18</sat></trkpt>
  <trkpt lat="12.77388955" lon="77.78212562"><ele>788.281</ele><time>2026-02-23T06:41:25Z</time><speed>7.600</speed><sat>19</sat></trkpt>
  <trkpt lat="12.77385655" lon="77.78218490"><ele>788.549</ele><time>2026-02-23T06:41:26Z</time><speed>7.430</speed><sat>20</sat></trkpt>
  <trkpt lat="12.77381970" lon="77.78225020"><ele>788.672</ele><time>2026-02-23T06:41:27Z</time><speed>7.600</speed><sat>22</sat></trkpt>
  <trkpt lat="12.77378374" lon="77.78231203"><ele>788.313</ele><time>2026-02-23T06:41:28Z</time><speed>7.800</speed><sat>20</sat></trkpt>
  <trkpt lat="12.77375464" lon="77.78237336"><ele>787.903</ele><time>2026-02-23T06:41:29Z</time><speed>7.900</speed><sat>19</sat></trkpt>
  <trkpt lat="12.77371807" lon="77.78243855"><ele>787.726</ele><time>2026-02-23T06:41:30Z</time><speed>7.870</speed><sat>19</sat></trkpt>
  <trkpt lat="12.77368080" lon="77.78250474"><ele>787.403</ele><time>2026-02-23T06:41:31Z</time><speed>7.970</speed><sat>19</sat></trkpt>
  <trkpt lat="12.77364386" lon="77.78256925"><ele>787.592</ele><time>2026-02-23T06:41:32Z</time><speed>8.080</speed><sat>20</sat></trkpt>
  <trkpt lat="12.77360789" lon="77.78263098"><ele>787.474</ele><time>2026-02-23T06:41:33Z</time><speed>8.010</speed><sat>20</sat></trkpt>
  <trkpt lat="12.77356946" lon="77.78269653"><ele>787.539</ele><time>2026-02-23T06:41:34Z</time><speed>8.090</speed><sat>21</sat></trkpt>
  <trkpt lat="12.77352351" lon="77.78276077"><ele>787.585</ele><time>2026-02-23T06:41:35Z</time><speed>8.130</speed><sat>18</sat></trkpt>
  <trkpt lat="12.77348951" lon="77.78282807"><ele>787.992</ele><time>2026-02-23T06:41:36Z</time><speed>8.150</speed><sat>19</sat></trkpt>
  <trkpt lat="12.77344805" lon="77.78289521"><ele>788.353</ele><time>2026-02-23T06:41:37Z</time><speed>8.100</speed><sat>18</sat></trkpt>
  <trkpt lat="12.77341317" lon="77.78295864"><ele>788.433</ele><time>2026-02-23T06:41:38Z</time><speed>8.060</speed><sat>21</sat></trkpt>
  <trkpt lat="12.77337832" lon="77.78302013"><ele>788.545</ele><time>2026-02-23T06:41:39Z</time><speed>7.940</speed><sat>19</sat></trkpt>
  <trkpt lat="12.77334185" lon="77.78308643"><ele>788.466</ele><time>2026-02-23T06:41:40Z</time><speed>7.870</speed><sat>20</sat></trkpt>
  <trkpt lat="12.77330035" lon="77.78314973"><ele>788.430</ele><time>2026-02-23T06:41:41Z</time><speed>7.770</speed><sat>20</sat></trkpt>
  <trkpt lat="12.77326408" lon="77.78321353"><ele>788.580</ele><time>2026-02-23T06:41:42Z</time><speed>7.830</speed><sat>20</sat></trkpt>
  <trkpt lat="12.77322548" lon="77.78326979"><ele>787.987</ele><time>2026-02-23T06:41:43Z</time><speed>7.950</speed><sat>19</sat></trkpt>
  <trkpt lat="12.77319150" lon="77.78333455"><ele>788.345</ele><time>2026-02-23T06:41:44Z</time><speed>7.930</speed><sat>20</sat></trkpt>
  <trkpt lat="12.77315881" lon="77.78339546"><ele>787.013</ele><time>2026-02-23T06:41:45Z</time><speed>7.860</speed><sat>19</sat></trkpt>
  <trkpt lat="12.77312708" lon="77.78345465"><ele>786.977</ele><time>2026-02-23T06:41:46Z</time><speed>7.770</speed><sat>21</sat></trkpt>
  <trkpt lat="12.77309277" lon="77.78351335"><ele>786.880</ele><time>2026-02-23T06:41:47Z</time><speed>7.750</speed><sat>18</sat></trkpt>
  <trkpt lat="12.77305785" lon="77.78356514"><ele>786.302</ele><time>2026-02-23T06:41:48Z</time><speed>7.640</speed><sat>19</sat></trkpt>
  <trkpt lat="12.77301960" lon="77.78362830"><ele>786.049</ele><time>2026-02-23T06:41:49Z</time><speed>7.500</speed><sat>20</sat></trkpt>
  <trkpt lat="12.77298612" lon="77.78369105"><ele>786.650</ele><time>2026-02-23T06:41:50Z</time><speed>7.360</speed><sat>21</sat></trkpt>
  <trkpt lat="12.77295730" lon="77.78375547"><ele>786.855</ele><time>2026-02-23T06:41:51Z</time><speed>7.310</speed><sat>21</sat></trkpt>
  <trkpt lat="12.77292099" lon="77.78381251"><ele>786.048</ele><time>2026-02-23T06:41:52Z</time><speed>6.980</speed><sat>20</sat></trkpt>
  <trkpt lat="12.77288963" lon="77.78386495"><ele>786.064</ele><time>2026-02-23T06:41:53Z</time><speed>6.700</speed><sat>17</sat></trkpt>
  <trkpt lat="12.77284790" lon="77.78391666"><ele>787.946</ele><time>2026-02-23T06:41:54Z</time><speed>6.940</speed><sat>16</sat></trkpt>
  <trkpt lat="12.77280631" lon="77.78397146"><ele>789.470</ele><time>2026-02-23T06:41:55Z</time><speed>6.840</speed><sat>21</sat></trkpt>
  <trkpt lat="12.77276757" lon="77.78402581"><ele>790.493</ele><time>2026-02-23T06:41:56Z</time><speed>6.700</speed><sat>15</sat></trkpt>
  <trkpt lat="12.77274053" lon="77.78408438"><ele>790.181</ele><time>2026-02-23T06:41:57Z</time><speed>6.350</speed><sat>20</sat></trkpt>
  <trkpt lat="12.77271043" lon="77.78413345"><ele>790.209</ele><time>2026-02-23T06:41:58Z</time><speed>6.780</speed><sat>20</sat></trkpt>
  <trkpt lat="12.77268152" lon="77.78417936"><ele>789.533</ele><time>2026-02-23T06:41:59Z</time><speed>6.620</speed><sat>18</sat></trkpt>
  <trkpt lat="12.77265616" lon="77.78423754"><ele>790.006</ele><time>2026-02-23T06:42:00Z</time><speed>6.430</speed><sat>24</sat></trkpt>
  <trkpt lat="12.77263897" lon="77.78428873"><ele>788.854</ele><time>2026-02-23T06:42:01Z</time><speed>6.450</speed><sat>23</sat></trkpt>
  <trkpt lat="12.77261075" lon="77.78433563"><ele>788.935</ele><time>2026-02-23T06:42:02Z</time><speed>6.060</speed><sat>19</sat></trkpt>
  <trkpt lat="12.77258076" lon="77.78438694"><ele>788.356</ele><time>2026-02-23T06:42:03Z</time><speed>6.840</speed><sat>20</sat></trkpt>
  <trkpt lat="12.77253911" lon="77.78444120"><ele>787.378</ele><time>2026-02-23T06:42:04Z</time><speed>6.800</speed><sat>17</sat></trkpt>
  <trkpt lat="12.77250635" lon="77.78449833"><ele>787.611</ele><time>2026-02-23T06:42:05Z</time><speed>7.220</speed><sat>21</sat></trkpt>
  <trkpt lat="12.77248045" lon="77.78454943"><ele>787.821</ele><time>2026-02-23T06:42:06Z</time><speed>7.210</speed><sat>21</sat></trkpt>
  <trkpt lat="12.77244749" lon="77.78460349"><ele>788.002</ele><time>2026-02-23T06:42:07Z</time><speed>6.960</speed><sat>23</sat></trkpt>
  <trkpt lat="12.77242388" lon="77.78465223"><ele>787.479</ele><time>2026-02-23T06:42:08Z</time><speed>6.630</speed><sat>20</sat></trkpt>
  <trkpt lat="12.77239608" lon="77.78471120"><ele>787.564</ele><time>2026-02-23T06:42:09Z</time><speed>6.490</speed><sat>22</sat></trkpt>
  <trkpt lat="12.77236745" lon="77.78476549"><ele>786.847</ele><time>2026-02-23T06:42:10Z</time><speed>7.000</speed><sat>20</sat></trkpt>
  <trkpt lat="12.77232962" lon="77.78481843"><ele>786.374</ele><time>2026-02-23T06:42:11Z</time><speed>7.460</speed><sat>20</sat></trkpt>
  <trkpt lat="12.77229342" lon="77.78487931"><ele>786.652</ele><time>2026-02-23T06:42:12Z</time><speed>7.680</speed><sat>20</sat></trkpt>
  <trkpt lat="12.77225736" lon="77.78494434"><ele>786.171</ele><time>2026-02-23T06:42:13Z</time><speed>8.050</speed><sat>23</sat></trkpt>
  <trkpt lat="12.77221571" lon="77.78501030"><ele>786.077</ele><time>2026-02-23T06:42:14Z</time><speed>8.280</speed><sat>22</sat></trkpt>
  <trkpt lat="12.77217646" lon="77.78507175"><ele>786.657</ele><time>2026-02-23T06:42:15Z</time><speed>8.220</speed><sat>22</sat></trkpt>
  <trkpt lat="12.77212675" lon="77.78514024"><ele>786.689</ele><time>2026-02-23T06:42:16Z</time><speed>8.420</speed><sat>22</sat></trkpt>
  <trkpt lat="12.77208905" lon="77.78520229"><ele>786.385</ele><time>2026-02-23T06:42:17Z</time><speed>8.480</speed><sat>20</sat></trkpt>
  <trkpt lat="12.77205499" lon="77.78526807"><ele>786.196</ele><time>2026-02-23T06:42:18Z</time><speed>8.620</speed><sat>20</sat></trkpt>
  <trkpt lat="12.77201165" lon="77.78533622"><ele>787.618</ele><time>2026-02-23T06:42:19Z</time><speed>8.800</speed><sat>19</sat></trkpt>
  <trkpt lat="12.77196495" lon="77.78541195"><ele>789.043</ele><time>2026-02-23T06:42:20Z</time><speed>8.980</speed><sat>22</sat></trkpt>
  <trkpt lat="12.77191212" lon="77.78548003"><ele>790.409</ele><time>2026-02-23T06:42:21Z</time><speed>9.020</speed><sat>21</sat></trkpt>
  <trkpt lat="12.77186683" lon="77.78555389"><ele>791.224</ele><time>2026-02-23T06:42:22Z</time><speed>9.200</speed><sat>22</sat></trkpt>
  <trkpt lat="12.77181694" lon="77.78562602"><ele>791.695</ele><time>2026-02-23T06:42:23Z</time><speed>9.460</speed><sat>23</sat></trkpt>
  <trkpt lat="12.77176576" lon="77.78570436"><ele>791.612</ele><time>2026-02-23T06:42:24Z</time><speed>9.680</speed><sat>21</sat></trkpt>
  <trkpt lat="12.77171437" lon="77.78577283"><ele>791.435</ele><time>2026-02-23T06:42:25Z</time><speed>9.680</speed><sat>19</sat></trkpt>
  <trkpt lat="12.77166318" lon="77.78584689"><ele>791.863</ele><time>2026-02-23T06:42:26Z</time><speed>9.740</speed><sat>19</sat></trkpt>
  <trkpt lat="12.77161173" lon="77.78591987"><ele>791.700</ele><time>2026-02-23T06:42:27Z</time><speed>9.590</speed><sat>21</sat></trkpt>
  <trkpt lat="12.77156053" lon="77.78598525"><ele>792.655</ele><time>2026-02-23T06:42:28Z</time><speed>9.150</speed><sat>22</sat></trkpt>
  <trkpt lat="12.77151081" lon="77.78605025"><ele>793.309</ele><time>2026-02-23T06:42:29Z</time><speed>9.140</speed><sat>20</sat></trkpt>
  <trkpt lat="12.77145575" lon="77.78611524"><ele>793.043</ele><time>2026-02-23T06:42:30Z</time><speed>8.880</speed><sat>21</sat></trkpt>
  <trkpt lat="12.77140874" lon="77.78616806"><ele>792.354</ele><time>2026-02-23T06:42:31Z</time><speed>8.390</speed><sat>20</sat></trkpt>
  <trkpt lat="12.77135530" lon="77.78621955"><ele>792.990</ele><time>2026-02-23T06:42:32Z</time><speed>8.470</speed><sat>20</sat></trkpt>
  <trkpt lat="12.77130847" lon="77.78628017"><ele>792.685</ele><time>2026-02-23T06:42:33Z</time><speed>8.470</speed><sat>20</sat></trkpt>
  <trkpt lat="12.77125925" lon="77.78633582"><ele>793.160</ele><time>2026-02-23T06:42:34Z</time><speed>8.280</speed><sat>21</sat></trkpt>
  <trkpt lat="12.77121738" lon="77.78638886"><ele>792.521</ele><time>2026-02-23T06:42:35Z</time><speed>8.190</speed><sat>19</sat></trkpt>
  <trkpt lat="12.77117050" lon="77.78644308"><ele>792.099</ele><time>2026-02-23T06:42:36Z</time><speed>8.050</speed><sat>20</sat></trkpt>
  <trkpt lat="12.77112693" lon="77.78649897"><ele>792.563</ele><time>2026-02-23T06:42:37Z</time><speed>8.110</speed><sat>20</sat></trkpt>
  <trkpt lat="12.77108031" lon="77.78655978"><ele>792.979</ele><time>2026-02-23T06:42:38Z</time><speed>8.370</speed><sat>20</sat></trkpt>
  <trkpt lat="12.77103552" lon="77.78661478"><ele>792.439</ele><time>2026-02-23T06:42:39Z</time><speed>8.400</speed><sat>19</sat></trkpt>
  <trkpt lat="12.77097867" lon="77.78666691"><ele>793.189</ele><time>2026-02-23T06:42:40Z</time><speed>8.640</speed><sat>21</sat></trkpt>
  <trkpt lat="12.77092880" lon="77.78672723"><ele>793.397</ele><time>2026-02-23T06:42:41Z</time><speed>8.490</speed><sat>21</sat></trkpt>
  <trkpt lat="12.77087165" lon="77.78678535"><ele>793.271</ele><time>2026-02-23T06:42:42Z</time><speed>8.520</speed><sat>17</sat></trkpt>
  <trkpt lat="12.77081101" lon="77.78684804"><ele>793.386</ele><time>2026-02-23T06:42:43Z</time><speed>8.900</speed><sat>20</sat></trkpt>
  <trkpt lat="12.77075579" lon="77.78690621"><ele>793.147</ele><time>2026-02-23T06:42:44Z</time><speed>9.060</speed><sat>18</sat></trkpt>
  <trkpt lat="12.77069366" lon="77.78696496"><ele>793.193</ele><time>2026-02-23T06:42:45Z</time><speed>9.170</speed><sat>17</sat></trkpt>
  <trkpt lat="12.77063972" lon="77.78702540"><ele>793.487</ele><time>2026-02-23T06:42:46Z</time><speed>9.230</speed><sat>21</sat></trkpt>
  <trkpt lat="12.77057517" lon="77.78708415"><ele>792.629</ele><time>2026-02-23T06:42:47Z</time><speed>9.520</speed><sat>21</sat></trkpt>
  <trkpt lat="12.77051529" lon="77.78714616"><ele>792.875</ele><time>2026-02-23T06:42:48Z</time><speed>9.770</speed><sat>22</sat></trkpt>
  <trkpt lat="12.77045405" lon="77.78721351"><ele>793.106</ele><time>2026-02-23T06:42:49Z</time><speed>9.910</speed><sat>21</sat></trkpt>
  <trkpt lat="12.77038845" lon="77.78726943"><ele>792.883</ele><time>2026-02-23T06:42:50Z</time><speed>9.850</speed><sat>22</sat></trkpt>
  <trkpt lat="12.77032399" lon="77.78733794"><ele>792.625</ele><time>2026-02-23T06:42:51Z</time><speed>10.210</speed><sat>23</sat></trkpt>
  <trkpt lat="12.77024685" lon="77.78738488"><ele>794.105</ele><time>2026-02-23T06:42:52Z</time><speed>10.140</speed><sat>23</sat></trkpt>
  <trkpt lat="12.77017813" lon="77.78744231"><ele>794.255</ele><time>2026-02-23T06:42:53Z</time><speed>10.040</speed><sat>20</sat></trkpt>
  <trkpt lat="12.77009898" lon="77.78749912"><ele>794.246</ele><time>2026-02-23T06:42:54Z</time><speed>9.820</speed><sat>23</sat></trkpt>
  <trkpt lat="12.77003271" lon="77.78756084"><ele>794.698</ele><time>2026-02-23T06:42:55Z</time><speed>9.880</speed><sat>19</sat></trkpt>
  <trkpt lat="12.76995652" lon="77.78761604"><ele>794.755</ele><time>2026-02-23T06:42:56Z</time><speed>9.940</speed><sat>17</sat></trkpt>
  <trkpt lat="12.76988679" lon="77.78767268"><ele>794.770</ele><time>2026-02-23T06:42:57Z</time><speed>9.500</speed><sat>20</sat></trkpt>
  <trkpt lat="12.76981701" lon="77.78772200"><ele>795.148</ele><time>2026-02-23T06:42:58Z</time><speed>9.490</speed><sat>20</sat></trkpt>
  <trkpt lat="12.76974709" lon="77.78777700"><ele>795.783</ele><time>2026-02-23T06:42:59Z</time><speed>9.640</speed><sat>17</sat></trkpt>
  <trkpt lat="12.76967504" lon="77.78782748"><ele>795.714</ele><time>2026-02-23T06:43:00Z</time><speed>9.750</speed><sat>20</sat></trkpt>
  <trkpt lat="12.76960402" lon="77.78786942"><ele>796.165</ele><time>2026-02-23T06:43:01Z</time><speed>9.560</speed><sat>18</sat></trkpt>
  <trkpt lat="12.76952199" lon="77.78792532"><ele>795.049</ele><time>2026-02-23T06:43:02Z</time><speed>10.440</speed><sat>21</sat></trkpt>
  <trkpt lat="12.76944799" lon="77.78797583"><ele>793.989</ele><time>2026-02-23T06:43:03Z</time><speed>10.470</speed><sat>21</sat></trkpt>
  <trkpt lat="12.76935271" lon="77.78801873"><ele>796.891</ele><time>2026-02-23T06:43:04Z</time><speed>10.460</speed><sat>21</sat></trkpt>
  <trkpt lat="12.76928212" lon="77.78807062"><ele>794.782</ele><time>2026-02-23T06:43:05Z</time><speed>10.380</speed><sat>21</sat></trkpt>
  <trkpt lat="12.76920241" lon="77.78812018"><ele>794.741</ele><time>2026-02-23T06:43:06Z</time><speed>10.440</speed><sat>19</sat></trkpt>
  <trkpt lat="12.76911971" lon="77.78816478"><ele>793.878</ele><time>2026-02-23T06:43:07Z</time><speed>10.430</speed><sat>21</sat></trkpt>
  <trkpt lat="12.76904199" lon="77.78821058"><ele>792.814</ele><time>2026-02-23T06:43:08Z</time><speed>10.600</speed><sat>21</sat></trkpt>
  <trkpt lat="12.76895986" lon="77.78826374"><ele>793.842</ele><time>2026-02-23T06:43:09Z</time><speed>10.520</speed><sat>20</sat></trkpt>
  <trkpt lat="12.76887524" lon="77.78831395"><ele>794.784</ele><time>2026-02-23T06:43:10Z</time><speed>10.470</speed><sat>22</sat></trkpt>
  <trkpt lat="12.76879173" lon="77.78836604"><ele>795.271</ele><time>2026-02-23T06:43:11Z</time><speed>10.380</speed><sat>25</sat></trkpt>
  <trkpt lat="12.76870853" lon="77.78840609"><ele>796.336</ele><time>2026-02-23T06:43:12Z</time><speed>10.250</speed><sat>22</sat></trkpt>
  <trkpt lat="12.76863651" lon="77.78845569"><ele>797.003</ele><time>2026-02-23T06:43:13Z</time><speed>9.830</speed><sat>21</sat></trkpt>
  <trkpt lat="12.76856725" lon="77.78849787"><ele>796.823</ele><time>2026-02-23T06:43:14Z</time><speed>9.400</speed><sat>22</sat></trkpt>
  <trkpt lat="12.76850164" lon="77.78854312"><ele>797.634</ele><time>2026-02-23T06:43:15Z</time><speed>9.210</speed><sat>23</sat></trkpt>
  <trkpt lat="12.76843644" lon="77.78858919"><ele>798.550</ele><time>2026-02-23T06:43:16Z</time><speed>9.210</speed><sat>24</sat></trkpt>
  <trkpt lat="12.76836187" lon="77.78863127"><ele>797.924</ele><time>2026-02-23T06:43:17Z</time><speed>9.300</speed><sat>24</sat></trkpt>
  <trkpt lat="12.76829315" lon="77.78868074"><ele>798.890</ele><time>2026-02-23T06:43:18Z</time><speed>9.280</speed><sat>24</sat></trkpt>
  <trkpt lat="12.76821882" lon="77.78872943"><ele>799.040</ele><time>2026-02-23T06:43:19Z</time><speed>9.270</speed><sat>22</sat></trkpt>
  <trkpt lat="12.76814840" lon="77.78877134"><ele>799.273</ele><time>2026-02-23T06:43:20Z</time><speed>9.170</speed><sat>22</sat></trkpt>
  <trkpt lat="12.76808082" lon="77.78881235"><ele>799.525</ele><time>2026-02-23T06:43:21Z</time><speed>9.150</speed><sat>22</sat></trkpt>
  <trkpt lat="12.76800912" lon="77.78886287"><ele>800.216</ele><time>2026-02-23T06:43:22Z</time><speed>9.060</speed><sat>23</sat></trkpt>
  <trkpt lat="12.76793419" lon="77.78890235"><ele>800.449</ele><time>2026-02-23T06:43:23Z</time><speed>8.910</speed><sat>23</sat></trkpt>
  <trkpt lat="12.76786458" lon="77.78894684"><ele>800.982</ele><time>2026-02-23T06:43:24Z</time><speed>8.840</speed><sat>22</sat></trkpt>
  <trkpt lat="12.76780398" lon="77.78898976"><ele>801.542</ele><time>2026-02-23T06:43:25Z</time><speed>8.770</speed><sat>24</sat></trkpt>
  <trkpt lat="12.76773504" lon="77.78902941"><ele>802.510</ele><time>2026-02-23T06:43:26Z</time><speed>8.600</speed><sat>22</sat></trkpt>
  <trkpt lat="12.76766449" lon="77.78906860"><ele>803.739</ele><time>2026-02-23T06:43:27Z</time><speed>8.550</speed><sat>23</sat></trkpt>
  <trkpt lat="12.76759781" lon="77.78911530"><ele>803.426</ele><time>2026-02-23T06:43:28Z</time><speed>8.740</speed><sat>21</sat></trkpt>
  <trkpt lat="12.76753322" lon="77.78915581"><ele>803.879</ele><time>2026-02-23T06:43:29Z</time><speed>8.860</speed><sat>20</sat></trkpt>
  <trkpt lat="12.76746428" lon="77.78921086"><ele>804.345</ele><time>2026-02-23T06:43:30Z</time><speed>8.920</speed><sat>19</sat></trkpt>
  <trkpt lat="12.76739835" lon="77.78925789"><ele>805.362</ele><time>2026-02-23T06:43:31Z</time><speed>9.190</speed><sat>22</sat></trkpt>
  <trkpt lat="12.76732886" lon="77.78930575"><ele>805.706</ele><time>2026-02-23T06:43:32Z</time><speed>9.220</speed><sat>20</sat></trkpt>
  <trkpt lat="12.76725905" lon="77.78935822"><ele>806.165</ele><time>2026-02-23T06:43:33Z</time><speed>9.220</speed><sat>20</sat></trkpt>
  <trkpt lat="12.76718430" lon="77.78940840"><ele>807.250</ele><time>2026-02-23T06:43:34Z</time><speed>9.590</speed><sat>20</sat></trkpt>
  <trkpt lat="12.76710955" lon="77.78945931"><ele>807.782</ele><time>2026-02-23T06:43:35Z</time><speed>9.450</speed><sat>24</sat></trkpt>
  <trkpt lat="12.76703497" lon="77.78950627"><ele>808.146</ele><time>2026-02-23T06:43:36Z</time><speed>9.300</speed><sat>20</sat></trkpt>
  <trkpt lat="12.76696513" lon="77.78955716"><ele>808.510</ele><time>2026-02-23T06:43:37Z</time><speed>9.530</speed><sat>21</sat></trkpt>
  <trkpt lat="12.76689855" lon="77.78960475"><ele>809.172</ele><time>2026-02-23T06:43:38Z</time><speed>8.910</speed><sat>18</sat></trkpt>
  <trkpt lat="12.76683219" lon="77.78965571"><ele>809.128</ele><time>2026-02-23T06:43:39Z</time><speed>9.030</speed><sat>18</sat></trkpt>
  <trkpt lat="12.76677086" lon="77.78970843"><ele>809.364</ele><time>2026-02-23T06:43:40Z</time><speed>8.700</speed><sat>20</sat></trkpt>
  <trkpt lat="12.76670975" lon="77.78975906"><ele>810.089</ele><time>2026-02-23T06:43:41Z</time><speed>8.470</speed><sat>20</sat></trkpt>
  <trkpt lat="12.76664499" lon="77.78980611"><ele>810.053</ele><time>2026-02-23T06:43:42Z</time><speed>8.310</speed><sat>16</sat></trkpt>
  <trkpt lat="12.76659878" lon="77.78983889"><ele>811.067</ele><time>2026-02-23T06:43:43Z</time><speed>7.820</speed><sat>19</sat></trkpt>
  <trkpt lat="12.76653676" lon="77.78987580"><ele>811.900</ele><time>2026-02-23T06:43:44Z</time><speed>7.830</speed><sat>22</sat></trkpt>
  <trkpt lat="12.76647908" lon="77.78990862"><ele>812.563</ele><time>2026-02-23T06:43:45Z</time><speed>7.610</speed><sat>19</sat></trkpt>
  <trkpt lat="12.76642507" lon="77.78995111"><ele>812.906</ele><time>2026-02-23T06:43:46Z</time><speed>7.600</speed><sat>20</sat></trkpt>
  <trkpt lat="12.76636513" lon="77.78999190"><ele>813.961</ele><time>2026-02-23T06:43:47Z</time><speed>7.530</speed><sat>22</sat></trkpt>
  <trkpt lat="12.76630788" lon="77.79003866"><ele>814.662</ele><time>2026-02-23T06:43:48Z</time><speed>7.660</speed><sat>23</sat></trkpt>
  <trkpt lat="12.76624889" lon="77.79007977"><ele>814.330</ele><time>2026-02-23T06:43:49Z</time><speed>7.830</speed><sat>21</sat></trkpt>
  <trkpt lat="12.76619487" lon="77.79012776"><ele>814.581</ele><time>2026-02-23T06:43:50Z</time><speed>7.910</speed><sat>20</sat></trkpt>
  <trkpt lat="12.76613919" lon="77.79017402"><ele>814.323</ele><time>2026-02-23T06:43:51Z</time><speed>7.960</speed><sat>21</sat></trkpt>
  <trkpt lat="12.76609225" lon="77.79022724"><ele>815.565</ele><time>2026-02-23T06:43:52Z</time><speed>7.820</speed><sat>21</sat></trkpt>
  <trkpt lat="12.76604133" lon="77.79027329"><ele>815.649</ele><time>2026-02-23T06:43:53Z</time><speed>7.640</speed><sat>14</sat></trkpt>
  <trkpt lat="12.76598832" lon="77.79031506"><ele>815.768</ele><time>2026-02-23T06:43:54Z</time><speed>7.570</speed><sat>18</sat></trkpt>
  <trkpt lat="12.76593105" lon="77.79036018"><ele>815.755</ele><time>2026-02-23T06:43:55Z</time><speed>7.770</speed><sat>21</sat></trkpt>
  <trkpt lat="12.76586804" lon="77.79040672"><ele>815.709</ele><time>2026-02-23T06:43:56Z</time><speed>7.780</speed><sat>22</sat></trkpt>
  <trkpt lat="12.76581294" lon="77.79045081"><ele>815.761</ele><time>2026-02-23T06:43:57Z</time><speed>7.800</speed><sat>22</sat></trkpt>
  <trkpt lat="12.76576885" lon="77.79049115"><ele>814.365</ele><time>2026-02-23T06:43:58Z</time><speed>7.950</speed><sat>22</sat></trkpt>
  <trkpt lat="12.76570643" lon="77.79053296"><ele>815.325</ele><time>2026-02-23T06:43:59Z</time><speed>8.010</speed><sat>19</sat></trkpt>
  <trkpt lat="12.76565077" lon="77.79057961"><ele>815.333</ele><time>2026-02-23T06:44:00Z</time><speed>8.210</speed><sat>17</sat></trkpt>
  <trkpt lat="12.76559156" lon="77.79063167"><ele>814.902</ele><time>2026-02-23T06:44:01Z</time><speed>8.650</speed><sat>21</sat></trkpt>
  <trkpt lat="12.76553311" lon="77.79068579"><ele>815.037</ele><time>2026-02-23T06:44:02Z</time><speed>8.710</speed><sat>22</sat></trkpt>
  <trkpt lat="12.76547152" lon="77.79074695"><ele>814.293</ele><time>2026-02-23T06:44:03Z</time><speed>9.300</speed><sat>21</sat></trkpt>
  <trkpt lat="12.76541223" lon="77.79080681"><ele>814.304</ele><time>2026-02-23T06:44:04Z</time><speed>9.300</speed><sat>19</sat></trkpt>
  <trkpt lat="12.76534596" lon="77.79086740"><ele>814.473</ele><time>2026-02-23T06:44:05Z</time><speed>9.490</speed><sat>23</sat></trkpt>
  <trkpt lat="12.76528359" lon="77.79093077"><ele>814.496</ele><time>2026-02-23T06:44:06Z</time><speed>9.500</speed><sat>20</sat></trkpt>
  <trkpt lat="12.76522406" lon="77.79099490"><ele>815.101</ele><time>2026-02-23T06:44:07Z</time><speed>9.580</speed><sat>19</sat></trkpt>
  <trkpt lat="12.76515821" lon="77.79106557"><ele>814.007</ele><time>2026-02-23T06:44:08Z</time><speed>9.520</speed><sat>17</sat></trkpt>
  <trkpt lat="12.76509871" lon="77.79112835"><ele>814.977</ele><time>2026-02-23T06:44:09Z</time><speed>9.600</speed><sat>18</sat></trkpt>
  <trkpt lat="12.76504246" lon="77.79119278"><ele>814.772</ele><time>2026-02-23T06:44:10Z</time><speed>9.660</speed><sat>16</sat></trkpt>
  <trkpt lat="12.76498525" lon="77.79125969"><ele>814.428</ele><time>2026-02-23T06:44:11Z</time><speed>9.720</speed><sat>16</sat></trkpt>
  <trkpt lat="12.76492304" lon="77.79132908"><ele>814.416</ele><time>2026-02-23T06:44:12Z</time><speed>9.610</speed><sat>15</sat></trkpt>
  <trkpt lat="12.76486891" lon="77.79139748"><ele>814.307</ele><time>2026-02-23T06:44:13Z</time><speed>9.430</speed><sat>14</sat></trkpt>
  <trkpt lat="12.76481496" lon="77.79146474"><ele>814.743</ele><time>2026-02-23T06:44:14Z</time><speed>9.080</speed><sat>18</sat></trkpt>
  <trkpt lat="12.76475845" lon="77.79152904"><ele>814.606</ele><time>2026-02-23T06:44:15Z</time><speed>9.400</speed><sat>19</sat></trkpt>
  <trkpt lat="12.76470312" lon="77.79160006"><ele>814.605</ele><time>2026-02-23T06:44:16Z</time><speed>9.300</speed><sat>16</sat></trkpt>
  <trkpt lat="12.76465097" lon="77.79166425"><ele>814.794</ele><time>2026-02-23T06:44:17Z</time><speed>9.180</speed><sat>17</sat></trkpt>
  <trkpt lat="12.76459860" lon="77.79173042"><ele>814.698</ele><time>2026-02-23T06:44:18Z</time><speed>9.330</speed><sat>19</sat></trkpt>
  <trkpt lat="12.76454326" lon="77.79179299"><ele>813.579</ele><time>2026-02-23T06:44:19Z</time><speed>9.430</speed><sat>19</sat></trkpt>
  <trkpt lat="12.76448879" lon="77.79185965"><ele>813.423</ele><time>2026-02-23T06:44:20Z</time><speed>9.460</speed><sat>18</sat></trkpt>
  <trkpt lat="12.76443464" lon="77.79192710"><ele>813.487</ele><time>2026-02-23T06:44:21Z</time><speed>9.360</speed><sat>19</sat></trkpt>
  <trkpt lat="12.76437981" lon="77.79198856"><ele>813.908</ele><time>2026-02-23T06:44:22Z</time><speed>9.340</speed><sat>20</sat></trkpt>
  <trkpt lat="12.76432689" lon="77.79205543"><ele>814.593</ele><time>2026-02-23T06:44:23Z</time><speed>9.410</speed><sat>21</sat></trkpt>
  <trkpt lat="12.76426986" lon="77.79212050"><ele>814.340</ele><time>2026-02-23T06:44:24Z</time><speed>9.620</speed><sat>20</sat></trkpt>
  <trkpt lat="12.76421128" lon="77.79218343"><ele>814.133</ele><time>2026-02-23T06:44:25Z</time><speed>9.360</speed><sat>18</sat></trkpt>
  <trkpt lat="12.76415491" lon="77.79224783"><ele>814.257</ele><time>2026-02-23T06:44:26Z</time><speed>9.550</speed><sat>17</sat></trkpt>
  <trkpt lat="12.76409941" lon="77.79231198"><ele>814.899</ele><time>2026-02-23T06:44:27Z</time><speed>9.550</speed><sat>18</sat></trkpt>
  <trkpt lat="12.76404663" lon="77.79238554"><ele>814.726</ele><time>2026-02-23T06:44:28Z</time><speed>9.650</speed><sat>16</sat></trkpt>
  <trkpt lat="12.76398954" lon="77.79245087"><ele>815.160</ele><time>2026-02-23T06:44:29Z</time><speed>9.520</speed><sat>17</sat></trkpt>
  <trkpt lat="12.76393421" lon="77.79251794"><ele>815.352</ele><time>2026-02-23T06:44:30Z</time><speed>9.440</speed><sat>18</sat></trkpt>
  <trkpt lat="12.76387729" lon="77.79258379"><ele>815.327</ele><time>2026-02-23T06:44:31Z</time><speed>9.470</speed><sat>19</sat></trkpt>
  <trkpt lat="12.76381941" lon="77.79265500"><ele>815.122</ele><time>2026-02-23T06:44:32Z</time><speed>9.430</speed><sat>16</sat></trkpt>
  <trkpt lat="12.76376510" lon="77.79272379"><ele>816.156</ele><time>2026-02-23T06:44:33Z</time><speed>9.590</speed><sat>17</sat></trkpt>
  <trkpt lat="12.76370979" lon="77.79278970"><ele>816.255</ele><time>2026-02-23T06:44:34Z</time><speed>9.870</speed><sat>16</sat></trkpt>
  <trkpt lat="12.76365190" lon="77.79286500"><ele>816.831</ele><time>2026-02-23T06:44:35Z</time><speed>9.840</speed><sat>19</sat></trkpt>
  <trkpt lat="12.76359181" lon="77.79293198"><ele>817.270</ele><time>2026-02-23T06:44:36Z</time><speed>9.620</speed><sat>17</sat></trkpt>
  <trkpt lat="12.76353970" lon="77.79300234"><ele>817.394</ele><time>2026-02-23T06:44:37Z</time><speed>9.510</speed><sat>17</sat></trkpt>
  <trkpt lat="12.76348376" lon="77.79307335"><ele>817.603</ele><time>2026-02-23T06:44:38Z</time><speed>9.290</speed><sat>21</sat></trkpt>
  <trkpt lat="12.76342232" lon="77.79314211"><ele>818.005</ele><time>2026-02-23T06:44:39Z</time><speed>9.160</speed><sat>21</sat></trkpt>
  <trkpt lat="12.76336868" lon="77.79321381"><ele>818.294</ele><time>2026-02-23T06:44:40Z</time><speed>9.160</speed><sat>18</sat></trkpt>
  <trkpt lat="12.76331654" lon="77.79328833"><ele>818.219</ele><time>2026-02-23T06:44:41Z</time><speed>9.220</speed><sat>21</sat></trkpt>
  <trkpt lat="12.76326087" lon="77.79335666"><ele>818.737</ele><time>2026-02-23T06:44:42Z</time><speed>9.310</speed><sat>19</sat></trkpt>
  <trkpt lat="12.76321150" lon="77.79342789"><ele>819.170</ele><time>2026-02-23T06:44:43Z</time><speed>9.270</speed><sat>19</sat></trkpt>
  <trkpt lat="12.76315978" lon="77.79349427"><ele>819.563</ele><time>2026-02-23T06:44:44Z</time><speed>9.180</speed><sat>15</sat></trkpt>
  <trkpt lat="12.76310435" lon="77.79355955"><ele>819.665</ele><time>2026-02-23T06:44:45Z</time><speed>9.170</speed><sat>20</sat></trkpt>
  <trkpt lat="12.76305169" lon="77.79362741"><ele>819.557</ele><time>2026-02-23T06:44:46Z</time><speed>9.220</speed><sat>18</sat></trkpt>
  <trkpt lat="12.76299931" lon="77.79369222"><ele>820.147</ele><time>2026-02-23T06:44:47Z</time><speed>9.190</speed><sat>15</sat></trkpt>
  <trkpt lat="12.76294499" lon="77.79375790"><ele>820.640</ele><time>2026-02-23T06:44:48Z</time><speed>9.500</speed><sat>16</sat></trkpt>
  <trkpt lat="12.76289117" lon="77.79382546"><ele>820.344</ele><time>2026-02-23T06:44:49Z</time><speed>9.530</speed><sat>20</sat></trkpt>
  <trkpt lat="12.76283531" lon="77.79389291"><ele>819.726</ele><time>2026-02-23T06:44:50Z</time><speed>9.590</speed><sat>20</sat></trkpt>
  <trkpt lat="12.76277770" lon="77.79395735"><ele>820.009</ele><time>2026-02-23T06:44:51Z</time><speed>9.520</speed><sat>21</sat></trkpt>
  <trkpt lat="12.76272486" lon="77.79402507"><ele>820.213</ele><time>2026-02-23T06:44:52Z</time><speed>9.380</speed><sat>19</sat></trkpt>
  <trkpt lat="12.76267411" lon="77.79408660"><ele>820.754</ele><time>2026-02-23T06:44:53Z</time><speed>9.030</speed><sat>21</sat></trkpt>
  <trkpt lat="12.76262077" lon="77.79415720"><ele>820.483</ele><time>2026-02-23T06:44:54Z</time><speed>9.070</speed><sat>22</sat></trkpt>
  <trkpt lat="12.76256427" lon="77.79421878"><ele>820.818</ele><time>2026-02-23T06:44:55Z</time><speed>9.100</speed><sat>19</sat></trkpt>
  <trkpt lat="12.76251199" lon="77.79428652"><ele>820.998</ele><time>2026-02-23T06:44:56Z</time><speed>9.550</speed><sat>20</sat></trkpt>
  <trkpt lat="12.76244851" lon="77.79435726"><ele>821.116</ele><time>2026-02-23T06:44:57Z</time><speed>10.100</speed><sat>19</sat></trkpt>
  <trkpt lat="12.76238227" lon="77.79442816"><ele>821.060</ele><time>2026-02-23T06:44:58Z</time><speed>10.230</speed><sat>16</sat></trkpt>
  <trkpt lat="12.76231971" lon="77.79450270"><ele>821.890</ele><time>2026-02-23T06:44:59Z</time><speed>10.440</speed><sat>16</sat></trkpt>
  <trkpt lat="12.76226466" lon="77.79457175"><ele>821.535</ele><time>2026-02-23T06:45:00Z</time><speed>10.320</speed><sat>20</sat></trkpt>
  <trkpt lat="12.76220594" lon="77.79464447"><ele>821.377</ele><time>2026-02-23T06:45:01Z</time><speed>10.250</speed><sat>16</sat></trkpt>
  <trkpt lat="12.76214243" lon="77.79471527"><ele>821.531</ele><time>2026-02-23T06:45:02Z</time><speed>10.080</speed><sat>19</sat></trkpt>
  <trkpt lat="12.76208225" lon="77.79478300"><ele>821.630</ele><time>2026-02-23T06:45:03Z</time><speed>9.890</speed><sat>18</sat></trkpt>
  <trkpt lat="12.76202177" lon="77.79485265"><ele>821.752</ele><time>2026-02-23T06:45:04Z</time><speed>10.010</speed><sat>19</sat></trkpt>
  <trkpt lat="12.76195781" lon="77.79490849"><ele>822.036</ele><time>2026-02-23T06:45:05Z</time><speed>10.150</speed><sat>18</sat></trkpt>
  <trkpt lat="12.76190042" lon="77.79497561"><ele>823.900</ele><time>2026-02-23T06:45:06Z</time><speed>10.230</speed><sat>18</sat></trkpt>
  <trkpt lat="12.76184265" lon="77.79504746"><ele>824.512</ele><time>2026-02-23T06:45:07Z</time><speed>10.280</speed><sat>17</sat></trkpt>
  <trkpt lat="12.76178082" lon="77.79511930"><ele>824.300</ele><time>2026-02-23T06:45:08Z</time><speed>10.280</speed><sat>14</sat></trkpt>
  <trkpt lat="12.76171801" lon="77.79519182"><ele>824.313</ele><time>2026-02-23T06:45:09Z</time><speed>10.350</speed><sat>16</sat></trkpt>
  <trkpt lat="12.76165664" lon="77.79526222"><ele>824.457</ele><time>2026-02-23T06:45:10Z</time><speed>10.350</speed><sat>17</sat></trkpt>
  <trkpt lat="12.76159818" lon="77.79533141"><ele>824.621</ele><time>2026-02-23T06:45:11Z</time><speed>10.190</speed><sat>16</sat></trkpt>
  <trkpt lat="12.76153758" lon="77.79540039"><ele>824.143</ele><time>2026-02-23T06:45:12Z</time><speed>10.130</speed><sat>16</sat></trkpt>
  <trkpt lat="12.76147775" lon="77.79547809"><ele>824.066</ele><time>2026-02-23T06:45:13Z</time><speed>9.900</speed><sat>16</sat></trkpt>
  <trkpt lat="12.76142548" lon="77.79554736"><ele>823.975</ele><time>2026-02-23T06:45:14Z</time><speed>9.900</speed><sat>12</sat></trkpt>
  <trkpt lat="12.76136903" lon="77.79561500"><ele>823.595</ele><time>2026-02-23T06:45:15Z</time><speed>9.630</speed><sat>15</sat></trkpt>
  <trkpt lat="12.76131152" lon="77.79568118"><ele>824.886</ele><time>2026-02-23T06:45:16Z</time><speed>9.820</speed><sat>17</sat></trkpt>
  <trkpt lat="12.76125434" lon="77.79574868"><ele>824.192</ele><time>2026-02-23T06:45:17Z</time><speed>9.830</speed><sat>16</sat></trkpt>
  <trkpt lat="12.76119319" lon="77.79582050"><ele>824.605</ele><time>2026-02-23T06:45:18Z</time><speed>10.000</speed><sat>17</sat></trkpt>
  <trkpt lat="12.76113516" lon="77.79588349"><ele>823.799</ele><time>2026-02-23T06:45:19Z</time><speed>10.100</speed><sat>15</sat></trkpt>
  <trkpt lat="12.76107833" lon="77.79594720"><ele>823.496</ele><time>2026-02-23T06:45:20Z</time><speed>10.160</speed><sat>16</sat></trkpt>
  <trkpt lat="12.76101827" lon="77.79601463"><ele>823.122</ele><time>2026-02-23T06:45:21Z</time><speed>10.040</speed><sat>16</sat></trkpt>
  <trkpt lat="12.76095882" lon="77.79608476"><ele>822.822</ele><time>2026-02-23T06:45:22Z</time><speed>10.080</speed><sat>14</sat></trkpt>
  <trkpt lat="12.76089392" lon="77.79614133"><ele>822.631</ele><time>2026-02-23T06:45:23Z</time><speed>9.820</speed><sat>14</sat></trkpt>
  <trkpt lat="12.76083115" lon="77.79620959"><ele>822.083</ele><time>2026-02-23T06:45:24Z</time><speed>9.670</speed><sat>13</sat></trkpt>
  <trkpt lat="12.76076677" lon="77.79628112"><ele>821.711</ele><time>2026-02-23T06:45:25Z</time><speed>9.480</speed><sat>14</sat></trkpt>
  <trkpt lat="12.76071189" lon="77.79634270"><ele>821.641</ele><time>2026-02-23T06:45:26Z</time><speed>9.460</speed><sat>15</sat></trkpt>
  <trkpt lat="12.76065817" lon="77.79640809"><ele>821.123</ele><time>2026-02-23T06:45:27Z</time><speed>9.350</speed><sat>16</sat></trkpt>
  <trkpt lat="12.76060261" lon="77.79648190"><ele>820.954</ele><time>2026-02-23T06:45:28Z</time><speed>9.270</speed><sat>16</sat></trkpt>
  <trkpt lat="12.76055140" lon="77.79653998"><ele>820.462</ele><time>2026-02-23T06:45:29Z</time><speed>9.040</speed><sat>15</sat></trkpt>
  <trkpt lat="12.76049293" lon="77.79660146"><ele>819.628</ele><time>2026-02-23T06:45:30Z</time><speed>9.510</speed><sat>15</sat></trkpt>
  <trkpt lat="12.76043554" lon="77.79666447"><ele>819.410</ele><time>2026-02-23T06:45:31Z</time><speed>9.170</speed><sat>14</sat></trkpt>
  <trkpt lat="12.76038273" lon="77.79673044"><ele>818.959</ele><time>2026-02-23T06:45:32Z</time><speed>8.990</speed><sat>12</sat></trkpt>
  <trkpt lat="12.76033197" lon="77.79678241"><ele>820.031</ele><time>2026-02-23T06:45:33Z</time><speed>8.810</speed><sat>13</sat></trkpt>
  <trkpt lat="12.76026799" lon="77.79686433"><ele>817.461</ele><time>2026-02-23T06:45:34Z</time><speed>8.950</speed><sat>14</sat></trkpt>
  <trkpt lat="12.76021289" lon="77.79692246"><ele>817.448</ele><time>2026-02-23T06:45:35Z</time><speed>9.000</speed><sat>15</sat></trkpt>
  <trkpt lat="12.76015406" lon="77.79698540"><ele>816.826</ele><time>2026-02-23T06:45:36Z</time><speed>9.190</speed><sat>15</sat></trkpt>
  <trkpt lat="12.76009701" lon="77.79704700"><ele>816.739</ele><time>2026-02-23T06:45:37Z</time><speed>9.470</speed><sat>14</sat></trkpt>
  <trkpt lat="12.76004217" lon="77.79711366"><ele>816.155</ele><time>2026-02-23T06:45:38Z</time><speed>9.560</speed><sat>15</sat></trkpt>
  <trkpt lat="12.75998408" lon="77.79717454"><ele>816.385</ele><time>2026-02-23T06:45:39Z</time><speed>9.350</speed><sat>12</sat></trkpt>
  <trkpt lat="12.75992907" lon="77.79723869"><ele>815.749</ele><time>2026-02-23T06:45:40Z</time><speed>9.470</speed><sat>15</sat></trkpt>
  <trkpt lat="12.75986842" lon="77.79730463"><ele>815.199</ele><time>2026-02-23T06:45:41Z</time><speed>9.490</speed><sat>14</sat></trkpt>
  <trkpt lat="12.75981165" lon="77.79736747"><ele>814.490</ele><time>2026-02-23T06:45:42Z</time><speed>9.550</speed><sat>16</sat></trkpt>
  <trkpt lat="12.75974402" lon="77.79743321"><ele>813.323</ele><time>2026-02-23T06:45:43Z</time><speed>9.790</speed><sat>15</sat></trkpt>
  <trkpt lat="12.75968609" lon="77.79749745"><ele>812.933</ele><time>2026-02-23T06:45:44Z</time><speed>9.870</speed><sat>17</sat></trkpt>
  <trkpt lat="12.75962624" lon="77.79756260"><ele>812.450</ele><time>2026-02-23T06:45:45Z</time><speed>9.750</speed><sat>13</sat></trkpt>
  <trkpt lat="12.75956866" lon="77.79762594"><ele>812.119</ele><time>2026-02-23T06:45:46Z</time><speed>9.550</speed><sat>17</sat></trkpt>
  <trkpt lat="12.75950664" lon="77.79769614"><ele>811.940</ele><time>2026-02-23T06:45:47Z</time><speed>9.550</speed><sat>15</sat></trkpt>
  <trkpt lat="12.75944665" lon="77.79775723"><ele>812.547</ele><time>2026-02-23T06:45:48Z</time><speed>9.590</speed><sat>14</sat></trkpt>
  <trkpt lat="12.75938320" lon="77.79781821"><ele>811.785</ele><time>2026-02-23T06:45:49Z</time><speed>9.450</speed><sat>13</sat></trkpt>
  <trkpt lat="12.75931732" lon="77.79788072"><ele>812.299</ele><time>2026-02-23T06:45:50Z</time><speed>9.420</speed><sat>9</sat></trkpt>
  <trkpt lat="12.75925687" lon="77.79794221"><ele>812.233</ele><time>2026-02-23T06:45:51Z</time><speed>9.530</speed><sat>13</sat></trkpt>
  <trkpt lat="12.75920002" lon="77.79801490"><ele>811.135</ele><time>2026-02-23T06:45:52Z</time><speed>9.460</speed><sat>13</sat></trkpt>
  <trkpt lat="12.75914075" lon="77.79807486"><ele>810.725</ele><time>2026-02-23T06:45:53Z</time><speed>9.400</speed><sat>12</sat></trkpt>
  <trkpt lat="12.75907525" lon="77.79813643"><ele>808.972</ele><time>2026-02-23T06:45:54Z</time><speed>9.610</speed><sat>14</sat></trkpt>
  <trkpt lat="12.75901120" lon="77.79821049"><ele>808.270</ele><time>2026-02-23T06:45:55Z</time><speed>9.660</speed><sat>14</sat></trkpt>
  <trkpt lat="12.75894828" lon="77.79827030"><ele>807.992</ele><time>2026-02-23T06:45:56Z</time><speed>9.540</speed><sat>12</sat></trkpt>
  <trkpt lat="12.75888373" lon="77.79833085"><ele>807.318</ele><time>2026-02-23T06:45:57Z</time><speed>9.610</speed><sat>12</sat></trkpt>
  <trkpt lat="12.75882269" lon="77.79839359"><ele>807.320</ele><time>2026-02-23T06:45:58Z</time><speed>9.580</speed><sat>11</sat></trkpt>
  <trkpt lat="12.75875077" lon="77.79845533"><ele>806.807</ele><time>2026-02-23T06:45:59Z</time><speed>9.720</speed><sat>13</sat></trkpt>
  <trkpt lat="12.75869409" lon="77.79850116"><ele>805.156</ele><time>2026-02-23T06:46:00Z</time><speed>9.620</speed><sat>14</sat></trkpt>
  <trkpt lat="12.75863468" lon="77.79856110"><ele>805.145</ele><time>2026-02-23T06:46:01Z</time><speed>9.600</speed><sat>13</sat></trkpt>
  <trkpt lat="12.75857271" lon="77.79862086"><ele>806.339</ele><time>2026-02-23T06:46:02Z</time><speed>9.700</speed><sat>12</sat></trkpt>
  <trkpt lat="12.75851626" lon="77.79866893"><ele>804.675</ele><time>2026-02-23T06:46:03Z</time><speed>9.370</speed><sat>14</sat></trkpt>
  <trkpt lat="12.75845036" lon="77.79872229"><ele>803.211</ele><time>2026-02-23T06:46:04Z</time><speed>9.670</speed><sat>13</sat></trkpt>
  <trkpt lat="12.75838706" lon="77.79877961"><ele>803.839</ele><time>2026-02-23T06:46:05Z</time><speed>9.680</speed><sat>13</sat></trkpt>
  <trkpt lat="12.75832529" lon="77.79884580"><ele>803.488</ele><time>2026-02-23T06:46:06Z</time><speed>9.560</speed><sat>12</sat></trkpt>
  <trkpt lat="12.75826585" lon="77.79890816"><ele>803.131</ele><time>2026-02-23T06:46:07Z</time><speed>9.280</speed><sat>13</sat></trkpt>
  <trkpt lat="12.75820358" lon="77.79897005"><ele>802.550</ele><time>2026-02-23T06:46:08Z</time><speed>9.440</speed><sat>13</sat></trkpt>
  <trkpt lat="12.75814283" lon="77.79903173"><ele>802.349</ele><time>2026-02-23T06:46:09Z</time><speed>9.740</speed><sat>14</sat></trkpt>
  <trkpt lat="12.75807856" lon="77.79909805"><ele>802.105</ele><time>2026-02-23T06:46:10Z</time><speed>9.800</speed><sat>12</sat></trkpt>
  <trkpt lat="12.75801581" lon="77.79916176"><ele>801.871</ele><time>2026-02-23T06:46:11Z</time><speed>9.800</speed><sat>12</sat></trkpt>
  <trkpt lat="12.75795728" lon="77.79922443"><ele>801.781</ele><time>2026-02-23T06:46:12Z</time><speed>9.700</speed><sat>13</sat></trkpt>
  <trkpt lat="12.75789398" lon="77.79929385"><ele>801.307</ele><time>2026-02-23T06:46:13Z</time><speed>9.870</speed><sat>13</sat></trkpt>
  <trkpt lat="12.75783663" lon="77.79935479"><ele>801.128</ele><time>2026-02-23T06:46:14Z</time><speed>9.550</speed><sat>30</sat></trkpt>
  <trkpt lat="12.75777918" lon="77.79940980"><ele>800.361</ele><time>2026-02-23T06:46:15Z</time><speed>9.570</speed><sat>31</sat></trkpt>
  <trkpt lat="12.75771620" lon="77.79947750"><ele>800.050</ele><time>2026-02-23T06:46:16Z</time><speed>9.660</speed><sat>35</sat></trkpt>
  <trkpt lat="12.75765015" lon="77.79952743"><ele>799.860</ele><time>2026-02-23T06:46:17Z</time><speed>9.600</speed><sat>40</sat></trkpt>
  <trkpt lat="12.75758820" lon="77.79958199"><ele>800.416</ele><time>2026-02-23T06:46:18Z</time><speed>9.540</speed><sat>22</sat></trkpt>
  <trkpt lat="12.75752496" lon="77.79964171"><ele>800.342</ele><time>2026-02-23T06:46:19Z</time><speed>9.540</speed><sat>23</sat></trkpt>
  <trkpt lat="12.75745751" lon="77.79970152"><ele>800.477</ele><time>2026-02-23T06:46:20Z</time><speed>9.680</speed><sat>23</sat></trkpt>
  <trkpt lat="12.75739042" lon="77.79976194"><ele>800.592</ele><time>2026-02-23T06:46:21Z</time><speed>9.940</speed><sat>19</sat></trkpt>
  <trkpt lat="12.75731773" lon="77.79981547"><ele>800.138</ele><time>2026-02-23T06:46:22Z</time><speed>9.990</speed><sat>20</sat></trkpt>
  <trkpt lat="12.75724369" lon="77.79987238"><ele>799.929</ele><time>2026-02-23T06:46:23Z</time><speed>10.310</speed><sat>17</sat></trkpt>
  <trkpt lat="12.75717108" lon="77.79992556"><ele>800.305</ele><time>2026-02-23T06:46:24Z</time><speed>10.150</speed><sat>20</sat></trkpt>
  <trkpt lat="12.75709920" lon="77.79998200"><ele>800.156</ele><time>2026-02-23T06:46:25Z</time><speed>10.400</speed><sat>17</sat></trkpt>
  <trkpt lat="12.75703157" lon="77.80004509"><ele>799.517</ele><time>2026-02-23T06:46:26Z</time><speed>10.430</speed><sat>15</sat></trkpt>
  <trkpt lat="12.75697108" lon="77.80007057"><ele>797.358</ele><time>2026-02-23T06:46:27Z</time><speed>10.200</speed><sat>17</sat></trkpt>
  <trkpt lat="12.75689703" lon="77.80012208"><ele>796.453</ele><time>2026-02-23T06:46:28Z</time><speed>10.050</speed><sat>17</sat></trkpt>
  <trkpt lat="12.75682338" lon="77.80017175"><ele>796.736</ele><time>2026-02-23T06:46:29Z</time><speed>9.990</speed><sat>17</sat></trkpt>
  <trkpt lat="12.75674502" lon="77.80023072"><ele>796.669</ele><time>2026-02-23T06:46:30Z</time><speed>10.310</speed><sat>17</sat></trkpt>
  <trkpt lat="12.75666594" lon="77.80029255"><ele>796.088</ele><time>2026-02-23T06:46:31Z</time><speed>10.330</speed><sat>17</sat></trkpt>
  <trkpt lat="12.75659398" lon="77.80035924"><ele>794.944</ele><time>2026-02-23T06:46:32Z</time><speed>10.290</speed><sat>14</sat></trkpt>
  <trkpt lat="12.75651734" lon="77.80040962"><ele>795.281</ele><time>2026-02-23T06:46:33Z</time><speed>10.350</speed><sat>16</sat></trkpt>
  <trkpt lat="12.75643558" lon="77.80046849"><ele>794.668</ele><time>2026-02-23T06:46:34Z</time><speed>10.330</speed><sat>15</sat></trkpt>
  <trkpt lat="12.75635407" lon="77.80052100"><ele>794.782</ele><time>2026-02-23T06:46:35Z</time><speed>10.450</speed><sat>16</sat></trkpt>
  <trkpt lat="12.75627826" lon="77.80057427"><ele>795.491</ele><time>2026-02-23T06:46:36Z</time><speed>10.500</speed><sat>17</sat></trkpt>
  <trkpt lat="12.75619831" lon="77.80062776"><ele>795.505</ele><time>2026-02-23T06:46:37Z</time><speed>10.520</speed><sat>15</sat></trkpt>
  <trkpt lat="12.75611787" lon="77.80068092"><ele>795.974</ele><time>2026-02-23T06:46:38Z</time><speed>10.460</speed><sat>18</sat></trkpt>
  <trkpt lat="12.75602748" lon="77.80070152"><ele>791.423</ele><time>2026-02-23T06:46:39Z</time><speed>10.200</speed><sat>16</sat></trkpt>
  <trkpt lat="12.75595316" lon="77.80073362"><ele>791.280</ele><time>2026-02-23T06:46:40Z</time><speed>10.250</speed><sat>15</sat></trkpt>
  <trkpt lat="12.75587792" lon="77.80078491"><ele>791.445</ele><time>2026-02-23T06:46:41Z</time><speed>10.050</speed><sat>17</sat></trkpt>
  <trkpt lat="12.75579807" lon="77.80084057"><ele>791.533</ele><time>2026-02-23T06:46:42Z</time><speed>9.770</speed><sat>16</sat></trkpt>
  <trkpt lat="12.75572470" lon="77.80087752"><ele>791.287</ele><time>2026-02-23T06:46:43Z</time><speed>9.750</speed><sat>15</sat></trkpt>
  <trkpt lat="12.75564975" lon="77.80092877"><ele>790.288</ele><time>2026-02-23T06:46:44Z</time><speed>9.550</speed><sat>16</sat></trkpt>
  <trkpt lat="12.75557755" lon="77.80097801"><ele>791.081</ele><time>2026-02-23T06:46:45Z</time><speed>9.800</speed><sat>19</sat></trkpt>
  <trkpt lat="12.75551618" lon="77.80101219"><ele>791.252</ele><time>2026-02-23T06:46:46Z</time><speed>9.710</speed><sat>21</sat></trkpt>
  <trkpt lat="12.75544557" lon="77.80106384"><ele>791.587</ele><time>2026-02-23T06:46:47Z</time><speed>9.470</speed><sat>16</sat></trkpt>
  <trkpt lat="12.75537353" lon="77.80111663"><ele>792.237</ele><time>2026-02-23T06:46:48Z</time><speed>9.510</speed><sat>19</sat></trkpt>
  <trkpt lat="12.75530267" lon="77.80117624"><ele>792.613</ele><time>2026-02-23T06:46:49Z</time><speed>9.730</speed><sat>17</sat></trkpt>
  <trkpt lat="12.75523477" lon="77.80122562"><ele>792.580</ele><time>2026-02-23T06:46:50Z</time><speed>9.640</speed><sat>17</sat></trkpt>
  <trkpt lat="12.75516337" lon="77.80128092"><ele>792.561</ele><time>2026-02-23T06:46:51Z</time><speed>9.570</speed><sat>20</sat></trkpt>
  <trkpt lat="12.75509281" lon="77.80133355"><ele>792.715</ele><time>2026-02-23T06:46:52Z</time><speed>9.630</speed><sat>20</sat></trkpt>
  <trkpt lat="12.75502115" lon="77.80138080"><ele>793.293</ele><time>2026-02-23T06:46:53Z</time><speed>9.800</speed><sat>21</sat></trkpt>
  <trkpt lat="12.75494785" lon="77.80143507"><ele>793.413</ele><time>2026-02-23T06:46:54Z</time><speed>10.000</speed><sat>21</sat></trkpt>
  <trkpt lat="12.75487531" lon="77.80148997"><ele>793.700</ele><time>2026-02-23T06:46:55Z</time><speed>10.030</speed><sat>18</sat></trkpt>
  <trkpt lat="12.75480248" lon="77.80154502"><ele>793.784</ele><time>2026-02-23T06:46:56Z</time><speed>10.030</speed><sat>18</sat></trkpt>
  <trkpt lat="12.75473006" lon="77.80161006"><ele>794.414</ele><time>2026-02-23T06:46:57Z</time><speed>10.210</speed><sat>12</sat></trkpt>
  <trkpt lat="12.75466231" lon="77.80167853"><ele>794.945</ele><time>2026-02-23T06:46:58Z</time><speed>10.130</speed><sat>17</sat></trkpt>
  <trkpt lat="12.75458074" lon="77.80173223"><ele>795.311</ele><time>2026-02-23T06:46:59Z</time><speed>9.900</speed><sat>16</sat></trkpt>
  <trkpt lat="12.75450739" lon="77.80180211"><ele>793.998</ele><time>2026-02-23T06:47:00Z</time><speed>9.720</speed><sat>20</sat></trkpt>
  <trkpt lat="12.75444510" lon="77.80184989"><ele>795.922</ele><time>2026-02-23T06:47:01Z</time><speed>9.510</speed><sat>19</sat></trkpt>
  <trkpt lat="12.75438681" lon="77.80191602"><ele>795.924</ele><time>2026-02-23T06:47:02Z</time><speed>9.480</speed><sat>19</sat></trkpt>
  <trkpt lat="12.75432065" lon="77.80197224"><ele>794.572</ele><time>2026-02-23T06:47:03Z</time><speed>9.250</speed><sat>22</sat></trkpt>
  <trkpt lat="12.75425263" lon="77.80203508"><ele>795.254</ele><time>2026-02-23T06:47:04Z</time><speed>8.960</speed><sat>18</sat></trkpt>
  <trkpt lat="12.75418831" lon="77.80209397"><ele>796.317</ele><time>2026-02-23T06:47:05Z</time><speed>8.980</speed><sat>22</sat></trkpt>
  <trkpt lat="12.75412449" lon="77.80215625"><ele>797.170</ele><time>2026-02-23T06:47:06Z</time><speed>9.240</speed><sat>21</sat></trkpt>
  <trkpt lat="12.75406444" lon="77.80221070"><ele>797.721</ele><time>2026-02-23T06:47:07Z</time><speed>9.460</speed><sat>19</sat></trkpt>
  <trkpt lat="12.75400246" lon="77.80226431"><ele>797.293</ele><time>2026-02-23T06:47:08Z</time><speed>9.350</speed><sat>20</sat></trkpt>
  <trkpt lat="12.75393789" lon="77.80231858"><ele>796.277</ele><time>2026-02-23T06:47:09Z</time><speed>9.550</speed><sat>24</sat></trkpt>
  <trkpt lat="12.75386666" lon="77.80237607"><ele>796.781</ele><time>2026-02-23T06:47:10Z</time><speed>9.730</speed><sat>21</sat></trkpt>
  <trkpt lat="12.75380115" lon="77.80244108"><ele>797.755</ele><time>2026-02-23T06:47:11Z</time><speed>9.660</speed><sat>21</sat></trkpt>
  <trkpt lat="12.75372997" lon="77.80250116"><ele>797.122</ele><time>2026-02-23T06:47:12Z</time><speed>9.600</speed><sat>22</sat></trkpt>
  <trkpt lat="12.75366111" lon="77.80256754"><ele>796.661</ele><time>2026-02-23T06:47:13Z</time><speed>9.390</speed><sat>23</sat></trkpt>
  <trkpt lat="12.75359550" lon="77.80262532"><ele>797.640</ele><time>2026-02-23T06:47:14Z</time><speed>9.260</speed><sat>20</sat></trkpt>
  <trkpt lat="12.75352808" lon="77.80268499"><ele>797.088</ele><time>2026-02-23T06:47:15Z</time><speed>9.110</speed><sat>23</sat></trkpt>
  <trkpt lat="12.75346141" lon="77.80274760"><ele>797.212</ele><time>2026-02-23T06:47:16Z</time><speed>9.290</speed><sat>21</sat></trkpt>
  <trkpt lat="12.75339296" lon="77.80280786"><ele>796.204</ele><time>2026-02-23T06:47:17Z</time><speed>9.290</speed><sat>21</sat></trkpt>
  <trkpt lat="12.75332745" lon="77.80286316"><ele>796.496</ele><time>2026-02-23T06:47:18Z</time><speed>9.300</speed><sat>18</sat></trkpt>
  <trkpt lat="12.75326278" lon="77.80292027"><ele>796.883</ele><time>2026-02-23T06:47:19Z</time><speed>9.310</speed><sat>20</sat></trkpt>
  <trkpt lat="12.75319711" lon="77.80297567"><ele>796.422</ele><time>2026-02-23T06:47:20Z</time><speed>9.150</speed><sat>20</sat></trkpt>
  <trkpt lat="12.75313444" lon="77.80303276"><ele>796.514</ele><time>2026-02-23T06:47:21Z</time><speed>9.310</speed><sat>20</sat></trkpt>
  <trkpt lat="12.75307218" lon="77.80308902"><ele>796.861</ele><time>2026-02-23T06:47:22Z</time><speed>9.450</speed><sat>18</sat></trkpt>
  <trkpt lat="12.75300577" lon="77.80314152"><ele>797.273</ele><time>2026-02-23T06:47:23Z</time><speed>9.470</speed><sat>19</sat></trkpt>
  <trkpt lat="12.75294043" lon="77.80320224"><ele>797.141</ele><time>2026-02-23T06:47:24Z</time><speed>9.390</speed><sat>18</sat></trkpt>
  <trkpt lat="12.75287465" lon="77.80326168"><ele>795.714</ele><time>2026-02-23T06:47:25Z</time><speed>9.440</speed><sat>18</sat></trkpt>
  <trkpt lat="12.75281211" lon="77.80331941"><ele>795.573</ele><time>2026-02-23T06:47:26Z</time><speed>9.630</speed><sat>18</sat></trkpt>
  <trkpt lat="12.75273960" lon="77.80338050"><ele>796.099</ele><time>2026-02-23T06:47:27Z</time><speed>9.960</speed><sat>18</sat></trkpt>
  <trkpt lat="12.75267197" lon="77.80344236"><ele>796.118</ele><time>2026-02-23T06:47:28Z</time><speed>9.910</speed><sat>18</sat></trkpt>
  <trkpt lat="12.75260616" lon="77.80350120"><ele>796.220</ele><time>2026-02-23T06:47:29Z</time><speed>9.850</speed><sat>20</sat></trkpt>
  <trkpt lat="12.75253734" lon="77.80356552"><ele>796.644</ele><time>2026-02-23T06:47:30Z</time><speed>9.890</speed><sat>19</sat></trkpt>
  <trkpt lat="12.75246967" lon="77.80362392"><ele>797.228</ele><time>2026-02-23T06:47:31Z</time><speed>9.950</speed><sat>17</sat></trkpt>
  <trkpt lat="12.75240368" lon="77.80368482"><ele>796.932</ele><time>2026-02-23T06:47:32Z</time><speed>9.990</speed><sat>20</sat></trkpt>
  <trkpt lat="12.75233624" lon="77.80374695"><ele>797.470</ele><time>2026-02-23T06:47:33Z</time><speed>9.800</speed><sat>23</sat></trkpt>
  <trkpt lat="12.75226996" lon="77.80380356"><ele>797.459</ele><time>2026-02-23T06:47:34Z</time><speed>9.600</speed><sat>23</sat></trkpt>
  <trkpt lat="12.75220452" lon="77.80386540"><ele>797.209</ele><time>2026-02-23T06:47:35Z</time><speed>9.750</speed><sat>21</sat></trkpt>
  <trkpt lat="12.75213831" lon="77.80392203"><ele>797.816</ele><time>2026-02-23T06:47:36Z</time><speed>9.650</speed><sat>20</sat></trkpt>
  <trkpt lat="12.75207351" lon="77.80398353"><ele>797.993</ele><time>2026-02-23T06:47:37Z</time><speed>9.700</speed><sat>18</sat></trkpt>
  <trkpt lat="12.75200802" lon="77.80404176"><ele>798.257</ele><time>2026-02-23T06:47:38Z</time><speed>9.870</speed><sat>21</sat></trkpt>
  <trkpt lat="12.75194689" lon="77.80410269"><ele>798.462</ele><time>2026-02-23T06:47:39Z</time><speed>9.630</speed><sat>22</sat></trkpt>
  <trkpt lat="12.75188046" lon="77.80415986"><ele>798.288</ele><time>2026-02-23T06:47:40Z</time><speed>9.760</speed><sat>23</sat></trkpt>
  <trkpt lat="12.75181953" lon="77.80420964"><ele>798.101</ele><time>2026-02-23T06:47:41Z</time><speed>9.630</speed><sat>21</sat></trkpt>
  <trkpt lat="12.75175215" lon="77.80426926"><ele>798.105</ele><time>2026-02-23T06:47:42Z</time><speed>9.570</speed><sat>23</sat></trkpt>
  <trkpt lat="12.75168814" lon="77.80432283"><ele>798.244</ele><time>2026-02-23T06:47:43Z</time><speed>9.630</speed><sat>19</sat></trkpt>
  <trkpt lat="12.75161916" lon="77.80438064"><ele>799.013</ele><time>2026-02-23T06:47:44Z</time><speed>9.720</speed><sat>20</sat></trkpt>
  <trkpt lat="12.75154617" lon="77.80443941"><ele>799.738</ele><time>2026-02-23T06:47:45Z</time><speed>9.750</speed><sat>19</sat></trkpt>
  <trkpt lat="12.75148142" lon="77.80449650"><ele>800.195</ele><time>2026-02-23T06:47:46Z</time><speed>9.570</speed><sat>21</sat></trkpt>
  <trkpt lat="12.75141233" lon="77.80455860"><ele>801.092</ele><time>2026-02-23T06:47:47Z</time><speed>9.560</speed><sat>20</sat></trkpt>
  <trkpt lat="12.75134789" lon="77.80461750"><ele>801.359</ele><time>2026-02-23T06:47:48Z</time><speed>9.570</speed><sat>21</sat></trkpt>
  <trkpt lat="12.75128135" lon="77.80467813"><ele>802.278</ele><time>2026-02-23T06:47:49Z</time><speed>9.610</speed><sat>20</sat></trkpt>
  <trkpt lat="12.75122197" lon="77.80474194"><ele>802.713</ele><time>2026-02-23T06:47:50Z</time><speed>9.560</speed><sat>22</sat></trkpt>
  <trkpt lat="12.75115523" lon="77.80480513"><ele>802.609</ele><time>2026-02-23T06:47:51Z</time><speed>9.640</speed><sat>21</sat></trkpt>
  <trkpt lat="12.75109232" lon="77.80485770"><ele>803.031</ele><time>2026-02-23T06:47:52Z</time><speed>9.450</speed><sat>19</sat></trkpt>
  <trkpt lat="12.75102315" lon="77.80491534"><ele>803.144</ele><time>2026-02-23T06:47:53Z</time><speed>9.360</speed><sat>20</sat></trkpt>
  <trkpt lat="12.75096189" lon="77.80497353"><ele>802.240</ele><time>2026-02-23T06:47:54Z</time><speed>9.480</speed><sat>21</sat></trkpt>
  <trkpt lat="12.75089925" lon="77.80502923"><ele>802.938</ele><time>2026-02-23T06:47:55Z</time><speed>9.330</speed><sat>22</sat></trkpt>
  <trkpt lat="12.75083495" lon="77.80508855"><ele>803.632</ele><time>2026-02-23T06:47:56Z</time><speed>9.340</speed><sat>20</sat></trkpt>
  <trkpt lat="12.75076792" lon="77.80514776"><ele>804.348</ele><time>2026-02-23T06:47:57Z</time><speed>9.300</speed><sat>19</sat></trkpt>
  <trkpt lat="12.75071027" lon="77.80520383"><ele>803.964</ele><time>2026-02-23T06:47:58Z</time><speed>8.870</speed><sat>21</sat></trkpt>
  <trkpt lat="12.75065253" lon="77.80525255"><ele>803.709</ele><time>2026-02-23T06:47:59Z</time><speed>8.920</speed><sat>21</sat></trkpt>
  <trkpt lat="12.75059338" lon="77.80530482"><ele>804.029</ele><time>2026-02-23T06:48:00Z</time><speed>9.210</speed><sat>21</sat></trkpt>
  <trkpt lat="12.75053130" lon="77.80536229"><ele>804.908</ele><time>2026-02-23T06:48:01Z</time><speed>9.180</speed><sat>22</sat></trkpt>
  <trkpt lat="12.75047036" lon="77.80541021"><ele>804.841</ele><time>2026-02-23T06:48:02Z</time><speed>9.270</speed><sat>21</sat></trkpt>
  <trkpt lat="12.75039919" lon="77.80546469"><ele>804.450</ele><time>2026-02-23T06:48:03Z</time><speed>9.210</speed><sat>21</sat></trkpt>
  <trkpt lat="12.75034223" lon="77.80552270"><ele>804.084</ele><time>2026-02-23T06:48:04Z</time><speed>8.960</speed><sat>19</sat></trkpt>
  <trkpt lat="12.75028476" lon="77.80558132"><ele>803.699</ele><time>2026-02-23T06:48:05Z</time><speed>9.010</speed><sat>17</sat></trkpt>
  <trkpt lat="12.75022939" lon="77.80564437"><ele>803.327</ele><time>2026-02-23T06:48:06Z</time><speed>8.990</speed><sat>19</sat></trkpt>
  <trkpt lat="12.75016802" lon="77.80570711"><ele>803.249</ele><time>2026-02-23T06:48:07Z</time><speed>9.210</speed><sat>18</sat></trkpt>
  <trkpt lat="12.75011026" lon="77.80576734"><ele>803.162</ele><time>2026-02-23T06:48:08Z</time><speed>9.380</speed><sat>21</sat></trkpt>
  <trkpt lat="12.75005387" lon="77.80583032"><ele>803.114</ele><time>2026-02-23T06:48:09Z</time><speed>9.300</speed><sat>19</sat></trkpt>
  <trkpt lat="12.74999920" lon="77.80589445"><ele>802.635</ele><time>2026-02-23T06:48:10Z</time><speed>9.500</speed><sat>22</sat></trkpt>
  <trkpt lat="12.74994446" lon="77.80595895"><ele>802.079</ele><time>2026-02-23T06:48:11Z</time><speed>9.560</speed><sat>21</sat></trkpt>
  <trkpt lat="12.74988582" lon="77.80602215"><ele>801.777</ele><time>2026-02-23T06:48:12Z</time><speed>9.640</speed><sat>21</sat></trkpt>
  <trkpt lat="12.74983279" lon="77.80609599"><ele>801.798</ele><time>2026-02-23T06:48:13Z</time><speed>9.750</speed><sat>20</sat></trkpt>
  <trkpt lat="12.74978280" lon="77.80617133"><ele>802.003</ele><time>2026-02-23T06:48:14Z</time><speed>9.700</speed><sat>20</sat></trkpt>
  <trkpt lat="12.74973366" lon="77.80624431"><ele>801.261</ele><time>2026-02-23T06:48:15Z</time><speed>9.560</speed><sat>19</sat></trkpt>
  <trkpt lat="12.74967720" lon="77.80630941"><ele>801.562</ele><time>2026-02-23T06:48:16Z</time><speed>9.880</speed><sat>18</sat></trkpt>
  <trkpt lat="12.74962412" lon="77.80638464"><ele>801.489</ele><time>2026-02-23T06:48:17Z</time><speed>9.770</speed><sat>20</sat></trkpt>
  <trkpt lat="12.74957625" lon="77.80645912"><ele>802.386</ele><time>2026-02-23T06:48:18Z</time><speed>9.650</speed><sat>22</sat></trkpt>
  <trkpt lat="12.74953294" lon="77.80652649"><ele>801.253</ele><time>2026-02-23T06:48:19Z</time><speed>9.550</speed><sat>20</sat></trkpt>
  <trkpt lat="12.74948289" lon="77.80659429"><ele>801.291</ele><time>2026-02-23T06:48:20Z</time><speed>9.480</speed><sat>22</sat></trkpt>
  <trkpt lat="12.74943432" lon="77.80667348"><ele>801.178</ele><time>2026-02-23T06:48:21Z</time><speed>9.570</speed><sat>22</sat></trkpt>
  <trkpt lat="12.74938186" lon="77.80674050"><ele>801.322</ele><time>2026-02-23T06:48:22Z</time><speed>9.430</speed><sat>19</sat></trkpt>
  <trkpt lat="12.74932908" lon="77.80681689"><ele>801.654</ele><time>2026-02-23T06:48:23Z</time><speed>9.290</speed><sat>21</sat></trkpt>
  <trkpt lat="12.74928157" lon="77.80688565"><ele>801.676</ele><time>2026-02-23T06:48:24Z</time><speed>9.200</speed><sat>20</sat></trkpt>
  <trkpt lat="12.74923868" lon="77.80695662"><ele>801.807</ele><time>2026-02-23T06:48:25Z</time><speed>9.310</speed><sat>19</sat></trkpt>
  <trkpt lat="12.74919393" lon="77.80702775"><ele>801.822</ele><time>2026-02-23T06:48:26Z</time><speed>9.440</speed><sat>21</sat></trkpt>
  <trkpt lat="12.74914699" lon="77.80710201"><ele>802.004</ele><time>2026-02-23T06:48:27Z</time><speed>9.500</speed><sat>18</sat></trkpt>
  <trkpt lat="12.74909931" lon="77.80717293"><ele>802.158</ele><time>2026-02-23T06:48:28Z</time><speed>9.410</speed><sat>19</sat></trkpt>
  <trkpt lat="12.74905089" lon="77.80724987"><ele>802.135</ele><time>2026-02-23T06:48:29Z</time><speed>9.530</speed><sat>21</sat></trkpt>
  <trkpt lat="12.74900018" lon="77.80732704"><ele>802.021</ele><time>2026-02-23T06:48:30Z</time><speed>9.610</speed><sat>20</sat></trkpt>
  <trkpt lat="12.74895291" lon="77.80740120"><ele>802.222</ele><time>2026-02-23T06:48:31Z</time><speed>9.730</speed><sat>19</sat></trkpt>
  <trkpt lat="12.74889388" lon="77.80747530"><ele>801.575</ele><time>2026-02-23T06:48:32Z</time><speed>9.700</speed><sat>19</sat></trkpt>
  <trkpt lat="12.74884533" lon="77.80755032"><ele>801.272</ele><time>2026-02-23T06:48:33Z</time><speed>9.970</speed><sat>19</sat></trkpt>
  <trkpt lat="12.74880582" lon="77.80762740"><ele>801.082</ele><time>2026-02-23T06:48:34Z</time><speed>10.060</speed><sat>21</sat></trkpt>
  <trkpt lat="12.74875869" lon="77.80770632"><ele>800.554</ele><time>2026-02-23T06:48:35Z</time><speed>10.250</speed><sat>20</sat></trkpt>
  <trkpt lat="12.74871088" lon="77.80778304"><ele>799.263</ele><time>2026-02-23T06:48:36Z</time><speed>10.350</speed><sat>22</sat></trkpt>
  <trkpt lat="12.74866163" lon="77.80786069"><ele>799.848</ele><time>2026-02-23T06:48:37Z</time><speed>10.670</speed><sat>21</sat></trkpt>
  <trkpt lat="12.74861543" lon="77.80794583"><ele>799.665</ele><time>2026-02-23T06:48:38Z</time><speed>10.680</speed><sat>22</sat></trkpt>
  <trkpt lat="12.74857017" lon="77.80802820"><ele>798.873</ele><time>2026-02-23T06:48:39Z</time><speed>10.640</speed><sat>21</sat></trkpt>
  <trkpt lat="12.74852600" lon="77.80811457"><ele>798.858</ele><time>2026-02-23T06:48:40Z</time><speed>10.670</speed><sat>23</sat></trkpt>
  <trkpt lat="12.74848046" lon="77.80820197"><ele>798.792</ele><time>2026-02-23T06:48:41Z</time><speed>10.660</speed><sat>20</sat></trkpt>
  <trkpt lat="12.74843266" lon="77.80828875"><ele>798.688</ele><time>2026-02-23T06:48:42Z</time><speed>10.660</speed><sat>22</sat></trkpt>
  <trkpt lat="12.74838694" lon="77.80837932"><ele>798.889</ele><time>2026-02-23T06:48:43Z</time><speed>10.550</speed><sat>21</sat></trkpt>
  <trkpt lat="12.74835081" lon="77.80846681"><ele>799.025</ele><time>2026-02-23T06:48:44Z</time><speed>10.290</speed><sat>19</sat></trkpt>
  <trkpt lat="12.74831097" lon="77.80855511"><ele>798.574</ele><time>2026-02-23T06:48:45Z</time><speed>10.220</speed><sat>20</sat></trkpt>
  <trkpt lat="12.74827688" lon="77.80864273"><ele>798.674</ele><time>2026-02-23T06:48:46Z</time><speed>10.100</speed><sat>19</sat></trkpt>
  <trkpt lat="12.74824490" lon="77.80872766"><ele>799.242</ele><time>2026-02-23T06:48:47Z</time><speed>10.290</speed><sat>23</sat></trkpt>
  <trkpt lat="12.74821100" lon="77.80881458"><ele>799.434</ele><time>2026-02-23T06:48:48Z</time><speed>10.370</speed><sat>24</sat></trkpt>
  <trkpt lat="12.74817675" lon="77.80890587"><ele>798.793</ele><time>2026-02-23T06:48:49Z</time><speed>10.320</speed><sat>21</sat></trkpt>
  <trkpt lat="12.74814378" lon="77.80899424"><ele>799.056</ele><time>2026-02-23T06:48:50Z</time><speed>10.160</speed><sat>24</sat></trkpt>
  <trkpt lat="12.74811683" lon="77.80906964"><ele>797.908</ele><time>2026-02-23T06:48:51Z</time><speed>10.000</speed><sat>24</sat></trkpt>
  <trkpt lat="12.74808563" lon="77.80915308"><ele>798.013</ele><time>2026-02-23T06:48:52Z</time><speed>9.940</speed><sat>22</sat></trkpt>
  <trkpt lat="12.74805658" lon="77.80923907"><ele>797.916</ele><time>2026-02-23T06:48:53Z</time><speed>10.000</speed><sat>24</sat></trkpt>
  <trkpt lat="12.74802451" lon="77.80932298"><ele>797.091</ele><time>2026-02-23T06:48:54Z</time><speed>9.970</speed><sat>24</sat></trkpt>
  <trkpt lat="12.74799113" lon="77.80940152"><ele>795.876</ele><time>2026-02-23T06:48:55Z</time><speed>9.830</speed><sat>21</sat></trkpt>
  <trkpt lat="12.74796230" lon="77.80948904"><ele>795.856</ele><time>2026-02-23T06:48:56Z</time><speed>9.860</speed><sat>23</sat></trkpt>
  <trkpt lat="12.74793439" lon="77.80957663"><ele>795.974</ele><time>2026-02-23T06:48:57Z</time><speed>9.780</speed><sat>22</sat></trkpt>
  <trkpt lat="12.74790052" lon="77.80966544"><ele>796.330</ele><time>2026-02-23T06:48:58Z</time><speed>9.860</speed><sat>22</sat></trkpt>
  <trkpt lat="12.74786449" lon="77.80974868"><ele>796.280</ele><time>2026-02-23T06:48:59Z</time><speed>9.780</speed><sat>23</sat></trkpt>
  <trkpt lat="12.74783775" lon="77.80983128"><ele>796.067</ele><time>2026-02-23T06:49:00Z</time><speed>9.780</speed><sat>23</sat></trkpt>
  <trkpt lat="12.74780965" lon="77.80991780"><ele>795.632</ele><time>2026-02-23T06:49:01Z</time><speed>9.740</speed><sat>21</sat></trkpt>
  <trkpt lat="12.74778265" lon="77.81000317"><ele>795.546</ele><time>2026-02-23T06:49:02Z</time><speed>9.810</speed><sat>23</sat></trkpt>
  <trkpt lat="12.74775017" lon="77.81008781"><ele>795.232</ele><time>2026-02-23T06:49:03Z</time><speed>9.820</speed><sat>24</sat></trkpt>
  <trkpt lat="12.74771705" lon="77.81017385"><ele>795.280</ele><time>2026-02-23T06:49:04Z</time><speed>9.820</speed><sat>23</sat></trkpt>
  <trkpt lat="12.74768745" lon="77.81025835"><ele>794.672</ele><time>2026-02-23T06:49:05Z</time><speed>9.900</speed><sat>24</sat></trkpt>
  <trkpt lat="12.74765491" lon="77.81034540"><ele>794.232</ele><time>2026-02-23T06:49:06Z</time><speed>10.070</speed><sat>22</sat></trkpt>
  <trkpt lat="12.74762605" lon="77.81043498"><ele>793.856</ele><time>2026-02-23T06:49:07Z</time><speed>10.350</speed><sat>21</sat></trkpt>
  <trkpt lat="12.74759618" lon="77.81052847"><ele>793.654</ele><time>2026-02-23T06:49:08Z</time><speed>10.500</speed><sat>22</sat></trkpt>
  <trkpt lat="12.74755934" lon="77.81062390"><ele>793.313</ele><time>2026-02-23T06:49:09Z</time><speed>10.730</speed><sat>22</sat></trkpt>
  <trkpt lat="12.74752754" lon="77.81071470"><ele>793.186</ele><time>2026-02-23T06:49:10Z</time><speed>10.820</speed><sat>23</sat></trkpt>
  <trkpt lat="12.74749600" lon="77.81081200"><ele>793.146</ele><time>2026-02-23T06:49:11Z</time><speed>10.990</speed><sat>23</sat></trkpt>
  <trkpt lat="12.74746000" lon="77.81090913"><ele>792.469</ele><time>2026-02-23T06:49:12Z</time><speed>11.120</speed><sat>23</sat></trkpt>
  <trkpt lat="12.74742520" lon="77.81101027"><ele>791.752</ele><time>2026-02-23T06:49:13Z</time><speed>11.170</speed><sat>23</sat></trkpt>
  <trkpt lat="12.74739246" lon="77.81110689"><ele>791.229</ele><time>2026-02-23T06:49:14Z</time><speed>10.960</speed><sat>22</sat></trkpt>
  <trkpt lat="12.74736080" lon="77.81120055"><ele>790.604</ele><time>2026-02-23T06:49:15Z</time><speed>10.830</speed><sat>19</sat></trkpt>
  <trkpt lat="12.74732973" lon="77.81128501"><ele>789.669</ele><time>2026-02-23T06:49:16Z</time><speed>10.520</speed><sat>14</sat></trkpt>
  <trkpt lat="12.74730259" lon="77.81138408"><ele>789.968</ele><time>2026-02-23T06:49:17Z</time><speed>10.800</speed><sat>19</sat></trkpt>
  <trkpt lat="12.74726972" lon="77.81147328"><ele>789.728</ele><time>2026-02-23T06:49:18Z</time><speed>10.280</speed><sat>23</sat></trkpt>
  <trkpt lat="12.74723320" lon="77.81156526"><ele>789.758</ele><time>2026-02-23T06:49:19Z</time><speed>10.170</speed><sat>21</sat></trkpt>
  <trkpt lat="12.74720405" lon="77.81165303"><ele>788.998</ele><time>2026-02-23T06:49:20Z</time><speed>10.080</speed><sat>24</sat></trkpt>
  <trkpt lat="12.74717596" lon="77.81174268"><ele>788.403</ele><time>2026-02-23T06:49:21Z</time><speed>9.880</speed><sat>20</sat></trkpt>
  <trkpt lat="12.74714620" lon="77.81182494"><ele>788.116</ele><time>2026-02-23T06:49:22Z</time><speed>9.890</speed><sat>21</sat></trkpt>
  <trkpt lat="12.74711420" lon="77.81190584"><ele>786.825</ele><time>2026-02-23T06:49:23Z</time><speed>9.780</speed><sat>22</sat></trkpt>
  <trkpt lat="12.74708691" lon="77.81198895"><ele>786.278</ele><time>2026-02-23T06:49:24Z</time><speed>9.540</speed><sat>23</sat></trkpt>
  <trkpt lat="12.74706194" lon="77.81206087"><ele>785.687</ele><time>2026-02-23T06:49:25Z</time><speed>9.480</speed><sat>23</sat></trkpt>
  <trkpt lat="12.74703476" lon="77.81214518"><ele>785.301</ele><time>2026-02-23T06:49:26Z</time><speed>9.460</speed><sat>21</sat></trkpt>
  <trkpt lat="12.74700750" lon="77.81222925"><ele>784.605</ele><time>2026-02-23T06:49:27Z</time><speed>9.510</speed><sat>20</sat></trkpt>
  <trkpt lat="12.74697798" lon="77.81231243"><ele>784.263</ele><time>2026-02-23T06:49:28Z</time><speed>9.450</speed><sat>21</sat></trkpt>
  <trkpt lat="12.74694641" lon="77.81239518"><ele>783.519</ele><time>2026-02-23T06:49:29Z</time><speed>9.550</speed><sat>21</sat></trkpt>
  <trkpt lat="12.74691821" lon="77.81248108"><ele>783.281</ele><time>2026-02-23T06:49:30Z</time><speed>9.690</speed><sat>19</sat></trkpt>
  <trkpt lat="12.74688621" lon="77.81256866"><ele>783.314</ele><time>2026-02-23T06:49:31Z</time><speed>9.710</speed><sat>19</sat></trkpt>
  <trkpt lat="12.74684886" lon="77.81265176"><ele>782.183</ele><time>2026-02-23T06:49:32Z</time><speed>9.670</speed><sat>23</sat></trkpt>
  <trkpt lat="12.74681615" lon="77.81272933"><ele>781.711</ele><time>2026-02-23T06:49:33Z</time><speed>9.730</speed><sat>22</sat></trkpt>
  <trkpt lat="12.74678486" lon="77.81281458"><ele>781.599</ele><time>2026-02-23T06:49:34Z</time><speed>10.000</speed><sat>23</sat></trkpt>
  <trkpt lat="12.74675267" lon="77.81289864"><ele>780.350</ele><time>2026-02-23T06:49:35Z</time><speed>10.190</speed><sat>21</sat></trkpt>
  <trkpt lat="12.74671546" lon="77.81298871"><ele>780.128</ele><time>2026-02-23T06:49:36Z</time><speed>10.370</speed><sat>21</sat></trkpt>
  <trkpt lat="12.74667822" lon="77.81307473"><ele>779.500</ele><time>2026-02-23T06:49:37Z</time><speed>10.220</speed><sat>20</sat></trkpt>
  <trkpt lat="12.74664689" lon="77.81316413"><ele>779.090</ele><time>2026-02-23T06:49:38Z</time><speed>10.070</speed><sat>22</sat></trkpt>
  <trkpt lat="12.74661725" lon="77.81324603"><ele>778.431</ele><time>2026-02-23T06:49:39Z</time><speed>10.130</speed><sat>16</sat></trkpt>
  <trkpt lat="12.74658761" lon="77.81333076"><ele>778.003</ele><time>2026-02-23T06:49:40Z</time><speed>9.990</speed><sat>20</sat></trkpt>
  <trkpt lat="12.74655718" lon="77.81341717"><ele>778.276</ele><time>2026-02-23T06:49:41Z</time><speed>9.830</speed><sat>21</sat></trkpt>
  <trkpt lat="12.74652063" lon="77.81350769"><ele>778.116</ele><time>2026-02-23T06:49:42Z</time><speed>10.060</speed><sat>23</sat></trkpt>
  <trkpt lat="12.74648995" lon="77.81359845"><ele>778.308</ele><time>2026-02-23T06:49:43Z</time><speed>9.950</speed><sat>20</sat></trkpt>
  <trkpt lat="12.74645787" lon="77.81368773"><ele>778.970</ele><time>2026-02-23T06:49:44Z</time><speed>9.790</speed><sat>24</sat></trkpt>
  <trkpt lat="12.74642070" lon="77.81377410"><ele>778.795</ele><time>2026-02-23T06:49:45Z</time><speed>9.910</speed><sat>21</sat></trkpt>
  <trkpt lat="12.74638810" lon="77.81386288"><ele>778.747</ele><time>2026-02-23T06:49:46Z</time><speed>9.890</speed><sat>20</sat></trkpt>
  <trkpt lat="12.74635380" lon="77.81395099"><ele>778.844</ele><time>2026-02-23T06:49:47Z</time><speed>9.710</speed><sat>21</sat></trkpt>
  <trkpt lat="12.74631929" lon="77.81403621"><ele>778.420</ele><time>2026-02-23T06:49:48Z</time><speed>9.510</speed><sat>21</sat></trkpt>
  <trkpt lat="12.74629022" lon="77.81411720"><ele>778.121</ele><time>2026-02-23T06:49:49Z</time><speed>9.390</speed><sat>19</sat></trkpt>
  <trkpt lat="12.74626073" lon="77.81420109"><ele>778.131</ele><time>2026-02-23T06:49:50Z</time><speed>9.390</speed><sat>20</sat></trkpt>
  <trkpt lat="12.74623271" lon="77.81428016"><ele>777.868</ele><time>2026-02-23T06:49:51Z</time><speed>9.510</speed><sat>21</sat></trkpt>
  <trkpt lat="12.74619938" lon="77.81436071"><ele>777.428</ele><time>2026-02-23T06:49:52Z</time><speed>9.460</speed><sat>20</sat></trkpt>
  <trkpt lat="12.74616443" lon="77.81443993"><ele>777.403</ele><time>2026-02-23T06:49:53Z</time><speed>9.380</speed><sat>21</sat></trkpt>
  <trkpt lat="12.74613166" lon="77.81451990"><ele>777.328</ele><time>2026-02-23T06:49:54Z</time><speed>9.500</speed><sat>20</sat></trkpt>
  <trkpt lat="12.74610012" lon="77.81459666"><ele>777.377</ele><time>2026-02-23T06:49:55Z</time><speed>9.470</speed><sat>21</sat></trkpt>
  <trkpt lat="12.74606718" lon="77.81467357"><ele>777.477</ele><time>2026-02-23T06:49:56Z</time><speed>9.430</speed><sat>24</sat></trkpt>
  <trkpt lat="12.74602868" lon="77.81475140"><ele>777.194</ele><time>2026-02-23T06:49:57Z</time><speed>9.380</speed><sat>20</sat></trkpt>
  <trkpt lat="12.74599180" lon="77.81482824"><ele>777.168</ele><time>2026-02-23T06:49:58Z</time><speed>9.180</speed><sat>23</sat></trkpt>
  <trkpt lat="12.74595612" lon="77.81490372"><ele>777.460</ele><time>2026-02-23T06:49:59Z</time><speed>9.290</speed><sat>24</sat></trkpt>
  <trkpt lat="12.74591866" lon="77.81498046"><ele>777.428</ele><time>2026-02-23T06:50:00Z</time><speed>9.290</speed><sat>21</sat></trkpt>
  <trkpt lat="12.74587582" lon="77.81505597"><ele>777.549</ele><time>2026-02-23T06:50:01Z</time><speed>9.260</speed><sat>21</sat></trkpt>
  <trkpt lat="12.74583025" lon="77.81512896"><ele>778.048</ele><time>2026-02-23T06:50:02Z</time><speed>9.270</speed><sat>19</sat></trkpt>
  <trkpt lat="12.74578830" lon="77.81520504"><ele>778.311</ele><time>2026-02-23T06:50:03Z</time><speed>9.340</speed><sat>20</sat></trkpt>
  <trkpt lat="12.74574173" lon="77.81528443"><ele>778.343</ele><time>2026-02-23T06:50:04Z</time><speed>9.630</speed><sat>17</sat></trkpt>
  <trkpt lat="12.74569929" lon="77.81536328"><ele>778.088</ele><time>2026-02-23T06:50:05Z</time><speed>9.440</speed><sat>20</sat></trkpt>
  <trkpt lat="12.74565458" lon="77.81544016"><ele>778.642</ele><time>2026-02-23T06:50:06Z</time><speed>9.370</speed><sat>21</sat></trkpt>
  <trkpt lat="12.74561327" lon="77.81551119"><ele>778.086</ele><time>2026-02-23T06:50:07Z</time><speed>9.160</speed><sat>21</sat></trkpt>
  <trkpt lat="12.74557465" lon="77.81558077"><ele>778.000</ele><time>2026-02-23T06:50:08Z</time><speed>9.110</speed><sat>19</sat></trkpt>
  <trkpt lat="12.74552855" lon="77.81564961"><ele>777.668</ele><time>2026-02-23T06:50:09Z</time><speed>9.140</speed><sat>21</sat></trkpt>
  <trkpt lat="12.74548216" lon="77.81571905"><ele>778.228</ele><time>2026-02-23T06:50:10Z</time><speed>9.250</speed><sat>20</sat></trkpt>
  <trkpt lat="12.74543766" lon="77.81579612"><ele>778.529</ele><time>2026-02-23T06:50:11Z</time><speed>9.300</speed><sat>22</sat></trkpt>
  <trkpt lat="12.74539192" lon="77.81586914"><ele>778.364</ele><time>2026-02-23T06:50:12Z</time><speed>9.210</speed><sat>21</sat></trkpt>
  <trkpt lat="12.74534537" lon="77.81594340"><ele>778.276</ele><time>2026-02-23T06:50:13Z</time><speed>9.340</speed><sat>19</sat></trkpt>
  <trkpt lat="12.74529905" lon="77.81601602"><ele>778.706</ele><time>2026-02-23T06:50:14Z</time><speed>9.200</speed><sat>20</sat></trkpt>
  <trkpt lat="12.74525033" lon="77.81608835"><ele>778.562</ele><time>2026-02-23T06:50:15Z</time><speed>9.070</speed><sat>22</sat></trkpt>
  <trkpt lat="12.74520824" lon="77.81616261"><ele>778.796</ele><time>2026-02-23T06:50:16Z</time><speed>9.090</speed><sat>19</sat></trkpt>
  <trkpt lat="12.74516019" lon="77.81623322"><ele>778.364</ele><time>2026-02-23T06:50:17Z</time><speed>9.180</speed><sat>20</sat></trkpt>
  <trkpt lat="12.74511716" lon="77.81630025"><ele>778.315</ele><time>2026-02-23T06:50:18Z</time><speed>9.170</speed><sat>19</sat></trkpt>
  <trkpt lat="12.74507319" lon="77.81637394"><ele>778.450</ele><time>2026-02-23T06:50:19Z</time><speed>9.220</speed><sat>22</sat></trkpt>
  <trkpt lat="12.74502839" lon="77.81644294"><ele>778.692</ele><time>2026-02-23T06:50:20Z</time><speed>9.170</speed><sat>22</sat></trkpt>
  <trkpt lat="12.74497890" lon="77.81651176"><ele>779.081</ele><time>2026-02-23T06:50:21Z</time><speed>9.270</speed><sat>21</sat></trkpt>
  <trkpt lat="12.74492805" lon="77.81658092"><ele>779.434</ele><time>2026-02-23T06:50:22Z</time><speed>9.350</speed><sat>21</sat></trkpt>
  <trkpt lat="12.74487840" lon="77.81664664"><ele>779.215</ele><time>2026-02-23T06:50:23Z</time><speed>9.400</speed><sat>20</sat></trkpt>
  <trkpt lat="12.74482459" lon="77.81671324"><ele>778.501</ele><time>2026-02-23T06:50:24Z</time><speed>9.570</speed><sat>21</sat></trkpt>
  <trkpt lat="12.74477010" lon="77.81677596"><ele>777.918</ele><time>2026-02-23T06:50:25Z</time><speed>9.630</speed><sat>20</sat></trkpt>
  <trkpt lat="12.74470557" lon="77.81684572"><ele>778.034</ele><time>2026-02-23T06:50:26Z</time><speed>9.830</speed><sat>19</sat></trkpt>
  <trkpt lat="12.74464333" lon="77.81691279"><ele>778.222</ele><time>2026-02-23T06:50:27Z</time><speed>9.910</speed><sat>22</sat></trkpt>
  <trkpt lat="12.74458205" lon="77.81697851"><ele>777.755</ele><time>2026-02-23T06:50:28Z</time><speed>9.850</speed><sat>19</sat></trkpt>
  <trkpt lat="12.74451965" lon="77.81704142"><ele>777.567</ele><time>2026-02-23T06:50:29Z</time><speed>9.850</speed><sat>21</sat></trkpt>
  <trkpt lat="12.74445829" lon="77.81710155"><ele>777.203</ele><time>2026-02-23T06:50:30Z</time><speed>9.950</speed><sat>21</sat></trkpt>
  <trkpt lat="12.74439526" lon="77.81716490"><ele>776.860</ele><time>2026-02-23T06:50:31Z</time><speed>9.980</speed><sat>24</sat></trkpt>
  <trkpt lat="12.74432879" lon="77.81722687"><ele>776.625</ele><time>2026-02-23T06:50:32Z</time><speed>9.970</speed><sat>23</sat></trkpt>
  <trkpt lat="12.74426374" lon="77.81728939"><ele>776.975</ele><time>2026-02-23T06:50:33Z</time><speed>10.060</speed><sat>23</sat></trkpt>
  <trkpt lat="12.74419407" lon="77.81735746"><ele>777.306</ele><time>2026-02-23T06:50:34Z</time><speed>10.000</speed><sat>22</sat></trkpt>
  <trkpt lat="12.74412935" lon="77.81741801"><ele>776.968</ele><time>2026-02-23T06:50:35Z</time><speed>9.970</speed><sat>21</sat></trkpt>
  <trkpt lat="12.74405586" lon="77.81748259"><ele>777.549</ele><time>2026-02-23T06:50:36Z</time><speed>9.900</speed><sat>19</sat></trkpt>
  <trkpt lat="12.74398257" lon="77.81754487"><ele>777.284</ele><time>2026-02-23T06:50:37Z</time><speed>9.850</speed><sat>20</sat></trkpt>
  <trkpt lat="12.74391763" lon="77.81760543"><ele>777.359</ele><time>2026-02-23T06:50:38Z</time><speed>9.790</speed><sat>21</sat></trkpt>
  <trkpt lat="12.74384869" lon="77.81766276"><ele>777.448</ele><time>2026-02-23T06:50:39Z</time><speed>9.640</speed><sat>18</sat></trkpt>
  <trkpt lat="12.74378403" lon="77.81771859"><ele>777.858</ele><time>2026-02-23T06:50:40Z</time><speed>9.560</speed><sat>22</sat></trkpt>
  <trkpt lat="12.74371951" lon="77.81777352"><ele>778.043</ele><time>2026-02-23T06:50:41Z</time><speed>9.560</speed><sat>19</sat></trkpt>
  <trkpt lat="12.74365402" lon="77.81783157"><ele>778.119</ele><time>2026-02-23T06:50:42Z</time><speed>9.590</speed><sat>19</sat></trkpt>
  <trkpt lat="12.74358493" lon="77.81788358"><ele>777.999</ele><time>2026-02-23T06:50:43Z</time><speed>9.450</speed><sat>19</sat></trkpt>
  <trkpt lat="12.74352209" lon="77.81793160"><ele>777.964</ele><time>2026-02-23T06:50:44Z</time><speed>9.420</speed><sat>16</sat></trkpt>
  <trkpt lat="12.74345917" lon="77.81798657"><ele>778.296</ele><time>2026-02-23T06:50:45Z</time><speed>9.280</speed><sat>20</sat></trkpt>
  <trkpt lat="12.74339621" lon="77.81804313"><ele>778.365</ele><time>2026-02-23T06:50:46Z</time><speed>9.270</speed><sat>20</sat></trkpt>
  <trkpt lat="12.74333054" lon="77.81809187"><ele>778.370</ele><time>2026-02-23T06:50:47Z</time><speed>9.270</speed><sat>19</sat></trkpt>
  <trkpt lat="12.74325655" lon="77.81814235"><ele>778.717</ele><time>2026-02-23T06:50:48Z</time><speed>9.440</speed><sat>21</sat></trkpt>
  <trkpt lat="12.74318930" lon="77.81819872"><ele>779.232</ele><time>2026-02-23T06:50:49Z</time><speed>9.410</speed><sat>23</sat></trkpt>
  <trkpt lat="12.74311928" lon="77.81824907"><ele>780.115</ele><time>2026-02-23T06:50:50Z</time><speed>9.410</speed><sat>21</sat></trkpt>
  <trkpt lat="12.74305384" lon="77.81829747"><ele>779.899</ele><time>2026-02-23T06:50:51Z</time><speed>9.490</speed><sat>20</sat></trkpt>
  <trkpt lat="12.74298320" lon="77.81834985"><ele>780.931</ele><time>2026-02-23T06:50:52Z</time><speed>9.440</speed><sat>20</sat></trkpt>
  <trkpt lat="12.74291593" lon="77.81839831"><ele>781.000</ele><time>2026-02-23T06:50:53Z</time><speed>9.440</speed><sat>19</sat></trkpt>
  <trkpt lat="12.74284519" lon="77.81845448"><ele>782.365</ele><time>2026-02-23T06:50:54Z</time><speed>9.410</speed><sat>21</sat></trkpt>
  <trkpt lat="12.74278265" lon="77.81850565"><ele>783.645</ele><time>2026-02-23T06:50:55Z</time><speed>9.370</speed><sat>21</sat></trkpt>
  <trkpt lat="12.74271304" lon="77.81856354"><ele>783.769</ele><time>2026-02-23T06:50:56Z</time><speed>9.330</speed><sat>20</sat></trkpt>
  <trkpt lat="12.74264819" lon="77.81861243"><ele>783.994</ele><time>2026-02-23T06:50:57Z</time><speed>9.280</speed><sat>19</sat></trkpt>
  <trkpt lat="12.74258228" lon="77.81866168"><ele>783.955</ele><time>2026-02-23T06:50:58Z</time><speed>9.250</speed><sat>22</sat></trkpt>
  <trkpt lat="12.74251654" lon="77.81871667"><ele>783.990</ele><time>2026-02-23T06:50:59Z</time><speed>9.230</speed><sat>19</sat></trkpt>
  <trkpt lat="12.74245114" lon="77.81877166"><ele>785.198</ele><time>2026-02-23T06:51:00Z</time><speed>9.040</speed><sat>20</sat></trkpt>
  <trkpt lat="12.74238168" lon="77.81882181"><ele>786.003</ele><time>2026-02-23T06:51:01Z</time><speed>8.910</speed><sat>23</sat></trkpt>
  <trkpt lat="12.74232008" lon="77.81886626"><ele>786.752</ele><time>2026-02-23T06:51:02Z</time><speed>9.060</speed><sat>22</sat></trkpt>
  <trkpt lat="12.74225178" lon="77.81891895"><ele>787.965</ele><time>2026-02-23T06:51:03Z</time><speed>9.140</speed><sat>22</sat></trkpt>
  <trkpt lat="12.74218697" lon="77.81896896"><ele>788.212</ele><time>2026-02-23T06:51:04Z</time><speed>9.090</speed><sat>21</sat></trkpt>
  <trkpt lat="12.74212097" lon="77.81901824"><ele>788.065</ele><time>2026-02-23T06:51:05Z</time><speed>9.000</speed><sat>23</sat></trkpt>
  <trkpt lat="12.74205521" lon="77.81907044"><ele>788.318</ele><time>2026-02-23T06:51:06Z</time><speed>8.990</speed><sat>21</sat></trkpt>
  <trkpt lat="12.74199150" lon="77.81911809"><ele>788.794</ele><time>2026-02-23T06:51:07Z</time><speed>8.980</speed><sat>23</sat></trkpt>
  <trkpt lat="12.74192824" lon="77.81916334"><ele>788.627</ele><time>2026-02-23T06:51:08Z</time><speed>9.000</speed><sat>22</sat></trkpt>
  <trkpt lat="12.74186414" lon="77.81921564"><ele>788.785</ele><time>2026-02-23T06:51:09Z</time><speed>8.970</speed><sat>22</sat></trkpt>
  <trkpt lat="12.74179987" lon="77.81926400"><ele>789.299</ele><time>2026-02-23T06:51:10Z</time><speed>9.000</speed><sat>22</sat></trkpt>
  <trkpt lat="12.74173629" lon="77.81931713"><ele>789.608</ele><time>2026-02-23T06:51:11Z</time><speed>8.800</speed><sat>21</sat></trkpt>
  <trkpt lat="12.74166919" lon="77.81936717"><ele>789.904</ele><time>2026-02-23T06:51:12Z</time><speed>8.850</speed><sat>22</sat></trkpt>
  <trkpt lat="12.74160551" lon="77.81941385"><ele>790.622</ele><time>2026-02-23T06:51:13Z</time><speed>8.940</speed><sat>21</sat></trkpt>
  <trkpt lat="12.74154136" lon="77.81946084"><ele>790.647</ele><time>2026-02-23T06:51:14Z</time><speed>8.940</speed><sat>20</sat></trkpt>
  <trkpt lat="12.74147695" lon="77.81951188"><ele>791.067</ele><time>2026-02-23T06:51:15Z</time><speed>8.920</speed><sat>21</sat></trkpt>
  <trkpt lat="12.74140870" lon="77.81955693"><ele>791.483</ele><time>2026-02-23T06:51:16Z</time><speed>8.870</speed><sat>21</sat></trkpt>
  <trkpt lat="12.74134567" lon="77.81960827"><ele>792.394</ele><time>2026-02-23T06:51:17Z</time><speed>8.940</speed><sat>22</sat></trkpt>
  <trkpt lat="12.74128277" lon="77.81966276"><ele>793.369</ele><time>2026-02-23T06:51:18Z</time><speed>8.990</speed><sat>22</sat></trkpt>
  <trkpt lat="12.74121986" lon="77.81971195"><ele>793.087</ele><time>2026-02-23T06:51:19Z</time><speed>9.070</speed><sat>21</sat></trkpt>
  <trkpt lat="12.74115670" lon="77.81976791"><ele>794.152</ele><time>2026-02-23T06:51:20Z</time><speed>9.110</speed><sat>22</sat></trkpt>
  <trkpt lat="12.74108916" lon="77.81981921"><ele>794.604</ele><time>2026-02-23T06:51:21Z</time><speed>9.300</speed><sat>23</sat></trkpt>
  <trkpt lat="12.74102065" lon="77.81987098"><ele>795.091</ele><time>2026-02-23T06:51:22Z</time><speed>9.470</speed><sat>22</sat></trkpt>
  <trkpt lat="12.74095277" lon="77.81992205"><ele>795.367</ele><time>2026-02-23T06:51:23Z</time><speed>9.530</speed><sat>20</sat></trkpt>
  <trkpt lat="12.74088348" lon="77.81997333"><ele>795.855</ele><time>2026-02-23T06:51:24Z</time><speed>9.440</speed><sat>23</sat></trkpt>
  <trkpt lat="12.74080981" lon="77.82002401"><ele>795.774</ele><time>2026-02-23T06:51:25Z</time><speed>9.420</speed><sat>22</sat></trkpt>
  <trkpt lat="12.74074505" lon="77.82007833"><ele>795.780</ele><time>2026-02-23T06:51:26Z</time><speed>9.300</speed><sat>23</sat></trkpt>
  <trkpt lat="12.74068386" lon="77.82012993"><ele>795.407</ele><time>2026-02-23T06:51:27Z</time><speed>8.920</speed><sat>20</sat></trkpt>
  <trkpt lat="12.74062812" lon="77.82017630"><ele>796.217</ele><time>2026-02-23T06:51:28Z</time><speed>8.880</speed><sat>20</sat></trkpt>
  <trkpt lat="12.74057145" lon="77.82022356"><ele>796.083</ele><time>2026-02-23T06:51:29Z</time><speed>8.880</speed><sat>21</sat></trkpt>
  <trkpt lat="12.74050399" lon="77.82027633"><ele>795.492</ele><time>2026-02-23T06:51:30Z</time><speed>8.970</speed><sat>21</sat></trkpt>
  <trkpt lat="12.74043912" lon="77.82032487"><ele>795.823</ele><time>2026-02-23T06:51:31Z</time><speed>9.160</speed><sat>24</sat></trkpt>
  <trkpt lat="12.74037133" lon="77.82037971"><ele>796.467</ele><time>2026-02-23T06:51:32Z</time><speed>9.090</speed><sat>19</sat></trkpt>
  <trkpt lat="12.74030851" lon="77.82042991"><ele>796.721</ele><time>2026-02-23T06:51:33Z</time><speed>9.100</speed><sat>23</sat></trkpt>
  <trkpt lat="12.74024195" lon="77.82047997"><ele>796.587</ele><time>2026-02-23T06:51:34Z</time><speed>9.010</speed><sat>22</sat></trkpt>
  <trkpt lat="12.74017376" lon="77.82052869"><ele>795.728</ele><time>2026-02-23T06:51:35Z</time><speed>8.870</speed><sat>17</sat></trkpt>
  <trkpt lat="12.74010438" lon="77.82057928"><ele>795.865</ele><time>2026-02-23T06:51:36Z</time><speed>9.250</speed><sat>21</sat></trkpt>
  <trkpt lat="12.74003162" lon="77.82062617"><ele>795.539</ele><time>2026-02-23T06:51:37Z</time><speed>9.460</speed><sat>24</sat></trkpt>
  <trkpt lat="12.73996243" lon="77.82067387"><ele>795.619</ele><time>2026-02-23T06:51:38Z</time><speed>9.350</speed><sat>21</sat></trkpt>
  <trkpt lat="12.73988920" lon="77.82072089"><ele>796.364</ele><time>2026-02-23T06:51:39Z</time><speed>9.510</speed><sat>21</sat></trkpt>
  <trkpt lat="12.73981707" lon="77.82077599"><ele>796.368</ele><time>2026-02-23T06:51:40Z</time><speed>9.610</speed><sat>21</sat></trkpt>
  <trkpt lat="12.73975004" lon="77.82082580"><ele>795.855</ele><time>2026-02-23T06:51:41Z</time><speed>9.740</speed><sat>20</sat></trkpt>
  <trkpt lat="12.73968501" lon="77.82087911"><ele>795.438</ele><time>2026-02-23T06:51:42Z</time><speed>9.840</speed><sat>18</sat></trkpt>
  <trkpt lat="12.73961794" lon="77.82093019"><ele>795.604</ele><time>2026-02-23T06:51:43Z</time><speed>9.830</speed><sat>20</sat></trkpt>
  <trkpt lat="12.73955034" lon="77.82098427"><ele>795.439</ele><time>2026-02-23T06:51:44Z</time><speed>9.850</speed><sat>22</sat></trkpt>
  <trkpt lat="12.73948063" lon="77.82104003"><ele>795.158</ele><time>2026-02-23T06:51:45Z</time><speed>9.990</speed><sat>23</sat></trkpt>
  <trkpt lat="12.73940620" lon="77.82109748"><ele>795.082</ele><time>2026-02-23T06:51:46Z</time><speed>10.000</speed><sat>19</sat></trkpt>
  <trkpt lat="12.73933719" lon="77.82115489"><ele>794.324</ele><time>2026-02-23T06:51:47Z</time><speed>10.000</speed><sat>21</sat></trkpt>
  <trkpt lat="12.73926987" lon="77.82121377"><ele>793.942</ele><time>2026-02-23T06:51:48Z</time><speed>10.010</speed><sat>23</sat></trkpt>
  <trkpt lat="12.73920333" lon="77.82127216"><ele>793.687</ele><time>2026-02-23T06:51:49Z</time><speed>9.960</speed><sat>24</sat></trkpt>
  <trkpt lat="12.73913445" lon="77.82133742"><ele>793.695</ele><time>2026-02-23T06:51:50Z</time><speed>10.200</speed><sat>21</sat></trkpt>
  <trkpt lat="12.73906636" lon="77.82139108"><ele>792.903</ele><time>2026-02-23T06:51:51Z</time><speed>10.140</speed><sat>22</sat></trkpt>
  <trkpt lat="12.73899953" lon="77.82145283"><ele>792.230</ele><time>2026-02-23T06:51:52Z</time><speed>10.150</speed><sat>21</sat></trkpt>
  <trkpt lat="12.73893022" lon="77.82151969"><ele>793.000</ele><time>2026-02-23T06:51:53Z</time><speed>10.080</speed><sat>21</sat></trkpt>
  <trkpt lat="12.73887069" lon="77.82158265"><ele>792.124</ele><time>2026-02-23T06:51:54Z</time><speed>9.960</speed><sat>24</sat></trkpt>
  <trkpt lat="12.73880608" lon="77.82165023"><ele>792.545</ele><time>2026-02-23T06:51:55Z</time><speed>9.850</speed><sat>24</sat></trkpt>
  <trkpt lat="12.73874363" lon="77.82172126"><ele>792.776</ele><time>2026-02-23T06:51:56Z</time><speed>9.710</speed><sat>22</sat></trkpt>
  <trkpt lat="12.73868331" lon="77.82179179"><ele>792.610</ele><time>2026-02-23T06:51:57Z</time><speed>9.750</speed><sat>23</sat></trkpt>
  <trkpt lat="12.73862542" lon="77.82186034"><ele>792.968</ele><time>2026-02-23T06:51:58Z</time><speed>9.570</speed><sat>21</sat></trkpt>
  <trkpt lat="12.73857269" lon="77.82192505"><ele>792.808</ele><time>2026-02-23T06:51:59Z</time><speed>9.530</speed><sat>22</sat></trkpt>
  <trkpt lat="12.73851748" lon="77.82198962"><ele>793.068</ele><time>2026-02-23T06:52:00Z</time><speed>9.330</speed><sat>19</sat></trkpt>
  <trkpt lat="12.73846505" lon="77.82205180"><ele>792.805</ele><time>2026-02-23T06:52:01Z</time><speed>9.210</speed><sat>22</sat></trkpt>
  <trkpt lat="12.73840937" lon="77.82212004"><ele>793.205</ele><time>2026-02-23T06:52:02Z</time><speed>9.230</speed><sat>20</sat></trkpt>
  <trkpt lat="12.73834910" lon="77.82218896"><ele>793.134</ele><time>2026-02-23T06:52:03Z</time><speed>9.330</speed><sat>21</sat></trkpt>
  <trkpt lat="12.73829406" lon="77.82225901"><ele>793.048</ele><time>2026-02-23T06:52:04Z</time><speed>9.350</speed><sat>19</sat></trkpt>
  <trkpt lat="12.73823873" lon="77.82232465"><ele>791.749</ele><time>2026-02-23T06:52:05Z</time><speed>9.440</speed><sat>19</sat></trkpt>
  <trkpt lat="12.73818444" lon="77.82239220"><ele>791.692</ele><time>2026-02-23T06:52:06Z</time><speed>9.460</speed><sat>21</sat></trkpt>
  <trkpt lat="12.73813390" lon="77.82246006"><ele>791.931</ele><time>2026-02-23T06:52:07Z</time><speed>9.470</speed><sat>19</sat></trkpt>
  <trkpt lat="12.73807958" lon="77.82252950"><ele>791.877</ele><time>2026-02-23T06:52:08Z</time><speed>9.550</speed><sat>20</sat></trkpt>
  <trkpt lat="12.73802159" lon="77.82259697"><ele>792.264</ele><time>2026-02-23T06:52:09Z</time><speed>9.560</speed><sat>18</sat></trkpt>
  <trkpt lat="12.73796922" lon="77.82267180"><ele>792.565</ele><time>2026-02-23T06:52:10Z</time><speed>9.630</speed><sat>20</sat></trkpt>
  <trkpt lat="12.73791385" lon="77.82273869"><ele>792.908</ele><time>2026-02-23T06:52:11Z</time><speed>9.650</speed><sat>20</sat></trkpt>
  <trkpt lat="12.73785942" lon="77.82280754"><ele>793.016</ele><time>2026-02-23T06:52:12Z</time><speed>9.690</speed><sat>20</sat></trkpt>
  <trkpt lat="12.73780430" lon="77.82287906"><ele>793.244</ele><time>2026-02-23T06:52:13Z</time><speed>9.430</speed><sat>21</sat></trkpt>
  <trkpt lat="12.73775289" lon="77.82294831"><ele>793.278</ele><time>2026-02-23T06:52:14Z</time><speed>9.240</speed><sat>20</sat></trkpt>
  <trkpt lat="12.73769925" lon="77.82301430"><ele>793.902</ele><time>2026-02-23T06:52:15Z</time><speed>9.100</speed><sat>18</sat></trkpt>
  <trkpt lat="12.73764846" lon="77.82308130"><ele>793.798</ele><time>2026-02-23T06:52:16Z</time><speed>9.250</speed><sat>19</sat></trkpt>
  <trkpt lat="12.73759989" lon="77.82314731"><ele>793.608</ele><time>2026-02-23T06:52:17Z</time><speed>9.220</speed><sat>20</sat></trkpt>
  <trkpt lat="12.73754113" lon="77.82321317"><ele>794.372</ele><time>2026-02-23T06:52:18Z</time><speed>9.210</speed><sat>21</sat></trkpt>
  <trkpt lat="12.73748830" lon="77.82327631"><ele>794.135</ele><time>2026-02-23T06:52:19Z</time><speed>9.260</speed><sat>20</sat></trkpt>
  <trkpt lat="12.73743465" lon="77.82334504"><ele>793.729</ele><time>2026-02-23T06:52:20Z</time><speed>9.260</speed><sat>20</sat></trkpt>
  <trkpt lat="12.73738644" lon="77.82340984"><ele>793.633</ele><time>2026-02-23T06:52:21Z</time><speed>9.570</speed><sat>18</sat></trkpt>
  <trkpt lat="12.73733771" lon="77.82348313"><ele>793.805</ele><time>2026-02-23T06:52:22Z</time><speed>9.650</speed><sat>19</sat></trkpt>
  <trkpt lat="12.73728825" lon="77.82355664"><ele>793.090</ele><time>2026-02-23T06:52:23Z</time><speed>9.620</speed><sat>20</sat></trkpt>
  <trkpt lat="12.73723713" lon="77.82363198"><ele>792.527</ele><time>2026-02-23T06:52:24Z</time><speed>9.530</speed><sat>19</sat></trkpt>
  <trkpt lat="12.73718169" lon="77.82369443"><ele>792.762</ele><time>2026-02-23T06:52:25Z</time><speed>9.270</speed><sat>22</sat></trkpt>
  <trkpt lat="12.73713705" lon="77.82376370"><ele>792.890</ele><time>2026-02-23T06:52:26Z</time><speed>9.320</speed><sat>18</sat></trkpt>
  <trkpt lat="12.73708658" lon="77.82383850"><ele>792.986</ele><time>2026-02-23T06:52:27Z</time><speed>9.310</speed><sat>18</sat></trkpt>
  <trkpt lat="12.73704303" lon="77.82391569"><ele>792.961</ele><time>2026-02-23T06:52:28Z</time><speed>9.290</speed><sat>21</sat></trkpt>
  <trkpt lat="12.73700139" lon="77.82398537"><ele>793.263</ele><time>2026-02-23T06:52:29Z</time><speed>9.200</speed><sat>22</sat></trkpt>
  <trkpt lat="12.73696247" lon="77.82406274"><ele>793.606</ele><time>2026-02-23T06:52:30Z</time><speed>9.250</speed><sat>23</sat></trkpt>
  <trkpt lat="12.73692412" lon="77.82413786"><ele>794.272</ele><time>2026-02-23T06:52:31Z</time><speed>9.380</speed><sat>21</sat></trkpt>
  <trkpt lat="12.73688156" lon="77.82421571"><ele>794.395</ele><time>2026-02-23T06:52:32Z</time><speed>9.500</speed><sat>23</sat></trkpt>
  <trkpt lat="12.73683851" lon="77.82428981"><ele>794.697</ele><time>2026-02-23T06:52:33Z</time><speed>9.430</speed><sat>23</sat></trkpt>
  <trkpt lat="12.73679858" lon="77.82436598"><ele>794.719</ele><time>2026-02-23T06:52:34Z</time><speed>9.470</speed><sat>20</sat></trkpt>
  <trkpt lat="12.73675638" lon="77.82444654"><ele>794.686</ele><time>2026-02-23T06:52:35Z</time><speed>9.610</speed><sat>23</sat></trkpt>
  <trkpt lat="12.73672133" lon="77.82452427"><ele>794.890</ele><time>2026-02-23T06:52:36Z</time><speed>9.570</speed><sat>21</sat></trkpt>
  <trkpt lat="12.73668820" lon="77.82460380"><ele>795.254</ele><time>2026-02-23T06:52:37Z</time><speed>9.470</speed><sat>22</sat></trkpt>
  <trkpt lat="12.73665292" lon="77.82468873"><ele>795.334</ele><time>2026-02-23T06:52:38Z</time><speed>9.490</speed><sat>21</sat></trkpt>
  <trkpt lat="12.73662365" lon="77.82476572"><ele>794.832</ele><time>2026-02-23T06:52:39Z</time><speed>9.470</speed><sat>22</sat></trkpt>
  <trkpt lat="12.73659138" lon="77.82484670"><ele>795.383</ele><time>2026-02-23T06:52:40Z</time><speed>9.300</speed><sat>22</sat></trkpt>
  <trkpt lat="12.73655638" lon="77.82492692"><ele>795.081</ele><time>2026-02-23T06:52:41Z</time><speed>9.380</speed><sat>21</sat></trkpt>
  <trkpt lat="12.73652145" lon="77.82500762"><ele>794.542</ele><time>2026-02-23T06:52:42Z</time><speed>9.370</speed><sat>21</sat></trkpt>
  <trkpt lat="12.73648725" lon="77.82508924"><ele>793.741</ele><time>2026-02-23T06:52:43Z</time><speed>9.450</speed><sat>21</sat></trkpt>
  <trkpt lat="12.73645664" lon="77.82517180"><ele>793.746</ele><time>2026-02-23T06:52:44Z</time><speed>9.520</speed><sat>20</sat></trkpt>
  <trkpt lat="12.73642765" lon="77.82525353"><ele>793.954</ele><time>2026-02-23T06:52:45Z</time><speed>9.430</speed><sat>21</sat></trkpt>
  <trkpt lat="12.73639968" lon="77.82533559"><ele>794.192</ele><time>2026-02-23T06:52:46Z</time><speed>9.430</speed><sat>21</sat></trkpt>
  <trkpt lat="12.73637967" lon="77.82542281"><ele>794.489</ele><time>2026-02-23T06:52:47Z</time><speed>9.740</speed><sat>20</sat></trkpt>
  <trkpt lat="12.73635245" lon="77.82550933"><ele>794.535</ele><time>2026-02-23T06:52:48Z</time><speed>9.560</speed><sat>21</sat></trkpt>
  <trkpt lat="12.73633164" lon="77.82558777"><ele>794.464</ele><time>2026-02-23T06:52:49Z</time><speed>9.520</speed><sat>23</sat></trkpt>
  <trkpt lat="12.73630111" lon="77.82568479"><ele>794.384</ele><time>2026-02-23T06:52:50Z</time><speed>9.650</speed><sat>16</sat></trkpt>
  <trkpt lat="12.73627612" lon="77.82576966"><ele>794.541</ele><time>2026-02-23T06:52:51Z</time><speed>9.620</speed><sat>16</sat></trkpt>
  <trkpt lat="12.73624632" lon="77.82584647"><ele>794.162</ele><time>2026-02-23T06:52:52Z</time><speed>9.490</speed><sat>17</sat></trkpt>
  <trkpt lat="12.73622635" lon="77.82593524"><ele>794.050</ele><time>2026-02-23T06:52:53Z</time><speed>9.510</speed><sat>18</sat></trkpt>
  <trkpt lat="12.73620442" lon="77.82602264"><ele>793.332</ele><time>2026-02-23T06:52:54Z</time><speed>9.710</speed><sat>17</sat></trkpt>
  <trkpt lat="12.73618073" lon="77.82610876"><ele>793.360</ele><time>2026-02-23T06:52:55Z</time><speed>9.710</speed><sat>17</sat></trkpt>
  <trkpt lat="12.73615979" lon="77.82619313"><ele>794.297</ele><time>2026-02-23T06:52:56Z</time><speed>9.740</speed><sat>18</sat></trkpt>
  <trkpt lat="12.73613749" lon="77.82626971"><ele>794.601</ele><time>2026-02-23T06:52:57Z</time><speed>9.990</speed><sat>16</sat></trkpt>
  <trkpt lat="12.73611342" lon="77.82636045"><ele>795.382</ele><time>2026-02-23T06:52:58Z</time><speed>10.010</speed><sat>11</sat></trkpt>
  <trkpt lat="12.73608692" lon="77.82645138"><ele>796.234</ele><time>2026-02-23T06:52:59Z</time><speed>10.100</speed><sat>14</sat></trkpt>
  <trkpt lat="12.73605999" lon="77.82654016"><ele>795.612</ele><time>2026-02-23T06:53:00Z</time><speed>10.150</speed><sat>11</sat></trkpt>
  <trkpt lat="12.73603433" lon="77.82662988"><ele>795.639</ele><time>2026-02-23T06:53:01Z</time><speed>10.140</speed><sat>11</sat></trkpt>
  <trkpt lat="12.73601673" lon="77.82671725"><ele>794.890</ele><time>2026-02-23T06:53:02Z</time><speed>10.280</speed><sat>12</sat></trkpt>
  <trkpt lat="12.73599560" lon="77.82680652"><ele>794.888</ele><time>2026-02-23T06:53:03Z</time><speed>10.060</speed><sat>17</sat></trkpt>
  <trkpt lat="12.73596859" lon="77.82689217"><ele>795.268</ele><time>2026-02-23T06:53:04Z</time><speed>10.130</speed><sat>17</sat></trkpt>
  <trkpt lat="12.73594033" lon="77.82698342"><ele>795.419</ele><time>2026-02-23T06:53:05Z</time><speed>9.660</speed><sat>21</sat></trkpt>
  <trkpt lat="12.73591464" lon="77.82707827"><ele>795.113</ele><time>2026-02-23T06:53:06Z</time><speed>11.240</speed><sat>21</sat></trkpt>
  <trkpt lat="12.73588154" lon="77.82716671"><ele>795.996</ele><time>2026-02-23T06:53:07Z</time><speed>9.960</speed><sat>17</sat></trkpt>
  <trkpt lat="12.73585898" lon="77.82726421"><ele>796.143</ele><time>2026-02-23T06:53:08Z</time><speed>9.870</speed><sat>19</sat></trkpt>
  <trkpt lat="12.73583869" lon="77.82735252"><ele>795.903</ele><time>2026-02-23T06:53:09Z</time><speed>9.680</speed><sat>23</sat></trkpt>
  <trkpt lat="12.73581748" lon="77.82744568"><ele>795.507</ele><time>2026-02-23T06:53:10Z</time><speed>10.030</speed><sat>21</sat></trkpt>
  <trkpt lat="12.73579533" lon="77.82753424"><ele>795.444</ele><time>2026-02-23T06:53:11Z</time><speed>10.070</speed><sat>22</sat></trkpt>
  <trkpt lat="12.73577084" lon="77.82762238"><ele>795.524</ele><time>2026-02-23T06:53:12Z</time><speed>9.950</speed><sat>20</sat></trkpt>
  <trkpt lat="12.73574798" lon="77.82771539"><ele>795.811</ele><time>2026-02-23T06:53:13Z</time><speed>10.210</speed><sat>17</sat></trkpt>
  <trkpt lat="12.73571963" lon="77.82780459"><ele>796.278</ele><time>2026-02-23T06:53:14Z</time><speed>10.070</speed><sat>18</sat></trkpt>
  <trkpt lat="12.73569696" lon="77.82789615"><ele>795.740</ele><time>2026-02-23T06:53:15Z</time><speed>10.100</speed><sat>19</sat></trkpt>
  <trkpt lat="12.73567234" lon="77.82798635"><ele>796.207</ele><time>2026-02-23T06:53:16Z</time><speed>10.050</speed><sat>16</sat></trkpt>
  <trkpt lat="12.73564523" lon="77.82807592"><ele>796.541</ele><time>2026-02-23T06:53:17Z</time><speed>9.980</speed><sat>18</sat></trkpt>
  <trkpt lat="12.73562037" lon="77.82816312"><ele>797.072</ele><time>2026-02-23T06:53:18Z</time><speed>10.110</speed><sat>20</sat></trkpt>
  <trkpt lat="12.73559615" lon="77.82825175"><ele>796.982</ele><time>2026-02-23T06:53:19Z</time><speed>10.080</speed><sat>20</sat></trkpt>
  <trkpt lat="12.73557132" lon="77.82833853"><ele>797.074</ele><time>2026-02-23T06:53:20Z</time><speed>9.980</speed><sat>23</sat></trkpt>
  <trkpt lat="12.73554332" lon="77.82842437"><ele>797.749</ele><time>2026-02-23T06:53:21Z</time><speed>9.940</speed><sat>21</sat></trkpt>
  <trkpt lat="12.73551923" lon="77.82851423"><ele>797.876</ele><time>2026-02-23T06:53:22Z</time><speed>10.070</speed><sat>20</sat></trkpt>
  <trkpt lat="12.73548722" lon="77.82859920"><ele>797.449</ele><time>2026-02-23T06:53:23Z</time><speed>9.810</speed><sat>19</sat></trkpt>
  <trkpt lat="12.73546655" lon="77.82869057"><ele>797.543</ele><time>2026-02-23T06:53:24Z</time><speed>9.670</speed><sat>19</sat></trkpt>
  <trkpt lat="12.73544169" lon="77.82878063"><ele>797.757</ele><time>2026-02-23T06:53:25Z</time><speed>9.770</speed><sat>20</sat></trkpt>
  <trkpt lat="12.73541446" lon="77.82886525"><ele>797.760</ele><time>2026-02-23T06:53:26Z</time><speed>9.700</speed><sat>21</sat></trkpt>
  <trkpt lat="12.73539292" lon="77.82895163"><ele>797.300</ele><time>2026-02-23T06:53:27Z</time><speed>9.690</speed><sat>21</sat></trkpt>
  <trkpt lat="12.73536951" lon="77.82904015"><ele>796.969</ele><time>2026-02-23T06:53:28Z</time><speed>9.780</speed><sat>20</sat></trkpt>
  <trkpt lat="12.73533763" lon="77.82912437"><ele>797.223</ele><time>2026-02-23T06:53:29Z</time><speed>9.750</speed><sat>20</sat></trkpt>
  <trkpt lat="12.73531363" lon="77.82920707"><ele>797.060</ele><time>2026-02-23T06:53:30Z</time><speed>9.680</speed><sat>20</sat></trkpt>
  <trkpt lat="12.73528585" lon="77.82929345"><ele>797.250</ele><time>2026-02-23T06:53:31Z</time><speed>9.650</speed><sat>22</sat></trkpt>
  <trkpt lat="12.73525726" lon="77.82938004"><ele>797.019</ele><time>2026-02-23T06:53:32Z</time><speed>9.810</speed><sat>18</sat></trkpt>
  <trkpt lat="12.73522570" lon="77.82946729"><ele>796.465</ele><time>2026-02-23T06:53:33Z</time><speed>9.720</speed><sat>20</sat></trkpt>
  <trkpt lat="12.73519410" lon="77.82955295"><ele>796.705</ele><time>2026-02-23T06:53:34Z</time><speed>9.620</speed><sat>20</sat></trkpt>
  <trkpt lat="12.73516171" lon="77.82963156"><ele>796.643</ele><time>2026-02-23T06:53:35Z</time><speed>9.690</speed><sat>22</sat></trkpt>
  <trkpt lat="12.73512708" lon="77.82971330"><ele>797.043</ele><time>2026-02-23T06:53:36Z</time><speed>9.550</speed><sat>20</sat></trkpt>
  <trkpt lat="12.73510026" lon="77.82979207"><ele>797.442</ele><time>2026-02-23T06:53:37Z</time><speed>9.630</speed><sat>22</sat></trkpt>
  <trkpt lat="12.73507033" lon="77.82987566"><ele>797.411</ele><time>2026-02-23T06:53:38Z</time><speed>9.790</speed><sat>22</sat></trkpt>
  <trkpt lat="12.73504424" lon="77.82995860"><ele>796.666</ele><time>2026-02-23T06:53:39Z</time><speed>9.800</speed><sat>18</sat></trkpt>
  <trkpt lat="12.73501662" lon="77.83004646"><ele>796.530</ele><time>2026-02-23T06:53:40Z</time><speed>9.870</speed><sat>22</sat></trkpt>
  <trkpt lat="12.73498906" lon="77.83013216"><ele>795.985</ele><time>2026-02-23T06:53:41Z</time><speed>9.920</speed><sat>21</sat></trkpt>
  <trkpt lat="12.73496078" lon="77.83021763"><ele>795.235</ele><time>2026-02-23T06:53:42Z</time><speed>9.800</speed><sat>17</sat></trkpt>
  <trkpt lat="12.73493105" lon="77.83029847"><ele>795.059</ele><time>2026-02-23T06:53:43Z</time><speed>9.770</speed><sat>21</sat></trkpt>
  <trkpt lat="12.73489499" lon="77.83038370"><ele>794.738</ele><time>2026-02-23T06:53:44Z</time><speed>9.840</speed><sat>17</sat></trkpt>
  <trkpt lat="12.73486122" lon="77.83047045"><ele>794.980</ele><time>2026-02-23T06:53:45Z</time><speed>9.990</speed><sat>21</sat></trkpt>
  <trkpt lat="12.73481995" lon="77.83055192"><ele>795.488</ele><time>2026-02-23T06:53:46Z</time><speed>9.970</speed><sat>21</sat></trkpt>
  <trkpt lat="12.73478070" lon="77.83063047"><ele>795.423</ele><time>2026-02-23T06:53:47Z</time><speed>10.170</speed><sat>22</sat></trkpt>
  <trkpt lat="12.73474410" lon="77.83071586"><ele>795.555</ele><time>2026-02-23T06:53:48Z</time><speed>10.210</speed><sat>22</sat></trkpt>
  <trkpt lat="12.73470071" lon="77.83080464"><ele>795.465</ele><time>2026-02-23T06:53:49Z</time><speed>10.140</speed><sat>20</sat></trkpt>
  <trkpt lat="12.73466598" lon="77.83088802"><ele>795.169</ele><time>2026-02-23T06:53:50Z</time><speed>10.050</speed><sat>21</sat></trkpt>
  <trkpt lat="12.73462735" lon="77.83097240"><ele>795.746</ele><time>2026-02-23T06:53:51Z</time><speed>10.130</speed><sat>21</sat></trkpt>
  <trkpt lat="12.73458982" lon="77.83105774"><ele>796.308</ele><time>2026-02-23T06:53:52Z</time><speed>9.680</speed><sat>19</sat></trkpt>
  <trkpt lat="12.73455870" lon="77.83114992"><ele>795.462</ele><time>2026-02-23T06:53:53Z</time><speed>10.310</speed><sat>20</sat></trkpt>
  <trkpt lat="12.73452187" lon="77.83124093"><ele>795.367</ele><time>2026-02-23T06:53:54Z</time><speed>10.680</speed><sat>20</sat></trkpt>
  <trkpt lat="12.73448399" lon="77.83133544"><ele>795.219</ele><time>2026-02-23T06:53:55Z</time><speed>10.830</speed><sat>18</sat></trkpt>
  <trkpt lat="12.73444837" lon="77.83143151"><ele>795.064</ele><time>2026-02-23T06:53:56Z</time><speed>11.000</speed><sat>19</sat></trkpt>
  <trkpt lat="12.73440829" lon="77.83151921"><ele>794.445</ele><time>2026-02-23T06:53:57Z</time><speed>11.090</speed><sat>20</sat></trkpt>
  <trkpt lat="12.73437333" lon="77.83161575"><ele>793.857</ele><time>2026-02-23T06:53:58Z</time><speed>11.120</speed><sat>16</sat></trkpt>
  <trkpt lat="12.73433953" lon="77.83170632"><ele>793.802</ele><time>2026-02-23T06:53:59Z</time><speed>11.120</speed><sat>19</sat></trkpt>
  <trkpt lat="12.73430130" lon="77.83180366"><ele>793.553</ele><time>2026-02-23T06:54:00Z</time><speed>11.200</speed><sat>20</sat></trkpt>
  <trkpt lat="12.73426413" lon="77.83189685"><ele>793.726</ele><time>2026-02-23T06:54:01Z</time><speed>10.790</speed><sat>17</sat></trkpt>
  <trkpt lat="12.73422967" lon="77.83198787"><ele>793.286</ele><time>2026-02-23T06:54:02Z</time><speed>10.550</speed><sat>21</sat></trkpt>
  <trkpt lat="12.73419817" lon="77.83207879"><ele>792.790</ele><time>2026-02-23T06:54:03Z</time><speed>10.120</speed><sat>21</sat></trkpt>
  <trkpt lat="12.73417042" lon="77.83216545"><ele>792.701</ele><time>2026-02-23T06:54:04Z</time><speed>9.920</speed><sat>20</sat></trkpt>
  <trkpt lat="12.73413777" lon="77.83225109"><ele>793.078</ele><time>2026-02-23T06:54:05Z</time><speed>9.790</speed><sat>21</sat></trkpt>
  <trkpt lat="12.73411237" lon="77.83233506"><ele>792.248</ele><time>2026-02-23T06:54:06Z</time><speed>9.720</speed><sat>21</sat></trkpt>
  <trkpt lat="12.73408144" lon="77.83241586"><ele>792.907</ele><time>2026-02-23T06:54:07Z</time><speed>9.380</speed><sat>18</sat></trkpt>
  <trkpt lat="12.73405389" lon="77.83249882"><ele>792.712</ele><time>2026-02-23T06:54:08Z</time><speed>9.370</speed><sat>20</sat></trkpt>
  <trkpt lat="12.73402783" lon="77.83258206"><ele>792.351</ele><time>2026-02-23T06:54:09Z</time><speed>9.220</speed><sat>22</sat></trkpt>
  <trkpt lat="12.73400331" lon="77.83266154"><ele>792.023</ele><time>2026-02-23T06:54:10Z</time><speed>9.090</speed><sat>21</sat></trkpt>
  <trkpt lat="12.73398020" lon="77.83273727"><ele>791.849</ele><time>2026-02-23T06:54:11Z</time><speed>9.070</speed><sat>21</sat></trkpt>
  <trkpt lat="12.73395432" lon="77.83281801"><ele>792.457</ele><time>2026-02-23T06:54:12Z</time><speed>9.060</speed><sat>19</sat></trkpt>
  <trkpt lat="12.73392950" lon="77.83289841"><ele>792.208</ele><time>2026-02-23T06:54:13Z</time><speed>9.190</speed><sat>18</sat></trkpt>
  <trkpt lat="12.73390064" lon="77.83297709"><ele>792.099</ele><time>2026-02-23T06:54:14Z</time><speed>9.450</speed><sat>18</sat></trkpt>
  <trkpt lat="12.73386911" lon="77.83305615"><ele>792.227</ele><time>2026-02-23T06:54:15Z</time><speed>9.110</speed><sat>15</sat></trkpt>
  <trkpt lat="12.73384284" lon="77.83313248"><ele>792.350</ele><time>2026-02-23T06:54:16Z</time><speed>8.640</speed><sat>19</sat></trkpt>
  <trkpt lat="12.73381846" lon="77.83320715"><ele>792.203</ele><time>2026-02-23T06:54:17Z</time><speed>8.290</speed><sat>19</sat></trkpt>
  <trkpt lat="12.73379403" lon="77.83328307"><ele>792.341</ele><time>2026-02-23T06:54:18Z</time><speed>8.100</speed><sat>20</sat></trkpt>
  <trkpt lat="12.73377519" lon="77.83335532"><ele>792.810</ele><time>2026-02-23T06:54:19Z</time><speed>8.610</speed><sat>18</sat></trkpt>
  <trkpt lat="12.73374840" lon="77.83343344"><ele>792.759</ele><time>2026-02-23T06:54:20Z</time><speed>9.400</speed><sat>15</sat></trkpt>
  <trkpt lat="12.73372220" lon="77.83352294"><ele>793.030</ele><time>2026-02-23T06:54:21Z</time><speed>10.090</speed><sat>17</sat></trkpt>
  <trkpt lat="12.73369155" lon="77.83361854"><ele>792.612</ele><time>2026-02-23T06:54:22Z</time><speed>10.630</speed><sat>17</sat></trkpt>
  <trkpt lat="12.73366359" lon="77.83371216"><ele>793.532</ele><time>2026-02-23T06:54:23Z</time><speed>10.840</speed><sat>20</sat></trkpt>
  <trkpt lat="12.73363047" lon="77.83380124"><ele>793.177</ele><time>2026-02-23T06:54:24Z</time><speed>10.950</speed><sat>20</sat></trkpt>
  <trkpt lat="12.73359972" lon="77.83389374"><ele>793.429</ele><time>2026-02-23T06:54:25Z</time><speed>11.040</speed><sat>20</sat></trkpt>
  <trkpt lat="12.73356546" lon="77.83398816"><ele>793.674</ele><time>2026-02-23T06:54:26Z</time><speed>10.670</speed><sat>20</sat></trkpt>
  <trkpt lat="12.73353429" lon="77.83408435"><ele>793.770</ele><time>2026-02-23T06:54:27Z</time><speed>10.680</speed><sat>18</sat></trkpt>
  <trkpt lat="12.73350567" lon="77.83417717"><ele>794.153</ele><time>2026-02-23T06:54:28Z</time><speed>10.450</speed><sat>22</sat></trkpt>
  <trkpt lat="12.73347353" lon="77.83426677"><ele>794.780</ele><time>2026-02-23T06:54:29Z</time><speed>10.080</speed><sat>22</sat></trkpt>
  <trkpt lat="12.73344550" lon="77.83435659"><ele>794.077</ele><time>2026-02-23T06:54:30Z</time><speed>10.050</speed><sat>19</sat></trkpt>
  <trkpt lat="12.73340969" lon="77.83444220"><ele>794.387</ele><time>2026-02-23T06:54:31Z</time><speed>10.190</speed><sat>21</sat></trkpt>
  <trkpt lat="12.73338099" lon="77.83453146"><ele>794.814</ele><time>2026-02-23T06:54:32Z</time><speed>10.300</speed><sat>21</sat></trkpt>
  <trkpt lat="12.73334945" lon="77.83462278"><ele>795.128</ele><time>2026-02-23T06:54:33Z</time><speed>10.360</speed><sat>20</sat></trkpt>
  <trkpt lat="12.73331871" lon="77.83471557"><ele>794.454</ele><time>2026-02-23T06:54:34Z</time><speed>10.450</speed><sat>19</sat></trkpt>
  <trkpt lat="12.73328976" lon="77.83479748"><ele>795.308</ele><time>2026-02-23T06:54:35Z</time><speed>9.350</speed><sat>20</sat></trkpt>
  <trkpt lat="12.73326181" lon="77.83488826"><ele>795.689</ele><time>2026-02-23T06:54:36Z</time><speed>10.460</speed><sat>19</sat></trkpt>
  <trkpt lat="12.73322032" lon="77.83497841"><ele>795.989</ele><time>2026-02-23T06:54:37Z</time><speed>10.540</speed><sat>22</sat></trkpt>
  <trkpt lat="12.73318494" lon="77.83507196"><ele>795.884</ele><time>2026-02-23T06:54:38Z</time><speed>10.650</speed><sat>22</sat></trkpt>
  <trkpt lat="12.73315022" lon="77.83515910"><ele>795.581</ele><time>2026-02-23T06:54:39Z</time><speed>10.660</speed><sat>22</sat></trkpt>
  <trkpt lat="12.73311633" lon="77.83524893"><ele>796.335</ele><time>2026-02-23T06:54:40Z</time><speed>10.660</speed><sat>21</sat></trkpt>
  <trkpt lat="12.73308371" lon="77.83533879"><ele>796.209</ele><time>2026-02-23T06:54:41Z</time><speed>10.680</speed><sat>20</sat></trkpt>
  <trkpt lat="12.73304633" lon="77.83543856"><ele>796.203</ele><time>2026-02-23T06:54:42Z</time><speed>10.880</speed><sat>21</sat></trkpt>
  <trkpt lat="12.73301110" lon="77.83553315"><ele>796.479</ele><time>2026-02-23T06:54:43Z</time><speed>10.850</speed><sat>20</sat></trkpt>
  <trkpt lat="12.73297743" lon="77.83562360"><ele>796.640</ele><time>2026-02-23T06:54:44Z</time><speed>10.790</speed><sat>20</sat></trkpt>
  <trkpt lat="12.73293966" lon="77.83571450"><ele>797.366</ele><time>2026-02-23T06:54:45Z</time><speed>10.580</speed><sat>22</sat></trkpt>
  <trkpt lat="12.73290081" lon="77.83580407"><ele>797.711</ele><time>2026-02-23T06:54:46Z</time><speed>10.250</speed><sat>18</sat></trkpt>
  <trkpt lat="12.73286817" lon="77.83588674"><ele>797.738</ele><time>2026-02-23T06:54:47Z</time><speed>9.920</speed><sat>19</sat></trkpt>
  <trkpt lat="12.73283820" lon="77.83597116"><ele>797.779</ele><time>2026-02-23T06:54:48Z</time><speed>9.590</speed><sat>20</sat></trkpt>
  <trkpt lat="12.73280336" lon="77.83605312"><ele>798.759</ele><time>2026-02-23T06:54:49Z</time><speed>9.750</speed><sat>20</sat></trkpt>
  <trkpt lat="12.73276589" lon="77.83613763"><ele>798.740</ele><time>2026-02-23T06:54:50Z</time><speed>9.800</speed><sat>21</sat></trkpt>
  <trkpt lat="12.73273120" lon="77.83621736"><ele>798.742</ele><time>2026-02-23T06:54:51Z</time><speed>9.690</speed><sat>19</sat></trkpt>
  <trkpt lat="12.73269205" lon="77.83629714"><ele>798.475</ele><time>2026-02-23T06:54:52Z</time><speed>9.670</speed><sat>18</sat></trkpt>
  <trkpt lat="12.73265670" lon="77.83637757"><ele>798.387</ele><time>2026-02-23T06:54:53Z</time><speed>9.300</speed><sat>19</sat></trkpt>
  <trkpt lat="12.73262008" lon="77.83645329"><ele>798.405</ele><time>2026-02-23T06:54:54Z</time><speed>9.390</speed><sat>22</sat></trkpt>
  <trkpt lat="12.73258288" lon="77.83653449"><ele>798.343</ele><time>2026-02-23T06:54:55Z</time><speed>9.410</speed><sat>21</sat></trkpt>
  <trkpt lat="12.73254492" lon="77.83661130"><ele>798.276</ele><time>2026-02-23T06:54:56Z</time><speed>9.380</speed><sat>19</sat></trkpt>
  <trkpt lat="12.73250641" lon="77.83668935"><ele>798.017</ele><time>2026-02-23T06:54:57Z</time><speed>9.480</speed><sat>18</sat></trkpt>
  <trkpt lat="12.73246420" lon="77.83676585"><ele>797.812</ele><time>2026-02-23T06:54:58Z</time><speed>9.600</speed><sat>18</sat></trkpt>
  <trkpt lat="12.73241715" lon="77.83684083"><ele>797.852</ele><time>2026-02-23T06:54:59Z</time><speed>9.580</speed><sat>16</sat></trkpt>
  <trkpt lat="12.73237347" lon="77.83691506"><ele>798.198</ele><time>2026-02-23T06:55:00Z</time><speed>9.580</speed><sat>19</sat></trkpt>
  <trkpt lat="12.73232689" lon="77.83699240"><ele>798.131</ele><time>2026-02-23T06:55:01Z</time><speed>9.670</speed><sat>16</sat></trkpt>
  <trkpt lat="12.73227480" lon="77.83706741"><ele>797.671</ele><time>2026-02-23T06:55:02Z</time><speed>9.780</speed><sat>14</sat></trkpt>
  <trkpt lat="12.73222961" lon="77.83714495"><ele>797.728</ele><time>2026-02-23T06:55:03Z</time><speed>9.980</speed><sat>18</sat></trkpt>
  <trkpt lat="12.73217955" lon="77.83722647"><ele>797.935</ele><time>2026-02-23T06:55:04Z</time><speed>10.010</speed><sat>18</sat></trkpt>
  <trkpt lat="12.73212605" lon="77.83730323"><ele>797.718</ele><time>2026-02-23T06:55:05Z</time><speed>10.060</speed><sat>17</sat></trkpt>
  <trkpt lat="12.73207143" lon="77.83738345"><ele>796.253</ele><time>2026-02-23T06:55:06Z</time><speed>10.360</speed><sat>19</sat></trkpt>
  <trkpt lat="12.73201476" lon="77.83746643"><ele>795.471</ele><time>2026-02-23T06:55:07Z</time><speed>10.370</speed><sat>19</sat></trkpt>
  <trkpt lat="12.73196300" lon="77.83754206"><ele>795.410</ele><time>2026-02-23T06:55:08Z</time><speed>10.340</speed><sat>16</sat></trkpt>
  <trkpt lat="12.73191233" lon="77.83761567"><ele>794.821</ele><time>2026-02-23T06:55:09Z</time><speed>10.260</speed><sat>19</sat></trkpt>
  <trkpt lat="12.73185734" lon="77.83768857"><ele>794.166</ele><time>2026-02-23T06:55:10Z</time><speed>10.270</speed><sat>20</sat></trkpt>
  <trkpt lat="12.73180536" lon="77.83776981"><ele>793.801</ele><time>2026-02-23T06:55:11Z</time><speed>10.280</speed><sat>18</sat></trkpt>
  <trkpt lat="12.73174925" lon="77.83784607"><ele>793.624</ele><time>2026-02-23T06:55:12Z</time><speed>10.280</speed><sat>16</sat></trkpt>
  <trkpt lat="12.73169233" lon="77.83792135"><ele>793.509</ele><time>2026-02-23T06:55:13Z</time><speed>10.260</speed><sat>19</sat></trkpt>
  <trkpt lat="12.73163817" lon="77.83799460"><ele>793.194</ele><time>2026-02-23T06:55:14Z</time><speed>10.260</speed><sat>17</sat></trkpt>
  <trkpt lat="12.73158677" lon="77.83806466"><ele>792.775</ele><time>2026-02-23T06:55:15Z</time><speed>10.160</speed><sat>17</sat></trkpt>
  <trkpt lat="12.73152974" lon="77.83813650"><ele>792.984</ele><time>2026-02-23T06:55:16Z</time><speed>10.120</speed><sat>20</sat></trkpt>
  <trkpt lat="12.73147323" lon="77.83820696"><ele>792.994</ele><time>2026-02-23T06:55:17Z</time><speed>9.930</speed><sat>18</sat></trkpt>
  <trkpt lat="12.73140996" lon="77.83828506"><ele>791.599</ele><time>2026-02-23T06:55:18Z</time><speed>9.760</speed><sat>19</sat></trkpt>
  <trkpt lat="12.73135404" lon="77.83835521"><ele>791.822</ele><time>2026-02-23T06:55:19Z</time><speed>9.620</speed><sat>20</sat></trkpt>
  <trkpt lat="12.73130323" lon="77.83841868"><ele>791.852</ele><time>2026-02-23T06:55:20Z</time><speed>9.520</speed><sat>20</sat></trkpt>
  <trkpt lat="12.73124963" lon="77.83848706"><ele>792.182</ele><time>2026-02-23T06:55:21Z</time><speed>9.520</speed><sat>19</sat></trkpt>
  <trkpt lat="12.73119714" lon="77.83854791"><ele>792.144</ele><time>2026-02-23T06:55:22Z</time><speed>9.650</speed><sat>20</sat></trkpt>
  <trkpt lat="12.73114366" lon="77.83861892"><ele>792.956</ele><time>2026-02-23T06:55:23Z</time><speed>9.820</speed><sat>18</sat></trkpt>
  <trkpt lat="12.73108633" lon="77.83869434"><ele>793.053</ele><time>2026-02-23T06:55:24Z</time><speed>10.010</speed><sat>20</sat></trkpt>
  <trkpt lat="12.73102909" lon="77.83876479"><ele>793.342</ele><time>2026-02-23T06:55:25Z</time><speed>9.990</speed><sat>21</sat></trkpt>
  <trkpt lat="12.73097151" lon="77.83883281"><ele>793.812</ele><time>2026-02-23T06:55:26Z</time><speed>9.920</speed><sat>20</sat></trkpt>
  <trkpt lat="12.73091425" lon="77.83890146"><ele>794.453</ele><time>2026-02-23T06:55:27Z</time><speed>9.790</speed><sat>22</sat></trkpt>
  <trkpt lat="12.73085452" lon="77.83897217"><ele>794.916</ele><time>2026-02-23T06:55:28Z</time><speed>9.870</speed><sat>23</sat></trkpt>
  <trkpt lat="12.73079618" lon="77.83903592"><ele>795.516</ele><time>2026-02-23T06:55:29Z</time><speed>9.950</speed><sat>21</sat></trkpt>
  <trkpt lat="12.73074096" lon="77.83910312"><ele>795.555</ele><time>2026-02-23T06:55:30Z</time><speed>9.960</speed><sat>20</sat></trkpt>
  <trkpt lat="12.73068507" lon="77.83916989"><ele>795.382</ele><time>2026-02-23T06:55:31Z</time><speed>9.750</speed><sat>22</sat></trkpt>
  <trkpt lat="12.73063115" lon="77.83923594"><ele>794.956</ele><time>2026-02-23T06:55:32Z</time><speed>9.450</speed><sat>18</sat></trkpt>
  <trkpt lat="12.73057617" lon="77.83929988"><ele>795.481</ele><time>2026-02-23T06:55:33Z</time><speed>9.290</speed><sat>20</sat></trkpt>
  <trkpt lat="12.73052435" lon="77.83936363"><ele>795.761</ele><time>2026-02-23T06:55:34Z</time><speed>9.340</speed><sat>21</sat></trkpt>
  <trkpt lat="12.73046765" lon="77.83943136"><ele>796.001</ele><time>2026-02-23T06:55:35Z</time><speed>9.530</speed><sat>22</sat></trkpt>
  <trkpt lat="12.73040823" lon="77.83949648"><ele>796.591</ele><time>2026-02-23T06:55:36Z</time><speed>9.670</speed><sat>20</sat></trkpt>
  <trkpt lat="12.73034348" lon="77.83956896"><ele>796.151</ele><time>2026-02-23T06:55:37Z</time><speed>9.690</speed><sat>21</sat></trkpt>
  <trkpt lat="12.73029008" lon="77.83963552"><ele>796.095</ele><time>2026-02-23T06:55:38Z</time><speed>9.770</speed><sat>20</sat></trkpt>
  <trkpt lat="12.73022978" lon="77.83970475"><ele>796.747</ele><time>2026-02-23T06:55:39Z</time><speed>9.720</speed><sat>20</sat></trkpt>
  <trkpt lat="12.73017313" lon="77.83977521"><ele>796.800</ele><time>2026-02-23T06:55:40Z</time><speed>9.860</speed><sat>20</sat></trkpt>
  <trkpt lat="12.73011693" lon="77.83984312"><ele>796.997</ele><time>2026-02-23T06:55:41Z</time><speed>9.950</speed><sat>23</sat></trkpt>
  <trkpt lat="12.73005670" lon="77.83991320"><ele>797.286</ele><time>2026-02-23T06:55:42Z</time><speed>9.940</speed><sat>21</sat></trkpt>
  <trkpt lat="12.72999863" lon="77.83998369"><ele>797.527</ele><time>2026-02-23T06:55:43Z</time><speed>9.890</speed><sat>20</sat></trkpt>
  <trkpt lat="12.72993965" lon="77.84005679"><ele>797.975</ele><time>2026-02-23T06:55:44Z</time><speed>9.960</speed><sat>21</sat></trkpt>
  <trkpt lat="12.72987543" lon="77.84013027"><ele>798.427</ele><time>2026-02-23T06:55:45Z</time><speed>10.120</speed><sat>22</sat></trkpt>
  <trkpt lat="12.72981741" lon="77.84020300"><ele>798.802</ele><time>2026-02-23T06:55:46Z</time><speed>10.070</speed><sat>20</sat></trkpt>
  <trkpt lat="12.72976356" lon="77.84027299"><ele>798.991</ele><time>2026-02-23T06:55:47Z</time><speed>10.190</speed><sat>21</sat></trkpt>
  <trkpt lat="12.72970934" lon="77.84034726"><ele>799.249</ele><time>2026-02-23T06:55:48Z</time><speed>10.390</speed><sat>18</sat></trkpt>
  <trkpt lat="12.72965405" lon="77.84042508"><ele>799.424</ele><time>2026-02-23T06:55:49Z</time><speed>10.420</speed><sat>18</sat></trkpt>
  <trkpt lat="12.72960123" lon="77.84050486"><ele>799.621</ele><time>2026-02-23T06:55:50Z</time><speed>10.380</speed><sat>19</sat></trkpt>
  <trkpt lat="12.72954948" lon="77.84058584"><ele>799.921</ele><time>2026-02-23T06:55:51Z</time><speed>10.420</speed><sat>20</sat></trkpt>
  <trkpt lat="12.72949270" lon="77.84066057"><ele>799.481</ele><time>2026-02-23T06:55:52Z</time><speed>10.320</speed><sat>19</sat></trkpt>
  <trkpt lat="12.72944281" lon="77.84074001"><ele>799.606</ele><time>2026-02-23T06:55:53Z</time><speed>10.240</speed><sat>19</sat></trkpt>
  <trkpt lat="12.72939386" lon="77.84081962"><ele>799.662</ele><time>2026-02-23T06:55:54Z</time><speed>10.200</speed><sat>19</sat></trkpt>
  <trkpt lat="12.72934795" lon="77.84090226"><ele>799.601</ele><time>2026-02-23T06:55:55Z</time><speed>10.280</speed><sat>21</sat></trkpt>
  <trkpt lat="12.72930094" lon="77.84098277"><ele>799.811</ele><time>2026-02-23T06:55:56Z</time><speed>10.360</speed><sat>17</sat></trkpt>
  <trkpt lat="12.72925320" lon="77.84106024"><ele>799.831</ele><time>2026-02-23T06:55:57Z</time><speed>10.070</speed><sat>20</sat></trkpt>
  <trkpt lat="12.72920613" lon="77.84113751"><ele>800.353</ele><time>2026-02-23T06:55:58Z</time><speed>9.860</speed><sat>18</sat></trkpt>
  <trkpt lat="12.72916272" lon="77.84121175"><ele>800.873</ele><time>2026-02-23T06:55:59Z</time><speed>9.490</speed><sat>18</sat></trkpt>
  <trkpt lat="12.72912243" lon="77.84128567"><ele>801.016</ele><time>2026-02-23T06:56:00Z</time><speed>9.280</speed><sat>19</sat></trkpt>
  <trkpt lat="12.72908100" lon="77.84135836"><ele>801.317</ele><time>2026-02-23T06:56:01Z</time><speed>8.860</speed><sat>19</sat></trkpt>
  <trkpt lat="12.72903579" lon="77.84142088"><ele>801.093</ele><time>2026-02-23T06:56:02Z</time><speed>8.530</speed><sat>18</sat></trkpt>
  <trkpt lat="12.72899860" lon="77.84148728"><ele>800.958</ele><time>2026-02-23T06:56:03Z</time><speed>8.320</speed><sat>19</sat></trkpt>
  <trkpt lat="12.72896401" lon="77.84155231"><ele>801.853</ele><time>2026-02-23T06:56:04Z</time><speed>8.050</speed><sat>18</sat></trkpt>
  <trkpt lat="12.72893242" lon="77.84161852"><ele>802.247</ele><time>2026-02-23T06:56:05Z</time><speed>8.020</speed><sat>19</sat></trkpt>
  <trkpt lat="12.72890616" lon="77.84168032"><ele>802.531</ele><time>2026-02-23T06:56:06Z</time><speed>7.630</speed><sat>19</sat></trkpt>
  <trkpt lat="12.72887897" lon="77.84174095"><ele>803.129</ele><time>2026-02-23T06:56:07Z</time><speed>7.280</speed><sat>21</sat></trkpt>
  <trkpt lat="12.72885246" lon="77.84179842"><ele>803.246</ele><time>2026-02-23T06:56:08Z</time><speed>6.970</speed><sat>19</sat></trkpt>
  <trkpt lat="12.72882355" lon="77.84185303"><ele>803.335</ele><time>2026-02-23T06:56:09Z</time><speed>6.610</speed><sat>19</sat></trkpt>
  <trkpt lat="12.72880186" lon="77.84190146"><ele>803.645</ele><time>2026-02-23T06:56:10Z</time><speed>6.200</speed><sat>19</sat></trkpt>
  <trkpt lat="12.72877599" lon="77.84195200"><ele>804.005</ele><time>2026-02-23T06:56:11Z</time><speed>6.220</speed><sat>18</sat></trkpt>
  <trkpt lat="12.72875560" lon="77.84200430"><ele>804.718</ele><time>2026-02-23T06:56:12Z</time><speed>6.090</speed><sat>18</sat></trkpt>
  <trkpt lat="12.72873279" lon="77.84205514"><ele>805.616</ele><time>2026-02-23T06:56:13Z</time><speed>6.070</speed><sat>18</sat></trkpt>
  <trkpt lat="12.72870821" lon="77.84211058"><ele>805.645</ele><time>2026-02-23T06:56:14Z</time><speed>6.310</speed><sat>19</sat></trkpt>
  <trkpt lat="12.72868737" lon="77.84216737"><ele>805.540</ele><time>2026-02-23T06:56:15Z</time><speed>6.480</speed><sat>15</sat></trkpt>
  <trkpt lat="12.72865967" lon="77.84222379"><ele>805.800</ele><time>2026-02-23T06:56:16Z</time><speed>6.740</speed><sat>21</sat></trkpt>
  <trkpt lat="12.72863299" lon="77.84227886"><ele>806.117</ele><time>2026-02-23T06:56:17Z</time><speed>6.300</speed><sat>20</sat></trkpt>
  <trkpt lat="12.72860559" lon="77.84233502"><ele>806.535</ele><time>2026-02-23T06:56:18Z</time><speed>6.530</speed><sat>21</sat></trkpt>
  <trkpt lat="12.72858581" lon="77.84238953"><ele>806.840</ele><time>2026-02-23T06:56:19Z</time><speed>6.840</speed><sat>20</sat></trkpt>
  <trkpt lat="12.72856083" lon="77.84245447"><ele>806.250</ele><time>2026-02-23T06:56:20Z</time><speed>7.210</speed><sat>21</sat></trkpt>
  <trkpt lat="12.72854171" lon="77.84251715"><ele>806.088</ele><time>2026-02-23T06:56:21Z</time><speed>7.510</speed><sat>17</sat></trkpt>
  <trkpt lat="12.72852306" lon="77.84258358"><ele>806.197</ele><time>2026-02-23T06:56:22Z</time><speed>7.600</speed><sat>20</sat></trkpt>
  <trkpt lat="12.72850161" lon="77.84265464"><ele>806.095</ele><time>2026-02-23T06:56:23Z</time><speed>7.740</speed><sat>22</sat></trkpt>
  <trkpt lat="12.72847839" lon="77.84272237"><ele>806.944</ele><time>2026-02-23T06:56:24Z</time><speed>7.910</speed><sat>21</sat></trkpt>
  <trkpt lat="12.72845628" lon="77.84279417"><ele>806.583</ele><time>2026-02-23T06:56:25Z</time><speed>8.160</speed><sat>21</sat></trkpt>
  <trkpt lat="12.72843897" lon="77.84286731"><ele>807.348</ele><time>2026-02-23T06:56:26Z</time><speed>8.250</speed><sat>20</sat></trkpt>
  <trkpt lat="12.72841524" lon="77.84293917"><ele>807.182</ele><time>2026-02-23T06:56:27Z</time><speed>8.420</speed><sat>22</sat></trkpt>
  <trkpt lat="12.72839809" lon="77.84301907"><ele>807.029</ele><time>2026-02-23T06:56:28Z</time><speed>8.540</speed><sat>21</sat></trkpt>
  <trkpt lat="12.72837342" lon="77.84309760"><ele>807.106</ele><time>2026-02-23T06:56:29Z</time><speed>8.800</speed><sat>24</sat></trkpt>
  <trkpt lat="12.72835124" lon="77.84317516"><ele>806.651</ele><time>2026-02-23T06:56:30Z</time><speed>9.140</speed><sat>22</sat></trkpt>
  <trkpt lat="12.72832833" lon="77.84325970"><ele>806.445</ele><time>2026-02-23T06:56:31Z</time><speed>9.250</speed><sat>24</sat></trkpt>
  <trkpt lat="12.72830775" lon="77.84334772"><ele>806.251</ele><time>2026-02-23T06:56:32Z</time><speed>9.390</speed><sat>22</sat></trkpt>
  <trkpt lat="12.72828575" lon="77.84343212"><ele>806.054</ele><time>2026-02-23T06:56:33Z</time><speed>9.540</speed><sat>24</sat></trkpt>
  <trkpt lat="12.72826746" lon="77.84351709"><ele>806.184</ele><time>2026-02-23T06:56:34Z</time><speed>9.610</speed><sat>22</sat></trkpt>
  <trkpt lat="12.72824528" lon="77.84360450"><ele>805.864</ele><time>2026-02-23T06:56:35Z</time><speed>9.660</speed><sat>22</sat></trkpt>
  <trkpt lat="12.72822531" lon="77.84369181"><ele>806.024</ele><time>2026-02-23T06:56:36Z</time><speed>9.710</speed><sat>23</sat></trkpt>
  <trkpt lat="12.72820544" lon="77.84378023"><ele>805.199</ele><time>2026-02-23T06:56:37Z</time><speed>9.610</speed><sat>21</sat></trkpt>
  <trkpt lat="12.72819095" lon="77.84386613"><ele>804.886</ele><time>2026-02-23T06:56:38Z</time><speed>9.560</speed><sat>21</sat></trkpt>
  <trkpt lat="12.72817606" lon="77.84395194"><ele>804.693</ele><time>2026-02-23T06:56:39Z</time><speed>9.510</speed><sat>21</sat></trkpt>
  <trkpt lat="12.72816763" lon="77.84403844"><ele>803.528</ele><time>2026-02-23T06:56:40Z</time><speed>9.430</speed><sat>20</sat></trkpt>
  <trkpt lat="12.72815594" lon="77.84412603"><ele>802.559</ele><time>2026-02-23T06:56:41Z</time><speed>9.620</speed><sat>20</sat></trkpt>
  <trkpt lat="12.72814451" lon="77.84421631"><ele>801.617</ele><time>2026-02-23T06:56:42Z</time><speed>9.730</speed><sat>21</sat></trkpt>
  <trkpt lat="12.72813025" lon="77.84430325"><ele>801.027</ele><time>2026-02-23T06:56:43Z</time><speed>9.840</speed><sat>19</sat></trkpt>
  <trkpt lat="12.72811763" lon="77.84439347"><ele>800.907</ele><time>2026-02-23T06:56:44Z</time><speed>9.940</speed><sat>18</sat></trkpt>
  <trkpt lat="12.72810912" lon="77.84448804"><ele>800.078</ele><time>2026-02-23T06:56:45Z</time><speed>10.260</speed><sat>19</sat></trkpt>
  <trkpt lat="12.72810023" lon="77.84458203"><ele>799.590</ele><time>2026-02-23T06:56:46Z</time><speed>10.200</speed><sat>21</sat></trkpt>
  <trkpt lat="12.72809160" lon="77.84467712"><ele>798.985</ele><time>2026-02-23T06:56:47Z</time><speed>10.460</speed><sat>20</sat></trkpt>
  <trkpt lat="12.72808122" lon="77.84477687"><ele>797.922</ele><time>2026-02-23T06:56:48Z</time><speed>10.530</speed><sat>20</sat></trkpt>
  <trkpt lat="12.72806749" lon="77.84487439"><ele>797.315</ele><time>2026-02-23T06:56:49Z</time><speed>10.440</speed><sat>20</sat></trkpt>
  <trkpt lat="12.72806951" lon="77.84496847"><ele>794.969</ele><time>2026-02-23T06:56:50Z</time><speed>10.340</speed><sat>19</sat></trkpt>
  <trkpt lat="12.72806200" lon="77.84506226"><ele>795.232</ele><time>2026-02-23T06:56:51Z</time><speed>10.260</speed><sat>19</sat></trkpt>
  <trkpt lat="12.72805186" lon="77.84514450"><ele>793.976</ele><time>2026-02-23T06:56:52Z</time><speed>10.190</speed><sat>20</sat></trkpt>
  <trkpt lat="12.72804639" lon="77.84524183"><ele>794.714</ele><time>2026-02-23T06:56:53Z</time><speed>10.380</speed><sat>18</sat></trkpt>
  <trkpt lat="12.72803297" lon="77.84534359"><ele>794.064</ele><time>2026-02-23T06:56:54Z</time><speed>10.560</speed><sat>20</sat></trkpt>
  <trkpt lat="12.72802386" lon="77.84544177"><ele>793.611</ele><time>2026-02-23T06:56:55Z</time><speed>10.670</speed><sat>21</sat></trkpt>
  <trkpt lat="12.72801512" lon="77.84554364"><ele>793.286</ele><time>2026-02-23T06:56:56Z</time><speed>10.690</speed><sat>19</sat></trkpt>
  <trkpt lat="12.72800121" lon="77.84563885"><ele>792.928</ele><time>2026-02-23T06:56:57Z</time><speed>10.620</speed><sat>20</sat></trkpt>
  <trkpt lat="12.72798530" lon="77.84573688"><ele>792.480</ele><time>2026-02-23T06:56:58Z</time><speed>10.810</speed><sat>20</sat></trkpt>
  <trkpt lat="12.72796992" lon="77.84583554"><ele>792.068</ele><time>2026-02-23T06:56:59Z</time><speed>10.690</speed><sat>19</sat></trkpt>
  <trkpt lat="12.72794851" lon="77.84593157"><ele>791.877</ele><time>2026-02-23T06:57:00Z</time><speed>10.670</speed><sat>19</sat></trkpt>
  <trkpt lat="12.72792859" lon="77.84602739"><ele>791.394</ele><time>2026-02-23T06:57:01Z</time><speed>10.590</speed><sat>18</sat></trkpt>
  <trkpt lat="12.72790587" lon="77.84612231"><ele>791.213</ele><time>2026-02-23T06:57:02Z</time><speed>10.590</speed><sat>18</sat></trkpt>
  <trkpt lat="12.72788368" lon="77.84621391"><ele>791.215</ele><time>2026-02-23T06:57:03Z</time><speed>10.740</speed><sat>19</sat></trkpt>
  <trkpt lat="12.72785232" lon="77.84630575"><ele>790.575</ele><time>2026-02-23T06:57:04Z</time><speed>10.720</speed><sat>20</sat></trkpt>
  <trkpt lat="12.72782898" lon="77.84640673"><ele>790.550</ele><time>2026-02-23T06:57:05Z</time><speed>10.740</speed><sat>20</sat></trkpt>
  <trkpt lat="12.72780554" lon="77.84650201"><ele>790.006</ele><time>2026-02-23T06:57:06Z</time><speed>10.780</speed><sat>18</sat></trkpt>
  <trkpt lat="12.72777873" lon="77.84659710"><ele>789.427</ele><time>2026-02-23T06:57:07Z</time><speed>10.790</speed><sat>21</sat></trkpt>
  <trkpt lat="12.72775400" lon="77.84669482"><ele>789.120</ele><time>2026-02-23T06:57:08Z</time><speed>10.780</speed><sat>19</sat></trkpt>
  <trkpt lat="12.72772495" lon="77.84679132"><ele>789.093</ele><time>2026-02-23T06:57:09Z</time><speed>10.740</speed><sat>21</sat></trkpt>
  <trkpt lat="12.72769843" lon="77.84688849"><ele>788.867</ele><time>2026-02-23T06:57:10Z</time><speed>10.870</speed><sat>20</sat></trkpt>
  <trkpt lat="12.72766959" lon="77.84698166"><ele>788.821</ele><time>2026-02-23T06:57:11Z</time><speed>10.800</speed><sat>19</sat></trkpt>
  <trkpt lat="12.72764118" lon="77.84707698"><ele>788.450</ele><time>2026-02-23T06:57:12Z</time><speed>10.790</speed><sat>20</sat></trkpt>
  <trkpt lat="12.72761421" lon="77.84717385"><ele>788.435</ele><time>2026-02-23T06:57:13Z</time><speed>10.530</speed><sat>21</sat></trkpt>
  <trkpt lat="12.72758964" lon="77.84727098"><ele>788.629</ele><time>2026-02-23T06:57:14Z</time><speed>10.490</speed><sat>20</sat></trkpt>
  <trkpt lat="12.72756576" lon="77.84736501"><ele>787.903</ele><time>2026-02-23T06:57:15Z</time><speed>10.510</speed><sat>19</sat></trkpt>
  <trkpt lat="12.72753973" lon="77.84745856"><ele>787.664</ele><time>2026-02-23T06:57:16Z</time><speed>10.550</speed><sat>22</sat></trkpt>
  <trkpt lat="12.72751169" lon="77.84755021"><ele>787.641</ele><time>2026-02-23T06:57:17Z</time><speed>10.590</speed><sat>23</sat></trkpt>
  <trkpt lat="12.72748485" lon="77.84764999"><ele>786.820</ele><time>2026-02-23T06:57:18Z</time><speed>10.740</speed><sat>22</sat></trkpt>
  <trkpt lat="12.72745933" lon="77.84774830"><ele>786.141</ele><time>2026-02-23T06:57:19Z</time><speed>10.820</speed><sat>22</sat></trkpt>
  <trkpt lat="12.72743209" lon="77.84784623"><ele>785.862</ele><time>2026-02-23T06:57:20Z</time><speed>10.760</speed><sat>22</sat></trkpt>
  <trkpt lat="12.72739585" lon="77.84794616"><ele>784.309</ele><time>2026-02-23T06:57:21Z</time><speed>10.710</speed><sat>18</sat></trkpt>
  <trkpt lat="12.72736794" lon="77.84803830"><ele>783.920</ele><time>2026-02-23T06:57:22Z</time><speed>10.610</speed><sat>20</sat></trkpt>
  <trkpt lat="12.72734097" lon="77.84813162"><ele>783.640</ele><time>2026-02-23T06:57:23Z</time><speed>10.450</speed><sat>19</sat></trkpt>
  <trkpt lat="12.72731565" lon="77.84822331"><ele>783.527</ele><time>2026-02-23T06:57:24Z</time><speed>10.360</speed><sat>19</sat></trkpt>
  <trkpt lat="12.72729268" lon="77.84831419"><ele>783.113</ele><time>2026-02-23T06:57:25Z</time><speed>10.320</speed><sat>20</sat></trkpt>
  <trkpt lat="12.72727081" lon="77.84840497"><ele>783.043</ele><time>2026-02-23T06:57:26Z</time><speed>10.400</speed><sat>19</sat></trkpt>
  <trkpt lat="12.72724501" lon="77.84849733"><ele>782.996</ele><time>2026-02-23T06:57:27Z</time><speed>10.350</speed><sat>19</sat></trkpt>
  <trkpt lat="12.72722721" lon="77.84858926"><ele>781.780</ele><time>2026-02-23T06:57:28Z</time><speed>10.360</speed><sat>19</sat></trkpt>
  <trkpt lat="12.72720334" lon="77.84868232"><ele>781.426</ele><time>2026-02-23T06:57:29Z</time><speed>10.290</speed><sat>20</sat></trkpt>
  <trkpt lat="12.72717615" lon="77.84877379"><ele>781.235</ele><time>2026-02-23T06:57:30Z</time><speed>10.230</speed><sat>20</sat></trkpt>
  <trkpt lat="12.72715148" lon="77.84886670"><ele>781.346</ele><time>2026-02-23T06:57:31Z</time><speed>10.230</speed><sat>23</sat></trkpt>
  <trkpt lat="12.72712399" lon="77.84895456"><ele>781.270</ele><time>2026-02-23T06:57:32Z</time><speed>10.190</speed><sat>20</sat></trkpt>
  <trkpt lat="12.72710052" lon="77.84904341"><ele>780.998</ele><time>2026-02-23T06:57:33Z</time><speed>10.140</speed><sat>23</sat></trkpt>
  <trkpt lat="12.72707709" lon="77.84913600"><ele>780.860</ele><time>2026-02-23T06:57:34Z</time><speed>10.290</speed><sat>21</sat></trkpt>
  <trkpt lat="12.72705050" lon="77.84922151"><ele>781.115</ele><time>2026-02-23T06:57:35Z</time><speed>10.310</speed><sat>19</sat></trkpt>
  <trkpt lat="12.72702579" lon="77.84931582"><ele>781.022</ele><time>2026-02-23T06:57:36Z</time><speed>10.550</speed><sat>22</sat></trkpt>
  <trkpt lat="12.72699764" lon="77.84941544"><ele>781.119</ele><time>2026-02-23T06:57:37Z</time><speed>10.720</speed><sat>21</sat></trkpt>
  <trkpt lat="12.72697769" lon="77.84951503"><ele>780.458</ele><time>2026-02-23T06:57:38Z</time><speed>10.820</speed><sat>23</sat></trkpt>
  <trkpt lat="12.72696564" lon="77.84961613"><ele>779.677</ele><time>2026-02-23T06:57:39Z</time><speed>10.980</speed><sat>23</sat></trkpt>
  <trkpt lat="12.72694673" lon="77.84971654"><ele>779.796</ele><time>2026-02-23T06:57:40Z</time><speed>11.020</speed><sat>22</sat></trkpt>
  <trkpt lat="12.72693431" lon="77.84980899"><ele>779.195</ele><time>2026-02-23T06:57:41Z</time><speed>10.840</speed><sat>22</sat></trkpt>
  <trkpt lat="12.72691413" lon="77.84990527"><ele>779.726</ele><time>2026-02-23T06:57:42Z</time><speed>10.620</speed><sat>22</sat></trkpt>
  <trkpt lat="12.72689931" lon="77.84999963"><ele>779.410</ele><time>2026-02-23T06:57:43Z</time><speed>10.400</speed><sat>20</sat></trkpt>
  <trkpt lat="12.72688424" lon="77.85008960"><ele>779.983</ele><time>2026-02-23T06:57:44Z</time><speed>10.200</speed><sat>16</sat></trkpt>
  <trkpt lat="12.72687144" lon="77.85018746"><ele>779.483</ele><time>2026-02-23T06:57:45Z</time><speed>10.150</speed><sat>22</sat></trkpt>
  <trkpt lat="12.72685780" lon="77.85028189"><ele>779.396</ele><time>2026-02-23T06:57:46Z</time><speed>10.160</speed><sat>21</sat></trkpt>
  <trkpt lat="12.72685219" lon="77.85036834"><ele>779.917</ele><time>2026-02-23T06:57:47Z</time><speed>10.110</speed><sat>20</sat></trkpt>
  <trkpt lat="12.72684065" lon="77.85046035"><ele>779.898</ele><time>2026-02-23T06:57:48Z</time><speed>10.050</speed><sat>20</sat></trkpt>
  <trkpt lat="12.72682821" lon="77.85055176"><ele>780.053</ele><time>2026-02-23T06:57:49Z</time><speed>10.220</speed><sat>21</sat></trkpt>
  <trkpt lat="12.72681698" lon="77.85065419"><ele>778.856</ele><time>2026-02-23T06:57:50Z</time><speed>10.140</speed><sat>19</sat></trkpt>
  <trkpt lat="12.72680707" lon="77.85074452"><ele>778.736</ele><time>2026-02-23T06:57:51Z</time><speed>10.050</speed><sat>19</sat></trkpt>
  <trkpt lat="12.72679667" lon="77.85083644"><ele>778.893</ele><time>2026-02-23T06:57:52Z</time><speed>9.950</speed><sat>20</sat></trkpt>
  <trkpt lat="12.72678582" lon="77.85092238"><ele>778.651</ele><time>2026-02-23T06:57:53Z</time><speed>9.880</speed><sat>21</sat></trkpt>
  <trkpt lat="12.72677405" lon="77.85101063"><ele>778.813</ele><time>2026-02-23T06:57:54Z</time><speed>9.760</speed><sat>21</sat></trkpt>
  <trkpt lat="12.72676994" lon="77.85109608"><ele>778.978</ele><time>2026-02-23T06:57:55Z</time><speed>9.800</speed><sat>22</sat></trkpt>
  <trkpt lat="12.72676296" lon="77.85118398"><ele>778.917</ele><time>2026-02-23T06:57:56Z</time><speed>9.840</speed><sat>20</sat></trkpt>
  <trkpt lat="12.72675536" lon="77.85127054"><ele>779.226</ele><time>2026-02-23T06:57:57Z</time><speed>9.870</speed><sat>21</sat></trkpt>
  <trkpt lat="12.72674594" lon="77.85136038"><ele>779.416</ele><time>2026-02-23T06:57:58Z</time><speed>9.960</speed><sat>20</sat></trkpt>
  <trkpt lat="12.72673669" lon="77.85145093"><ele>779.572</ele><time>2026-02-23T06:57:59Z</time><speed>9.820</speed><sat>21</sat></trkpt>
  <trkpt lat="12.72672769" lon="77.85154599"><ele>779.514</ele><time>2026-02-23T06:58:00Z</time><speed>9.760</speed><sat>20</sat></trkpt>
  <trkpt lat="12.72671705" lon="77.85163590"><ele>779.786</ele><time>2026-02-23T06:58:01Z</time><speed>9.670</speed><sat>19</sat></trkpt>
  <trkpt lat="12.72670849" lon="77.85172547"><ele>779.942</ele><time>2026-02-23T06:58:02Z</time><speed>9.830</speed><sat>18</sat></trkpt>
  <trkpt lat="12.72669788" lon="77.85181191"><ele>779.898</ele><time>2026-02-23T06:58:03Z</time><speed>9.710</speed><sat>18</sat></trkpt>
  <trkpt lat="12.72668772" lon="77.85190205"><ele>780.287</ele><time>2026-02-23T06:58:04Z</time><speed>9.970</speed><sat>19</sat></trkpt>
  <trkpt lat="12.72668538" lon="77.85199399"><ele>779.733</ele><time>2026-02-23T06:58:05Z</time><speed>10.080</speed><sat>22</sat></trkpt>
  <trkpt lat="12.72667267" lon="77.85208542"><ele>779.996</ele><time>2026-02-23T06:58:06Z</time><speed>10.000</speed><sat>22</sat></trkpt>
  <trkpt lat="12.72666929" lon="77.85217654"><ele>780.005</ele><time>2026-02-23T06:58:07Z</time><speed>9.900</speed><sat>22</sat></trkpt>
  <trkpt lat="12.72666414" lon="77.85226756"><ele>779.766</ele><time>2026-02-23T06:58:08Z</time><speed>9.880</speed><sat>22</sat></trkpt>
  <trkpt lat="12.72665202" lon="77.85235901"><ele>779.490</ele><time>2026-02-23T06:58:09Z</time><speed>9.940</speed><sat>21</sat></trkpt>
  <trkpt lat="12.72664803" lon="77.85244527"><ele>779.772</ele><time>2026-02-23T06:58:10Z</time><speed>10.000</speed><sat>20</sat></trkpt>
  <trkpt lat="12.72663738" lon="77.85253504"><ele>779.401</ele><time>2026-02-23T06:58:11Z</time><speed>9.970</speed><sat>20</sat></trkpt>
  <trkpt lat="12.72662817" lon="77.85262770"><ele>780.041</ele><time>2026-02-23T06:58:12Z</time><speed>9.960</speed><sat>19</sat></trkpt>
  <trkpt lat="12.72661633" lon="77.85271918"><ele>780.310</ele><time>2026-02-23T06:58:13Z</time><speed>9.760</speed><sat>18</sat></trkpt>
  <trkpt lat="12.72661002" lon="77.85281030"><ele>780.302</ele><time>2026-02-23T06:58:14Z</time><speed>10.020</speed><sat>18</sat></trkpt>
  <trkpt lat="12.72660435" lon="77.85290137"><ele>780.979</ele><time>2026-02-23T06:58:15Z</time><speed>9.910</speed><sat>18</sat></trkpt>
  <trkpt lat="12.72659427" lon="77.85299015"><ele>781.342</ele><time>2026-02-23T06:58:16Z</time><speed>10.030</speed><sat>18</sat></trkpt>
  <trkpt lat="12.72658540" lon="77.85308627"><ele>780.722</ele><time>2026-02-23T06:58:17Z</time><speed>10.110</speed><sat>15</sat></trkpt>
  <trkpt lat="12.72657664" lon="77.85318304"><ele>781.063</ele><time>2026-02-23T06:58:18Z</time><speed>10.150</speed><sat>19</sat></trkpt>
  <trkpt lat="12.72656858" lon="77.85327858"><ele>780.837</ele><time>2026-02-23T06:58:19Z</time><speed>10.310</speed><sat>19</sat></trkpt>
  <trkpt lat="12.72655552" lon="77.85337213"><ele>780.791</ele><time>2026-02-23T06:58:20Z</time><speed>10.410</speed><sat>18</sat></trkpt>
  <trkpt lat="12.72653689" lon="77.85346574"><ele>780.841</ele><time>2026-02-23T06:58:21Z</time><speed>10.450</speed><sat>19</sat></trkpt>
  <trkpt lat="12.72652858" lon="77.85355709"><ele>780.704</ele><time>2026-02-23T06:58:22Z</time><speed>10.400</speed><sat>20</sat></trkpt>
  <trkpt lat="12.72651225" lon="77.85365080"><ele>780.568</ele><time>2026-02-23T06:58:23Z</time><speed>10.380</speed><sat>20</sat></trkpt>
  <trkpt lat="12.72649935" lon="77.85374095"><ele>780.545</ele><time>2026-02-23T06:58:24Z</time><speed>10.310</speed><sat>22</sat></trkpt>
  <trkpt lat="12.72647810" lon="77.85383367"><ele>780.198</ele><time>2026-02-23T06:58:25Z</time><speed>10.190</speed><sat>24</sat></trkpt>
  <trkpt lat="12.72645709" lon="77.85392054"><ele>779.981</ele><time>2026-02-23T06:58:26Z</time><speed>10.090</speed><sat>22</sat></trkpt>
  <trkpt lat="12.72643871" lon="77.85400945"><ele>780.438</ele><time>2026-02-23T06:58:27Z</time><speed>10.050</speed><sat>19</sat></trkpt>
  <trkpt lat="12.72641568" lon="77.85409799"><ele>780.093</ele><time>2026-02-23T06:58:28Z</time><speed>10.070</speed><sat>24</sat></trkpt>
  <trkpt lat="12.72639276" lon="77.85418497"><ele>779.869</ele><time>2026-02-23T06:58:29Z</time><speed>10.030</speed><sat>23</sat></trkpt>
  <trkpt lat="12.72636954" lon="77.85427513"><ele>780.237</ele><time>2026-02-23T06:58:30Z</time><speed>10.090</speed><sat>24</sat></trkpt>
  <trkpt lat="12.72634114" lon="77.85436250"><ele>780.181</ele><time>2026-02-23T06:58:31Z</time><speed>9.910</speed><sat>23</sat></trkpt>
  <trkpt lat="12.72631690" lon="77.85445389"><ele>780.043</ele><time>2026-02-23T06:58:32Z</time><speed>9.980</speed><sat>23</sat></trkpt>
  <trkpt lat="12.72629151" lon="77.85453955"><ele>780.056</ele><time>2026-02-23T06:58:33Z</time><speed>9.960</speed><sat>22</sat></trkpt>
  <trkpt lat="12.72626748" lon="77.85462588"><ele>779.777</ele><time>2026-02-23T06:58:34Z</time><speed>10.100</speed><sat>22</sat></trkpt>
  <trkpt lat="12.72623691" lon="77.85471738"><ele>779.325</ele><time>2026-02-23T06:58:35Z</time><speed>10.190</speed><sat>21</sat></trkpt>
  <trkpt lat="12.72620928" lon="77.85480477"><ele>779.521</ele><time>2026-02-23T06:58:36Z</time><speed>10.170</speed><sat>20</sat></trkpt>
  <trkpt lat="12.72618059" lon="77.85489442"><ele>779.292</ele><time>2026-02-23T06:58:37Z</time><speed>10.180</speed><sat>18</sat></trkpt>
  <trkpt lat="12.72615054" lon="77.85498442"><ele>779.113</ele><time>2026-02-23T06:58:38Z</time><speed>10.310</speed><sat>20</sat></trkpt>
  <trkpt lat="12.72612447" lon="77.85507667"><ele>779.081</ele><time>2026-02-23T06:58:39Z</time><speed>10.250</speed><sat>22</sat></trkpt>
  <trkpt lat="12.72609873" lon="77.85516719"><ele>778.780</ele><time>2026-02-23T06:58:40Z</time><speed>10.100</speed><sat>24</sat></trkpt>
  <trkpt lat="12.72607379" lon="77.85525400"><ele>778.731</ele><time>2026-02-23T06:58:41Z</time><speed>9.830</speed><sat>21</sat></trkpt>
  <trkpt lat="12.72605003" lon="77.85534127"><ele>778.430</ele><time>2026-02-23T06:58:42Z</time><speed>9.870</speed><sat>21</sat></trkpt>
  <trkpt lat="12.72602617" lon="77.85542761"><ele>778.279</ele><time>2026-02-23T06:58:43Z</time><speed>9.940</speed><sat>20</sat></trkpt>
  <trkpt lat="12.72600200" lon="77.85551487"><ele>778.156</ele><time>2026-02-23T06:58:44Z</time><speed>10.010</speed><sat>20</sat></trkpt>
  <trkpt lat="12.72597608" lon="77.85560537"><ele>778.425</ele><time>2026-02-23T06:58:45Z</time><speed>10.150</speed><sat>20</sat></trkpt>
  <trkpt lat="12.72595271" lon="77.85569443"><ele>778.680</ele><time>2026-02-23T06:58:46Z</time><speed>10.090</speed><sat>20</sat></trkpt>
  <trkpt lat="12.72592669" lon="77.85578378"><ele>778.591</ele><time>2026-02-23T06:58:47Z</time><speed>9.850</speed><sat>21</sat></trkpt>
  <trkpt lat="12.72590290" lon="77.85587149"><ele>778.705</ele><time>2026-02-23T06:58:48Z</time><speed>9.850</speed><sat>22</sat></trkpt>
  <trkpt lat="12.72587919" lon="77.85595930"><ele>778.458</ele><time>2026-02-23T06:58:49Z</time><speed>9.800</speed><sat>20</sat></trkpt>
  <trkpt lat="12.72585627" lon="77.85604807"><ele>778.290</ele><time>2026-02-23T06:58:50Z</time><speed>9.840</speed><sat>19</sat></trkpt>
  <trkpt lat="12.72583758" lon="77.85613527"><ele>778.090</ele><time>2026-02-23T06:58:51Z</time><speed>9.730</speed><sat>24</sat></trkpt>
  <trkpt lat="12.72581740" lon="77.85622642"><ele>778.252</ele><time>2026-02-23T06:58:52Z</time><speed>9.710</speed><sat>21</sat></trkpt>
  <trkpt lat="12.72579869" lon="77.85631622"><ele>778.430</ele><time>2026-02-23T06:58:53Z</time><speed>9.870</speed><sat>22</sat></trkpt>
  <trkpt lat="12.72577847" lon="77.85640604"><ele>778.713</ele><time>2026-02-23T06:58:54Z</time><speed>9.940</speed><sat>23</sat></trkpt>
  <trkpt lat="12.72575991" lon="77.85649190"><ele>778.719</ele><time>2026-02-23T06:58:55Z</time><speed>9.910</speed><sat>18</sat></trkpt>
  <trkpt lat="12.72574127" lon="77.85658015"><ele>778.889</ele><time>2026-02-23T06:58:56Z</time><speed>9.960</speed><sat>22</sat></trkpt>
  <trkpt lat="12.72572709" lon="77.85667270"><ele>778.652</ele><time>2026-02-23T06:58:57Z</time><speed>9.860</speed><sat>23</sat></trkpt>
  <trkpt lat="12.72571090" lon="77.85676636"><ele>778.367</ele><time>2026-02-23T06:58:58Z</time><speed>9.820</speed><sat>22</sat></trkpt>
  <trkpt lat="12.72569475" lon="77.85685481"><ele>778.720</ele><time>2026-02-23T06:58:59Z</time><speed>9.900</speed><sat>19</sat></trkpt>
  <trkpt lat="12.72567468" lon="77.85694668"><ele>778.572</ele><time>2026-02-23T06:59:00Z</time><speed>9.740</speed><sat>20</sat></trkpt>
  <trkpt lat="12.72565915" lon="77.85703068"><ele>778.268</ele><time>2026-02-23T06:59:01Z</time><speed>9.530</speed><sat>20</sat></trkpt>
  <trkpt lat="12.72564596" lon="77.85711786"><ele>778.476</ele><time>2026-02-23T06:59:02Z</time><speed>9.540</speed><sat>21</sat></trkpt>
  <trkpt lat="12.72563016" lon="77.85720580"><ele>777.973</ele><time>2026-02-23T06:59:03Z</time><speed>9.440</speed><sat>20</sat></trkpt>
  <trkpt lat="12.72561907" lon="77.85730026"><ele>777.260</ele><time>2026-02-23T06:59:04Z</time><speed>9.450</speed><sat>21</sat></trkpt>
  <trkpt lat="12.72560236" lon="77.85738647"><ele>777.635</ele><time>2026-02-23T06:59:05Z</time><speed>9.570</speed><sat>21</sat></trkpt>
  <trkpt lat="12.72558498" lon="77.85747236"><ele>777.980</ele><time>2026-02-23T06:59:06Z</time><speed>9.570</speed><sat>21</sat></trkpt>
  <trkpt lat="12.72557568" lon="77.85755677"><ele>777.360</ele><time>2026-02-23T06:59:07Z</time><speed>9.560</speed><sat>16</sat></trkpt>
  <trkpt lat="12.72555629" lon="77.85764120"><ele>777.513</ele><time>2026-02-23T06:59:08Z</time><speed>9.640</speed><sat>20</sat></trkpt>
  <trkpt lat="12.72554576" lon="77.85773032"><ele>777.221</ele><time>2026-02-23T06:59:09Z</time><speed>9.810</speed><sat>20</sat></trkpt>
  <trkpt lat="12.72553498" lon="77.85782123"><ele>776.627</ele><time>2026-02-23T06:59:10Z</time><speed>9.890</speed><sat>20</sat></trkpt>
  <trkpt lat="12.72552030" lon="77.85790915"><ele>776.303</ele><time>2026-02-23T06:59:11Z</time><speed>9.740</speed><sat>20</sat></trkpt>
  <trkpt lat="12.72551004" lon="77.85800339"><ele>776.102</ele><time>2026-02-23T06:59:12Z</time><speed>9.700</speed><sat>24</sat></trkpt>
  <trkpt lat="12.72549361" lon="77.85808809"><ele>775.418</ele><time>2026-02-23T06:59:13Z</time><speed>9.780</speed><sat>21</sat></trkpt>
  <trkpt lat="12.72548330" lon="77.85817577"><ele>774.866</ele><time>2026-02-23T06:59:14Z</time><speed>9.590</speed><sat>20</sat></trkpt>
  <trkpt lat="12.72546808" lon="77.85826261"><ele>775.016</ele><time>2026-02-23T06:59:15Z</time><speed>9.450</speed><sat>22</sat></trkpt>
  <trkpt lat="12.72545626" lon="77.85834507"><ele>774.815</ele><time>2026-02-23T06:59:16Z</time><speed>9.320</speed><sat>19</sat></trkpt>
  <trkpt lat="12.72543928" lon="77.85843140"><ele>774.612</ele><time>2026-02-23T06:59:17Z</time><speed>9.190</speed><sat>22</sat></trkpt>
  <trkpt lat="12.72543080" lon="77.85851393"><ele>774.533</ele><time>2026-02-23T06:59:18Z</time><speed>8.920</speed><sat>24</sat></trkpt>
  <trkpt lat="12.72541560" lon="77.85859422"><ele>774.614</ele><time>2026-02-23T06:59:19Z</time><speed>8.840</speed><sat>23</sat></trkpt>
  <trkpt lat="12.72539944" lon="77.85867481"><ele>774.306</ele><time>2026-02-23T06:59:20Z</time><speed>8.730</speed><sat>18</sat></trkpt>
  <trkpt lat="12.72538605" lon="77.85875577"><ele>774.317</ele><time>2026-02-23T06:59:21Z</time><speed>8.820</speed><sat>21</sat></trkpt>
  <trkpt lat="12.72537240" lon="77.85883582"><ele>773.815</ele><time>2026-02-23T06:59:22Z</time><speed>8.800</speed><sat>22</sat></trkpt>
  <trkpt lat="12.72536229" lon="77.85891255"><ele>773.793</ele><time>2026-02-23T06:59:23Z</time><speed>8.790</speed><sat>21</sat></trkpt>
  <trkpt lat="12.72534690" lon="77.85898867"><ele>774.058</ele><time>2026-02-23T06:59:24Z</time><speed>8.550</speed><sat>21</sat></trkpt>
  <trkpt lat="12.72532577" lon="77.85906083"><ele>774.409</ele><time>2026-02-23T06:59:25Z</time><speed>8.380</speed><sat>22</sat></trkpt>
  <trkpt lat="12.72531606" lon="77.85913592"><ele>774.590</ele><time>2026-02-23T06:59:26Z</time><speed>8.420</speed><sat>22</sat></trkpt>
  <trkpt lat="12.72529966" lon="77.85921246"><ele>774.025</ele><time>2026-02-23T06:59:27Z</time><speed>8.280</speed><sat>22</sat></trkpt>
  <trkpt lat="12.72528472" lon="77.85928818"><ele>774.253</ele><time>2026-02-23T06:59:28Z</time><speed>8.230</speed><sat>22</sat></trkpt>
  <trkpt lat="12.72526288" lon="77.85935917"><ele>774.241</ele><time>2026-02-23T06:59:29Z</time><speed>8.160</speed><sat>23</sat></trkpt>
  <trkpt lat="12.72524636" lon="77.85943261"><ele>774.429</ele><time>2026-02-23T06:59:30Z</time><speed>8.120</speed><sat>22</sat></trkpt>
  <trkpt lat="12.72522877" lon="77.85950512"><ele>774.644</ele><time>2026-02-23T06:59:31Z</time><speed>8.220</speed><sat>24</sat></trkpt>
  <trkpt lat="12.72521343" lon="77.85958307"><ele>774.286</ele><time>2026-02-23T06:59:32Z</time><speed>8.590</speed><sat>21</sat></trkpt>
  <trkpt lat="12.72519385" lon="77.85965987"><ele>774.334</ele><time>2026-02-23T06:59:33Z</time><speed>8.610</speed><sat>21</sat></trkpt>
  <trkpt lat="12.72518223" lon="77.85973606"><ele>773.988</ele><time>2026-02-23T06:59:34Z</time><speed>8.940</speed><sat>21</sat></trkpt>
  <trkpt lat="12.72516660" lon="77.85981973"><ele>774.140</ele><time>2026-02-23T06:59:35Z</time><speed>9.240</speed><sat>21</sat></trkpt>
  <trkpt lat="12.72515516" lon="77.85990267"><ele>774.287</ele><time>2026-02-23T06:59:36Z</time><speed>9.350</speed><sat>17</sat></trkpt>
  <trkpt lat="12.72514160" lon="77.85998788"><ele>774.341</ele><time>2026-02-23T06:59:37Z</time><speed>9.540</speed><sat>17</sat></trkpt>
  <trkpt lat="12.72512888" lon="77.86007344"><ele>774.388</ele><time>2026-02-23T06:59:38Z</time><speed>9.430</speed><sat>19</sat></trkpt>
  <trkpt lat="12.72512075" lon="77.86015662"><ele>774.177</ele><time>2026-02-23T06:59:39Z</time><speed>9.370</speed><sat>19</sat></trkpt>
  <trkpt lat="12.72511039" lon="77.86024749"><ele>773.458</ele><time>2026-02-23T06:59:40Z</time><speed>9.560</speed><sat>21</sat></trkpt>
  <trkpt lat="12.72510021" lon="77.86033287"><ele>774.025</ele><time>2026-02-23T06:59:41Z</time><speed>9.640</speed><sat>20</sat></trkpt>
  <trkpt lat="12.72509441" lon="77.86042547"><ele>773.445</ele><time>2026-02-23T06:59:42Z</time><speed>9.640</speed><sat>20</sat></trkpt>
  <trkpt lat="12.72508271" lon="77.86051015"><ele>773.754</ele><time>2026-02-23T06:59:43Z</time><speed>9.440</speed><sat>18</sat></trkpt>
  <trkpt lat="12.72506987" lon="77.86059802"><ele>773.236</ele><time>2026-02-23T06:59:44Z</time><speed>9.300</speed><sat>19</sat></trkpt>
  <trkpt lat="12.72505944" lon="77.86068852"><ele>772.877</ele><time>2026-02-23T06:59:45Z</time><speed>9.140</speed><sat>19</sat></trkpt>
  <trkpt lat="12.72505050" lon="77.86077065"><ele>772.387</ele><time>2026-02-23T06:59:46Z</time><speed>8.990</speed><sat>18</sat></trkpt>
  <trkpt lat="12.72503713" lon="77.86085312"><ele>772.274</ele><time>2026-02-23T06:59:47Z</time><speed>8.830</speed><sat>21</sat></trkpt>
  <trkpt lat="12.72502273" lon="77.86093391"><ele>772.374</ele><time>2026-02-23T06:59:48Z</time><speed>8.680</speed><sat>22</sat></trkpt>
  <trkpt lat="12.72500334" lon="77.86100982"><ele>772.584</ele><time>2026-02-23T06:59:49Z</time><speed>8.940</speed><sat>22</sat></trkpt>
  <trkpt lat="12.72499103" lon="77.86109057"><ele>772.208</ele><time>2026-02-23T06:59:50Z</time><speed>8.870</speed><sat>21</sat></trkpt>
  <trkpt lat="12.72497752" lon="77.86116968"><ele>772.450</ele><time>2026-02-23T06:59:51Z</time><speed>8.770</speed><sat>21</sat></trkpt>
  <trkpt lat="12.72496443" lon="77.86124568"><ele>772.601</ele><time>2026-02-23T06:59:52Z</time><speed>8.840</speed><sat>20</sat></trkpt>
  <trkpt lat="12.72495336" lon="77.86132483"><ele>772.789</ele><time>2026-02-23T06:59:53Z</time><speed>8.840</speed><sat>20</sat></trkpt>
  <trkpt lat="12.72493946" lon="77.86140625"><ele>772.935</ele><time>2026-02-23T06:59:54Z</time><speed>9.080</speed><sat>18</sat></trkpt>
  <trkpt lat="12.72492696" lon="77.86148803"><ele>772.920</ele><time>2026-02-23T06:59:55Z</time><speed>9.200</speed><sat>21</sat></trkpt>
  <trkpt lat="12.72491133" lon="77.86157261"><ele>773.065</ele><time>2026-02-23T06:59:56Z</time><speed>9.280</speed><sat>21</sat></trkpt>
  <trkpt lat="12.72489147" lon="77.86165881"><ele>772.769</ele><time>2026-02-23T06:59:57Z</time><speed>9.350</speed><sat>20</sat></trkpt>
  <trkpt lat="12.72487263" lon="77.86174556"><ele>772.269</ele><time>2026-02-23T06:59:58Z</time><speed>9.430</speed><sat>17</sat></trkpt>
  <trkpt lat="12.72485993" lon="77.86183154"><ele>772.589</ele><time>2026-02-23T06:59:59Z</time><speed>9.340</speed><sat>22</sat></trkpt>
  <trkpt lat="12.72484555" lon="77.86191277"><ele>773.041</ele><time>2026-02-23T07:00:00Z</time><speed>9.190</speed><sat>20</sat></trkpt>
  <trkpt lat="12.72483469" lon="77.86199420"><ele>773.269</ele><time>2026-02-23T07:00:01Z</time><speed>9.130</speed><sat>22</sat></trkpt>
  <trkpt lat="12.72481967" lon="77.86207382"><ele>773.419</ele><time>2026-02-23T07:00:02Z</time><speed>9.000</speed><sat>22</sat></trkpt>
  <trkpt lat="12.72480365" lon="77.86215081"><ele>773.911</ele><time>2026-02-23T07:00:03Z</time><speed>8.940</speed><sat>22</sat></trkpt>
  <trkpt lat="12.72478727" lon="77.86222728"><ele>773.913</ele><time>2026-02-23T07:00:04Z</time><speed>8.910</speed><sat>20</sat></trkpt>
  <trkpt lat="12.72477013" lon="77.86230976"><ele>774.141</ele><time>2026-02-23T07:00:05Z</time><speed>9.080</speed><sat>21</sat></trkpt>
  <trkpt lat="12.72475471" lon="77.86239712"><ele>774.005</ele><time>2026-02-23T07:00:06Z</time><speed>9.250</speed><sat>20</sat></trkpt>
  <trkpt lat="12.72473762" lon="77.86248043"><ele>774.276</ele><time>2026-02-23T07:00:07Z</time><speed>9.270</speed><sat>22</sat></trkpt>
  <trkpt lat="12.72472235" lon="77.86256252"><ele>774.666</ele><time>2026-02-23T07:00:08Z</time><speed>9.170</speed><sat>22</sat></trkpt>
  <trkpt lat="12.72470339" lon="77.86264850"><ele>774.657</ele><time>2026-02-23T07:00:09Z</time><speed>9.220</speed><sat>23</sat></trkpt>
  <trkpt lat="12.72468028" lon="77.86273045"><ele>774.889</ele><time>2026-02-23T07:00:10Z</time><speed>9.260</speed><sat>23</sat></trkpt>
  <trkpt lat="12.72465932" lon="77.86281476"><ele>774.608</ele><time>2026-02-23T07:00:11Z</time><speed>9.500</speed><sat>23</sat></trkpt>
  <trkpt lat="12.72464050" lon="77.86289868"><ele>774.382</ele><time>2026-02-23T07:00:12Z</time><speed>9.520</speed><sat>23</sat></trkpt>
  <trkpt lat="12.72462036" lon="77.86298212"><ele>773.724</ele><time>2026-02-23T07:00:13Z</time><speed>9.620</speed><sat>21</sat></trkpt>
  <trkpt lat="12.72459275" lon="77.86306445"><ele>774.249</ele><time>2026-02-23T07:00:14Z</time><speed>9.660</speed><sat>22</sat></trkpt>
  <trkpt lat="12.72456938" lon="77.86314967"><ele>774.491</ele><time>2026-02-23T07:00:15Z</time><speed>9.850</speed><sat>20</sat></trkpt>
  <trkpt lat="12.72454416" lon="77.86323600"><ele>774.599</ele><time>2026-02-23T07:00:16Z</time><speed>9.990</speed><sat>21</sat></trkpt>
  <trkpt lat="12.72451571" lon="77.86332061"><ele>774.928</ele><time>2026-02-23T07:00:17Z</time><speed>10.110</speed><sat>19</sat></trkpt>
  <trkpt lat="12.72448538" lon="77.86340873"><ele>774.808</ele><time>2026-02-23T07:00:18Z</time><speed>10.160</speed><sat>20</sat></trkpt>
  <trkpt lat="12.72445361" lon="77.86349668"><ele>775.083</ele><time>2026-02-23T07:00:19Z</time><speed>10.190</speed><sat>19</sat></trkpt>
  <trkpt lat="12.72441838" lon="77.86357904"><ele>774.848</ele><time>2026-02-23T07:00:20Z</time><speed>10.260</speed><sat>21</sat></trkpt>
  <trkpt lat="12.72438619" lon="77.86366826"><ele>775.365</ele><time>2026-02-23T07:00:21Z</time><speed>10.380</speed><sat>23</sat></trkpt>
  <trkpt lat="12.72435313" lon="77.86375760"><ele>775.345</ele><time>2026-02-23T07:00:22Z</time><speed>10.510</speed><sat>24</sat></trkpt>
  <trkpt lat="12.72431364" lon="77.86384435"><ele>775.389</ele><time>2026-02-23T07:00:23Z</time><speed>10.450</speed><sat>24</sat></trkpt>
  <trkpt lat="12.72427727" lon="77.86392921"><ele>776.005</ele><time>2026-02-23T07:00:24Z</time><speed>10.300</speed><sat>21</sat></trkpt>
  <trkpt lat="12.72424052" lon="77.86401541"><ele>775.869</ele><time>2026-02-23T07:00:25Z</time><speed>10.410</speed><sat>20</sat></trkpt>
  <trkpt lat="12.72420056" lon="77.86410436"><ele>775.594</ele><time>2026-02-23T07:00:26Z</time><speed>10.390</speed><sat>20</sat></trkpt>
  <trkpt lat="12.72415897" lon="77.86418930"><ele>775.473</ele><time>2026-02-23T07:00:27Z</time><speed>10.360</speed><sat>16</sat></trkpt>
  <trkpt lat="12.72411974" lon="77.86426972"><ele>774.891</ele><time>2026-02-23T07:00:28Z</time><speed>10.410</speed><sat>21</sat></trkpt>
  <trkpt lat="12.72408303" lon="77.86436265"><ele>774.654</ele><time>2026-02-23T07:00:29Z</time><speed>10.270</speed><sat>21</sat></trkpt>
  <trkpt lat="12.72403426" lon="77.86444270"><ele>774.843</ele><time>2026-02-23T07:00:30Z</time><speed>10.250</speed><sat>17</sat></trkpt>
  <trkpt lat="12.72399579" lon="77.86452955"><ele>774.421</ele><time>2026-02-23T07:00:31Z</time><speed>10.180</speed><sat>22</sat></trkpt>
  <trkpt lat="12.72394697" lon="77.86460643"><ele>774.379</ele><time>2026-02-23T07:00:32Z</time><speed>10.190</speed><sat>21</sat></trkpt>
  <trkpt lat="12.72390775" lon="77.86469245"><ele>774.136</ele><time>2026-02-23T07:00:33Z</time><speed>10.290</speed><sat>20</sat></trkpt>
  <trkpt lat="12.72385967" lon="77.86477524"><ele>773.970</ele><time>2026-02-23T07:00:34Z</time><speed>10.380</speed><sat>22</sat></trkpt>
  <trkpt lat="12.72381510" lon="77.86485707"><ele>773.776</ele><time>2026-02-23T07:00:35Z</time><speed>10.390</speed><sat>21</sat></trkpt>
  <trkpt lat="12.72375600" lon="77.86494357"><ele>772.088</ele><time>2026-02-23T07:00:36Z</time><speed>10.440</speed><sat>20</sat></trkpt>
  <trkpt lat="12.72370189" lon="77.86502799"><ele>771.944</ele><time>2026-02-23T07:00:37Z</time><speed>10.520</speed><sat>20</sat></trkpt>
  <trkpt lat="12.72364722" lon="77.86511098"><ele>771.174</ele><time>2026-02-23T07:00:38Z</time><speed>10.500</speed><sat>22</sat></trkpt>
  <trkpt lat="12.72359650" lon="77.86519498"><ele>770.983</ele><time>2026-02-23T07:00:39Z</time><speed>10.590</speed><sat>20</sat></trkpt>
  <trkpt lat="12.72354268" lon="77.86527644"><ele>771.344</ele><time>2026-02-23T07:00:40Z</time><speed>10.540</speed><sat>20</sat></trkpt>
  <trkpt lat="12.72349215" lon="77.86535643"><ele>770.852</ele><time>2026-02-23T07:00:41Z</time><speed>10.520</speed><sat>20</sat></trkpt>
  <trkpt lat="12.72343675" lon="77.86543686"><ele>770.995</ele><time>2026-02-23T07:00:42Z</time><speed>10.410</speed><sat>20</sat></trkpt>
  <trkpt lat="12.72338470" lon="77.86551496"><ele>770.800</ele><time>2026-02-23T07:00:43Z</time><speed>10.300</speed><sat>19</sat></trkpt>
  <trkpt lat="12.72333452" lon="77.86558799"><ele>769.936</ele><time>2026-02-23T07:00:44Z</time><speed>10.120</speed><sat>21</sat></trkpt>
  <trkpt lat="12.72328124" lon="77.86566256"><ele>770.095</ele><time>2026-02-23T07:00:45Z</time><speed>9.920</speed><sat>18</sat></trkpt>
  <trkpt lat="12.72322854" lon="77.86572942"><ele>770.945</ele><time>2026-02-23T07:00:46Z</time><speed>9.720</speed><sat>18</sat></trkpt>
  <trkpt lat="12.72317853" lon="77.86579426"><ele>771.237</ele><time>2026-02-23T07:00:47Z</time><speed>9.740</speed><sat>22</sat></trkpt>
  <trkpt lat="12.72312776" lon="77.86585928"><ele>771.067</ele><time>2026-02-23T07:00:48Z</time><speed>9.760</speed><sat>22</sat></trkpt>
  <trkpt lat="12.72307434" lon="77.86593084"><ele>770.971</ele><time>2026-02-23T07:00:49Z</time><speed>9.760</speed><sat>22</sat></trkpt>
  <trkpt lat="12.72301815" lon="77.86599641"><ele>770.720</ele><time>2026-02-23T07:00:50Z</time><speed>9.460</speed><sat>21</sat></trkpt>
  <trkpt lat="12.72296791" lon="77.86606751"><ele>771.241</ele><time>2026-02-23T07:00:51Z</time><speed>9.190</speed><sat>21</sat></trkpt>
  <trkpt lat="12.72291918" lon="77.86613718"><ele>771.406</ele><time>2026-02-23T07:00:52Z</time><speed>9.130</speed><sat>17</sat></trkpt>
  <trkpt lat="12.72286993" lon="77.86620248"><ele>771.495</ele><time>2026-02-23T07:00:53Z</time><speed>9.130</speed><sat>21</sat></trkpt>
  <trkpt lat="12.72281389" lon="77.86626557"><ele>771.350</ele><time>2026-02-23T07:00:54Z</time><speed>9.260</speed><sat>22</sat></trkpt>
  <trkpt lat="12.72276135" lon="77.86633189"><ele>771.400</ele><time>2026-02-23T07:00:55Z</time><speed>9.330</speed><sat>19</sat></trkpt>
  <trkpt lat="12.72270604" lon="77.86640238"><ele>771.436</ele><time>2026-02-23T07:00:56Z</time><speed>9.410</speed><sat>22</sat></trkpt>
  <trkpt lat="12.72265401" lon="77.86646935"><ele>771.995</ele><time>2026-02-23T07:00:57Z</time><speed>9.490</speed><sat>23</sat></trkpt>
  <trkpt lat="12.72260365" lon="77.86654257"><ele>772.424</ele><time>2026-02-23T07:00:58Z</time><speed>9.520</speed><sat>19</sat></trkpt>
  <trkpt lat="12.72255577" lon="77.86661333"><ele>772.616</ele><time>2026-02-23T07:00:59Z</time><speed>9.570</speed><sat>22</sat></trkpt>
  <trkpt lat="12.72250140" lon="77.86668015"><ele>771.538</ele><time>2026-02-23T07:01:00Z</time><speed>9.680</speed><sat>21</sat></trkpt>
  <trkpt lat="12.72244779" lon="77.86675122"><ele>771.561</ele><time>2026-02-23T07:01:01Z</time><speed>9.730</speed><sat>22</sat></trkpt>
  <trkpt lat="12.72239542" lon="77.86681972"><ele>771.563</ele><time>2026-02-23T07:01:02Z</time><speed>9.810</speed><sat>20</sat></trkpt>
  <trkpt lat="12.72233938" lon="77.86689362"><ele>771.458</ele><time>2026-02-23T07:01:03Z</time><speed>9.940</speed><sat>22</sat></trkpt>
  <trkpt lat="12.72227837" lon="77.86696451"><ele>771.173</ele><time>2026-02-23T07:01:04Z</time><speed>10.100</speed><sat>20</sat></trkpt>
  <trkpt lat="12.72222162" lon="77.86703880"><ele>771.620</ele><time>2026-02-23T07:01:05Z</time><speed>10.180</speed><sat>22</sat></trkpt>
  <trkpt lat="12.72216463" lon="77.86711354"><ele>771.291</ele><time>2026-02-23T07:01:06Z</time><speed>10.280</speed><sat>20</sat></trkpt>
  <trkpt lat="12.72210745" lon="77.86718741"><ele>771.223</ele><time>2026-02-23T07:01:07Z</time><speed>10.330</speed><sat>20</sat></trkpt>
  <trkpt lat="12.72205131" lon="77.86726535"><ele>771.502</ele><time>2026-02-23T07:01:08Z</time><speed>10.370</speed><sat>19</sat></trkpt>
  <trkpt lat="12.72199610" lon="77.86733960"><ele>771.534</ele><time>2026-02-23T07:01:09Z</time><speed>10.380</speed><sat>22</sat></trkpt>
  <trkpt lat="12.72194548" lon="77.86741598"><ele>771.278</ele><time>2026-02-23T07:01:10Z</time><speed>10.220</speed><sat>21</sat></trkpt>
  <trkpt lat="12.72188769" lon="77.86748929"><ele>772.006</ele><time>2026-02-23T07:01:11Z</time><speed>10.080</speed><sat>21</sat></trkpt>
  <trkpt lat="12.72182874" lon="77.86756574"><ele>772.022</ele><time>2026-02-23T07:01:12Z</time><speed>10.040</speed><sat>19</sat></trkpt>
  <trkpt lat="12.72177401" lon="77.86763545"><ele>771.417</ele><time>2026-02-23T07:01:13Z</time><speed>9.960</speed><sat>21</sat></trkpt>
  <trkpt lat="12.72171621" lon="77.86770514"><ele>771.211</ele><time>2026-02-23T07:01:14Z</time><speed>9.940</speed><sat>20</sat></trkpt>
  <trkpt lat="12.72166206" lon="77.86777537"><ele>771.115</ele><time>2026-02-23T07:01:15Z</time><speed>9.920</speed><sat>20</sat></trkpt>
  <trkpt lat="12.72160853" lon="77.86784617"><ele>771.133</ele><time>2026-02-23T07:01:16Z</time><speed>9.920</speed><sat>19</sat></trkpt>
  <trkpt lat="12.72155492" lon="77.86791357"><ele>772.088</ele><time>2026-02-23T07:01:17Z</time><speed>9.960</speed><sat>20</sat></trkpt>
  <trkpt lat="12.72149987" lon="77.86798469"><ele>772.708</ele><time>2026-02-23T07:01:18Z</time><speed>9.930</speed><sat>20</sat></trkpt>
  <trkpt lat="12.72144463" lon="77.86805476"><ele>772.259</ele><time>2026-02-23T07:01:19Z</time><speed>9.970</speed><sat>19</sat></trkpt>
  <trkpt lat="12.72138817" lon="77.86812556"><ele>772.353</ele><time>2026-02-23T07:01:20Z</time><speed>9.950</speed><sat>20</sat></trkpt>
  <trkpt lat="12.72133840" lon="77.86820129"><ele>772.377</ele><time>2026-02-23T07:01:21Z</time><speed>9.880</speed><sat>19</sat></trkpt>
  <trkpt lat="12.72128422" lon="77.86827395"><ele>772.473</ele><time>2026-02-23T07:01:22Z</time><speed>9.760</speed><sat>21</sat></trkpt>
  <trkpt lat="12.72122857" lon="77.86834527"><ele>772.028</ele><time>2026-02-23T07:01:23Z</time><speed>9.810</speed><sat>20</sat></trkpt>
  <trkpt lat="12.72117006" lon="77.86841687"><ele>771.945</ele><time>2026-02-23T07:01:24Z</time><speed>9.790</speed><sat>20</sat></trkpt>
  <trkpt lat="12.72112219" lon="77.86849150"><ele>771.742</ele><time>2026-02-23T07:01:25Z</time><speed>9.850</speed><sat>21</sat></trkpt>
  <trkpt lat="12.72106757" lon="77.86856888"><ele>771.979</ele><time>2026-02-23T07:01:26Z</time><speed>9.950</speed><sat>21</sat></trkpt>
  <trkpt lat="12.72101349" lon="77.86864492"><ele>772.251</ele><time>2026-02-23T07:01:27Z</time><speed>10.050</speed><sat>20</sat></trkpt>
  <trkpt lat="12.72095720" lon="77.86871930"><ele>771.935</ele><time>2026-02-23T07:01:28Z</time><speed>10.100</speed><sat>20</sat></trkpt>
  <trkpt lat="12.72090312" lon="77.86879480"><ele>771.893</ele><time>2026-02-23T07:01:29Z</time><speed>10.130</speed><sat>22</sat></trkpt>
  <trkpt lat="12.72084739" lon="77.86887158"><ele>772.239</ele><time>2026-02-23T07:01:30Z</time><speed>10.180</speed><sat>21</sat></trkpt>
  <trkpt lat="12.72079460" lon="77.86894827"><ele>771.941</ele><time>2026-02-23T07:01:31Z</time><speed>10.220</speed><sat>22</sat></trkpt>
  <trkpt lat="12.72074285" lon="77.86902100"><ele>771.977</ele><time>2026-02-23T07:01:32Z</time><speed>10.140</speed><sat>21</sat></trkpt>
  <trkpt lat="12.72068843" lon="77.86909715"><ele>771.750</ele><time>2026-02-23T07:01:33Z</time><speed>10.140</speed><sat>21</sat></trkpt>
  <trkpt lat="12.72063370" lon="77.86917456"><ele>771.753</ele><time>2026-02-23T07:01:34Z</time><speed>10.210</speed><sat>21</sat></trkpt>
  <trkpt lat="12.72057934" lon="77.86925176"><ele>771.365</ele><time>2026-02-23T07:01:35Z</time><speed>10.140</speed><sat>22</sat></trkpt>
  <trkpt lat="12.72052707" lon="77.86932401"><ele>771.000</ele><time>2026-02-23T07:01:36Z</time><speed>10.020</speed><sat>21</sat></trkpt>
  <trkpt lat="12.72047681" lon="77.86939985"><ele>770.984</ele><time>2026-02-23T07:01:37Z</time><speed>9.830</speed><sat>21</sat></trkpt>
  <trkpt lat="12.72042406" lon="77.86947088"><ele>770.973</ele><time>2026-02-23T07:01:38Z</time><speed>9.760</speed><sat>22</sat></trkpt>
  <trkpt lat="12.72036828" lon="77.86954263"><ele>769.708</ele><time>2026-02-23T07:01:39Z</time><speed>9.720</speed><sat>22</sat></trkpt>
  <trkpt lat="12.72031837" lon="77.86961754"><ele>769.702</ele><time>2026-02-23T07:01:40Z</time><speed>9.740</speed><sat>23</sat></trkpt>
  <trkpt lat="12.72026895" lon="77.86968915"><ele>770.033</ele><time>2026-02-23T07:01:41Z</time><speed>9.710</speed><sat>20</sat></trkpt>
  <trkpt lat="12.72021474" lon="77.86976132"><ele>769.761</ele><time>2026-02-23T07:01:42Z</time><speed>9.680</speed><sat>22</sat></trkpt>
  <trkpt lat="12.72015989" lon="77.86983319"><ele>769.732</ele><time>2026-02-23T07:01:43Z</time><speed>9.760</speed><sat>22</sat></trkpt>
  <trkpt lat="12.72010993" lon="77.86990629"><ele>769.026</ele><time>2026-02-23T07:01:44Z</time><speed>9.720</speed><sat>23</sat></trkpt>
  <trkpt lat="12.72005617" lon="77.86997906"><ele>769.144</ele><time>2026-02-23T07:01:45Z</time><speed>9.790</speed><sat>22</sat></trkpt>
  <trkpt lat="12.72000137" lon="77.87004949"><ele>768.958</ele><time>2026-02-23T07:01:46Z</time><speed>9.830</speed><sat>20</sat></trkpt>
  <trkpt lat="12.71995172" lon="77.87012045"><ele>768.521</ele><time>2026-02-23T07:01:47Z</time><speed>9.920</speed><sat>20</sat></trkpt>
  <trkpt lat="12.71989900" lon="77.87019474"><ele>768.547</ele><time>2026-02-23T07:01:48Z</time><speed>9.920</speed><sat>21</sat></trkpt>
  <trkpt lat="12.71984559" lon="77.87026766"><ele>768.427</ele><time>2026-02-23T07:01:49Z</time><speed>9.980</speed><sat>20</sat></trkpt>
  <trkpt lat="12.71979146" lon="77.87034587"><ele>768.219</ele><time>2026-02-23T07:01:50Z</time><speed>10.050</speed><sat>21</sat></trkpt>
  <trkpt lat="12.71973945" lon="77.87042000"><ele>767.526</ele><time>2026-02-23T07:01:51Z</time><speed>10.050</speed><sat>21</sat></trkpt>
  <trkpt lat="12.71968413" lon="77.87049217"><ele>766.697</ele><time>2026-02-23T07:01:52Z</time><speed>10.070</speed><sat>21</sat></trkpt>
  <trkpt lat="12.71963165" lon="77.87056621"><ele>766.172</ele><time>2026-02-23T07:01:53Z</time><speed>10.100</speed><sat>22</sat></trkpt>
  <trkpt lat="12.71957603" lon="77.87064557"><ele>765.573</ele><time>2026-02-23T07:01:54Z</time><speed>9.990</speed><sat>22</sat></trkpt>
  <trkpt lat="12.71951942" lon="77.87071881"><ele>765.495</ele><time>2026-02-23T07:01:55Z</time><speed>9.910</speed><sat>21</sat></trkpt>
  <trkpt lat="12.71946628" lon="77.87079491"><ele>764.990</ele><time>2026-02-23T07:01:56Z</time><speed>9.850</speed><sat>21</sat></trkpt>
  <trkpt lat="12.71941404" lon="77.87086672"><ele>764.261</ele><time>2026-02-23T07:01:57Z</time><speed>9.770</speed><sat>19</sat></trkpt>
  <trkpt lat="12.71936141" lon="77.87094109"><ele>763.594</ele><time>2026-02-23T07:01:58Z</time><speed>9.640</speed><sat>18</sat></trkpt>
  <trkpt lat="12.71930879" lon="77.87101812"><ele>763.759</ele><time>2026-02-23T07:01:59Z</time><speed>9.610</speed><sat>17</sat></trkpt>
  <trkpt lat="12.71926074" lon="77.87109562"><ele>763.623</ele><time>2026-02-23T07:02:00Z</time><speed>9.750</speed><sat>21</sat></trkpt>
  <trkpt lat="12.71921342" lon="77.87117108"><ele>763.536</ele><time>2026-02-23T07:02:01Z</time><speed>9.810</speed><sat>18</sat></trkpt>
  <trkpt lat="12.71916921" lon="77.87125085"><ele>762.718</ele><time>2026-02-23T07:02:02Z</time><speed>9.860</speed><sat>20</sat></trkpt>
  <trkpt lat="12.71912707" lon="77.87132945"><ele>762.366</ele><time>2026-02-23T07:02:03Z</time><speed>9.750</speed><sat>22</sat></trkpt>
  <trkpt lat="12.71908935" lon="77.87141093"><ele>762.166</ele><time>2026-02-23T07:02:04Z</time><speed>9.720</speed><sat>22</sat></trkpt>
  <trkpt lat="12.71904746" lon="77.87148661"><ele>761.952</ele><time>2026-02-23T07:02:05Z</time><speed>9.570</speed><sat>21</sat></trkpt>
  <trkpt lat="12.71900754" lon="77.87156427"><ele>761.820</ele><time>2026-02-23T07:02:06Z</time><speed>9.640</speed><sat>22</sat></trkpt>
  <trkpt lat="12.71896800" lon="77.87164094"><ele>761.793</ele><time>2026-02-23T07:02:07Z</time><speed>9.520</speed><sat>17</sat></trkpt>
  <trkpt lat="12.71892561" lon="77.87172047"><ele>761.856</ele><time>2026-02-23T07:02:08Z</time><speed>9.420</speed><sat>20</sat></trkpt>
  <trkpt lat="12.71889198" lon="77.87179835"><ele>761.593</ele><time>2026-02-23T07:02:09Z</time><speed>9.350</speed><sat>19</sat></trkpt>
  <trkpt lat="12.71885652" lon="77.87187758"><ele>761.315</ele><time>2026-02-23T07:02:10Z</time><speed>9.290</speed><sat>18</sat></trkpt>
  <trkpt lat="12.71882067" lon="77.87195462"><ele>761.696</ele><time>2026-02-23T07:02:11Z</time><speed>9.170</speed><sat>21</sat></trkpt>
  <trkpt lat="12.71878758" lon="77.87203401"><ele>760.906</ele><time>2026-02-23T07:02:12Z</time><speed>9.150</speed><sat>20</sat></trkpt>
  <trkpt lat="12.71875014" lon="77.87211149"><ele>760.648</ele><time>2026-02-23T07:02:13Z</time><speed>9.200</speed><sat>20</sat></trkpt>
  <trkpt lat="12.71871741" lon="77.87219013"><ele>761.205</ele><time>2026-02-23T07:02:14Z</time><speed>9.110</speed><sat>22</sat></trkpt>
  <trkpt lat="12.71869020" lon="77.87226701"><ele>761.347</ele><time>2026-02-23T07:02:15Z</time><speed>9.470</speed><sat>21</sat></trkpt>
  <trkpt lat="12.71865772" lon="77.87234897"><ele>760.781</ele><time>2026-02-23T07:02:16Z</time><speed>9.520</speed><sat>23</sat></trkpt>
  <trkpt lat="12.71862845" lon="77.87243034"><ele>761.229</ele><time>2026-02-23T07:02:17Z</time><speed>9.910</speed><sat>20</sat></trkpt>
  <trkpt lat="12.71859306" lon="77.87251436"><ele>760.512</ele><time>2026-02-23T07:02:18Z</time><speed>10.070</speed><sat>22</sat></trkpt>
  <trkpt lat="12.71856466" lon="77.87260443"><ele>759.185</ele><time>2026-02-23T07:02:19Z</time><speed>10.230</speed><sat>22</sat></trkpt>
  <trkpt lat="12.71853024" lon="77.87269013"><ele>758.820</ele><time>2026-02-23T07:02:20Z</time><speed>10.160</speed><sat>22</sat></trkpt>
  <trkpt lat="12.71849999" lon="77.87278037"><ele>759.517</ele><time>2026-02-23T07:02:21Z</time><speed>10.290</speed><sat>21</sat></trkpt>
  <trkpt lat="12.71847362" lon="77.87287590"><ele>759.488</ele><time>2026-02-23T07:02:22Z</time><speed>10.350</speed><sat>17</sat></trkpt>
  <trkpt lat="12.71844699" lon="77.87296568"><ele>758.655</ele><time>2026-02-23T07:02:23Z</time><speed>10.280</speed><sat>18</sat></trkpt>
  <trkpt lat="12.71842348" lon="77.87307090"><ele>758.178</ele><time>2026-02-23T07:02:24Z</time><speed>10.720</speed><sat>19</sat></trkpt>
  <trkpt lat="12.71839603" lon="77.87316414"><ele>758.122</ele><time>2026-02-23T07:02:25Z</time><speed>10.360</speed><sat>19</sat></trkpt>
  <trkpt lat="12.71836802" lon="77.87325890"><ele>759.750</ele><time>2026-02-23T07:02:26Z</time><speed>10.510</speed><sat>19</sat></trkpt>
  <trkpt lat="12.71834613" lon="77.87334771"><ele>759.811</ele><time>2026-02-23T07:02:27Z</time><speed>10.370</speed><sat>17</sat></trkpt>
  <trkpt lat="12.71831588" lon="77.87343548"><ele>759.743</ele><time>2026-02-23T07:02:28Z</time><speed>10.370</speed><sat>17</sat></trkpt>
  <trkpt lat="12.71829018" lon="77.87352132"><ele>759.260</ele><time>2026-02-23T07:02:29Z</time><speed>10.190</speed><sat>16</sat></trkpt>
  <trkpt lat="12.71826548" lon="77.87360691"><ele>759.150</ele><time>2026-02-23T07:02:30Z</time><speed>10.050</speed><sat>19</sat></trkpt>
  <trkpt lat="12.71824195" lon="77.87369103"><ele>758.217</ele><time>2026-02-23T07:02:31Z</time><speed>9.970</speed><sat>18</sat></trkpt>
  <trkpt lat="12.71821643" lon="77.87378589"><ele>758.204</ele><time>2026-02-23T07:02:32Z</time><speed>10.070</speed><sat>17</sat></trkpt>
  <trkpt lat="12.71819500" lon="77.87385743"><ele>758.319</ele><time>2026-02-23T07:02:33Z</time><speed>9.670</speed><sat>21</sat></trkpt>
  <trkpt lat="12.71817067" lon="77.87394515"><ele>758.547</ele><time>2026-02-23T07:02:34Z</time><speed>9.380</speed><sat>19</sat></trkpt>
  <trkpt lat="12.71815857" lon="77.87401760"><ele>757.792</ele><time>2026-02-23T07:02:35Z</time><speed>9.190</speed><sat>18</sat></trkpt>
  <trkpt lat="12.71814036" lon="77.87410425"><ele>758.268</ele><time>2026-02-23T07:02:36Z</time><speed>9.040</speed><sat>20</sat></trkpt>
  <trkpt lat="12.71811412" lon="77.87419097"><ele>758.093</ele><time>2026-02-23T07:02:37Z</time><speed>9.180</speed><sat>19</sat></trkpt>
  <trkpt lat="12.71809267" lon="77.87426568"><ele>758.088</ele><time>2026-02-23T07:02:38Z</time><speed>8.970</speed><sat>17</sat></trkpt>
  <trkpt lat="12.71807382" lon="77.87434478"><ele>757.820</ele><time>2026-02-23T07:02:39Z</time><speed>8.960</speed><sat>16</sat></trkpt>
  <trkpt lat="12.71805039" lon="77.87442385"><ele>757.620</ele><time>2026-02-23T07:02:40Z</time><speed>8.760</speed><sat>20</sat></trkpt>
  <trkpt lat="12.71803067" lon="77.87450171"><ele>757.522</ele><time>2026-02-23T07:02:41Z</time><speed>8.620</speed><sat>18</sat></trkpt>
  <trkpt lat="12.71801068" lon="77.87458202"><ele>757.235</ele><time>2026-02-23T07:02:42Z</time><speed>8.700</speed><sat>21</sat></trkpt>
  <trkpt lat="12.71800010" lon="77.87466379"><ele>755.734</ele><time>2026-02-23T07:02:43Z</time><speed>8.720</speed><sat>19</sat></trkpt>
  <trkpt lat="12.71798388" lon="77.87474309"><ele>755.406</ele><time>2026-02-23T07:02:44Z</time><speed>9.150</speed><sat>20</sat></trkpt>
  <trkpt lat="12.71795450" lon="77.87481912"><ele>755.624</ele><time>2026-02-23T07:02:45Z</time><speed>9.190</speed><sat>20</sat></trkpt>
  <trkpt lat="12.71792702" lon="77.87493652"><ele>757.128</ele><time>2026-02-23T07:02:46Z</time><speed>9.580</speed><sat>22</sat></trkpt>
  <trkpt lat="12.71790504" lon="77.87502753"><ele>756.459</ele><time>2026-02-23T07:02:47Z</time><speed>9.650</speed><sat>19</sat></trkpt>
  <trkpt lat="12.71788136" lon="77.87511991"><ele>756.468</ele><time>2026-02-23T07:02:48Z</time><speed>9.860</speed><sat>22</sat></trkpt>
  <trkpt lat="12.71785702" lon="77.87520575"><ele>756.729</ele><time>2026-02-23T07:02:49Z</time><speed>9.960</speed><sat>19</sat></trkpt>
  <trkpt lat="12.71783732" lon="77.87528778"><ele>756.275</ele><time>2026-02-23T07:02:50Z</time><speed>9.870</speed><sat>23</sat></trkpt>
  <trkpt lat="12.71781633" lon="77.87537098"><ele>755.002</ele><time>2026-02-23T07:02:51Z</time><speed>9.870</speed><sat>20</sat></trkpt>
  <trkpt lat="12.71779137" lon="77.87545783"><ele>754.534</ele><time>2026-02-23T07:02:52Z</time><speed>9.820</speed><sat>19</sat></trkpt>
  <trkpt lat="12.71776301" lon="77.87554080"><ele>753.699</ele><time>2026-02-23T07:02:53Z</time><speed>9.890</speed><sat>21</sat></trkpt>
  <trkpt lat="12.71773998" lon="77.87562264"><ele>752.183</ele><time>2026-02-23T07:02:54Z</time><speed>9.880</speed><sat>23</sat></trkpt>
  <trkpt lat="12.71771963" lon="77.87570839"><ele>752.455</ele><time>2026-02-23T07:02:55Z</time><speed>10.020</speed><sat>18</sat></trkpt>
  <trkpt lat="12.71769690" lon="77.87579339"><ele>752.133</ele><time>2026-02-23T07:02:56Z</time><speed>9.730</speed><sat>19</sat></trkpt>
  <trkpt lat="12.71768140" lon="77.87587765"><ele>751.190</ele><time>2026-02-23T07:02:57Z</time><speed>9.820</speed><sat>19</sat></trkpt>
  <trkpt lat="12.71765760" lon="77.87596803"><ele>750.661</ele><time>2026-02-23T07:02:58Z</time><speed>10.000</speed><sat>24</sat></trkpt>
  <trkpt lat="12.71763528" lon="77.87605821"><ele>750.175</ele><time>2026-02-23T07:02:59Z</time><speed>10.110</speed><sat>19</sat></trkpt>
  <trkpt lat="12.71760782" lon="77.87614685"><ele>750.466</ele><time>2026-02-23T07:03:00Z</time><speed>10.080</speed><sat>22</sat></trkpt>
  <trkpt lat="12.71758507" lon="77.87624076"><ele>750.481</ele><time>2026-02-23T07:03:01Z</time><speed>10.350</speed><sat>24</sat></trkpt>
  <trkpt lat="12.71755743" lon="77.87632803"><ele>750.468</ele><time>2026-02-23T07:03:02Z</time><speed>10.290</speed><sat>22</sat></trkpt>
  <trkpt lat="12.71753219" lon="77.87642326"><ele>750.691</ele><time>2026-02-23T07:03:03Z</time><speed>10.270</speed><sat>21</sat></trkpt>
  <trkpt lat="12.71750724" lon="77.87651673"><ele>750.753</ele><time>2026-02-23T07:03:04Z</time><speed>10.420</speed><sat>21</sat></trkpt>
  <trkpt lat="12.71748719" lon="77.87661196"><ele>750.406</ele><time>2026-02-23T07:03:05Z</time><speed>10.570</speed><sat>22</sat></trkpt>
  <trkpt lat="12.71746287" lon="77.87670830"><ele>749.767</ele><time>2026-02-23T07:03:06Z</time><speed>11.110</speed><sat>16</sat></trkpt>
  <trkpt lat="12.71743720" lon="77.87680099"><ele>749.858</ele><time>2026-02-23T07:03:07Z</time><speed>10.710</speed><sat>23</sat></trkpt>
  <trkpt lat="12.71740843" lon="77.87689462"><ele>749.884</ele><time>2026-02-23T07:03:08Z</time><speed>10.610</speed><sat>21</sat></trkpt>
  <trkpt lat="12.71738502" lon="77.87698563"><ele>749.598</ele><time>2026-02-23T07:03:09Z</time><speed>10.490</speed><sat>17</sat></trkpt>
  <trkpt lat="12.71735753" lon="77.87707616"><ele>750.114</ele><time>2026-02-23T07:03:10Z</time><speed>10.700</speed><sat>19</sat></trkpt>
  <trkpt lat="12.71733387" lon="77.87717047"><ele>750.466</ele><time>2026-02-23T07:03:11Z</time><speed>10.490</speed><sat>23</sat></trkpt>
  <trkpt lat="12.71731210" lon="77.87725837"><ele>750.203</ele><time>2026-02-23T07:03:12Z</time><speed>10.320</speed><sat>22</sat></trkpt>
  <trkpt lat="12.71728870" lon="77.87734991"><ele>749.710</ele><time>2026-02-23T07:03:13Z</time><speed>10.370</speed><sat>21</sat></trkpt>
  <trkpt lat="12.71725992" lon="77.87744366"><ele>749.629</ele><time>2026-02-23T07:03:14Z</time><speed>10.490</speed><sat>20</sat></trkpt>
  <trkpt lat="12.71723452" lon="77.87753337"><ele>750.171</ele><time>2026-02-23T07:03:15Z</time><speed>10.220</speed><sat>22</sat></trkpt>
  <trkpt lat="12.71720379" lon="77.87762254"><ele>749.755</ele><time>2026-02-23T07:03:16Z</time><speed>10.220</speed><sat>19</sat></trkpt>
  <trkpt lat="12.71717247" lon="77.87771062"><ele>749.892</ele><time>2026-02-23T07:03:17Z</time><speed>10.080</speed><sat>17</sat></trkpt>
  <trkpt lat="12.71714734" lon="77.87780230"><ele>750.134</ele><time>2026-02-23T07:03:18Z</time><speed>10.060</speed><sat>19</sat></trkpt>
  <trkpt lat="12.71712225" lon="77.87789103"><ele>750.443</ele><time>2026-02-23T07:03:19Z</time><speed>9.940</speed><sat>19</sat></trkpt>
  <trkpt lat="12.71709913" lon="77.87798023"><ele>750.151</ele><time>2026-02-23T07:03:20Z</time><speed>10.010</speed><sat>21</sat></trkpt>
  <trkpt lat="12.71707537" lon="77.87807088"><ele>749.851</ele><time>2026-02-23T07:03:21Z</time><speed>10.080</speed><sat>19</sat></trkpt>
  <trkpt lat="12.71705308" lon="77.87815822"><ele>749.668</ele><time>2026-02-23T07:03:22Z</time><speed>10.130</speed><sat>16</sat></trkpt>
  <trkpt lat="12.71702573" lon="77.87824555"><ele>749.433</ele><time>2026-02-23T07:03:23Z</time><speed>10.200</speed><sat>21</sat></trkpt>
  <trkpt lat="12.71699984" lon="77.87833381"><ele>749.375</ele><time>2026-02-23T07:03:24Z</time><speed>9.950</speed><sat>17</sat></trkpt>
  <trkpt lat="12.71697433" lon="77.87842410"><ele>749.191</ele><time>2026-02-23T07:03:25Z</time><speed>10.090</speed><sat>22</sat></trkpt>
  <trkpt lat="12.71694153" lon="77.87851132"><ele>748.739</ele><time>2026-02-23T07:03:26Z</time><speed>10.170</speed><sat>22</sat></trkpt>
  <trkpt lat="12.71691498" lon="77.87860160"><ele>748.971</ele><time>2026-02-23T07:03:27Z</time><speed>10.090</speed><sat>20</sat></trkpt>
  <trkpt lat="12.71689118" lon="77.87869374"><ele>749.351</ele><time>2026-02-23T07:03:28Z</time><speed>10.080</speed><sat>18</sat></trkpt>
  <trkpt lat="12.71686836" lon="77.87878820"><ele>749.338</ele><time>2026-02-23T07:03:29Z</time><speed>10.090</speed><sat>21</sat></trkpt>
  <trkpt lat="12.71684434" lon="77.87887185"><ele>749.566</ele><time>2026-02-23T07:03:30Z</time><speed>9.860</speed><sat>21</sat></trkpt>
  <trkpt lat="12.71681940" lon="77.87895964"><ele>749.651</ele><time>2026-02-23T07:03:31Z</time><speed>9.870</speed><sat>23</sat></trkpt>
  <trkpt lat="12.71679345" lon="77.87904443"><ele>749.260</ele><time>2026-02-23T07:03:32Z</time><speed>9.770</speed><sat>21</sat></trkpt>
  <trkpt lat="12.71677235" lon="77.87912990"><ele>749.274</ele><time>2026-02-23T07:03:33Z</time><speed>9.680</speed><sat>23</sat></trkpt>
  <trkpt lat="12.71675370" lon="77.87921587"><ele>749.137</ele><time>2026-02-23T07:03:34Z</time><speed>9.680</speed><sat>22</sat></trkpt>
  <trkpt lat="12.71673279" lon="77.87930175"><ele>749.019</ele><time>2026-02-23T07:03:35Z</time><speed>9.590</speed><sat>23</sat></trkpt>
  <trkpt lat="12.71670813" lon="77.87938821"><ele>749.074</ele><time>2026-02-23T07:03:36Z</time><speed>9.710</speed><sat>21</sat></trkpt>
  <trkpt lat="12.71667767" lon="77.87948036"><ele>749.073</ele><time>2026-02-23T07:03:37Z</time><speed>9.920</speed><sat>22</sat></trkpt>
  <trkpt lat="12.71665379" lon="77.87957159"><ele>748.471</ele><time>2026-02-23T07:03:38Z</time><speed>9.820</speed><sat>18</sat></trkpt>
  <trkpt lat="12.71663062" lon="77.87965329"><ele>748.547</ele><time>2026-02-23T07:03:39Z</time><speed>9.570</speed><sat>20</sat></trkpt>
  <trkpt lat="12.71661071" lon="77.87973301"><ele>748.400</ele><time>2026-02-23T07:03:40Z</time><speed>9.600</speed><sat>20</sat></trkpt>
  <trkpt lat="12.71658579" lon="77.87982046"><ele>748.037</ele><time>2026-02-23T07:03:41Z</time><speed>9.510</speed><sat>23</sat></trkpt>
  <trkpt lat="12.71656086" lon="77.87990490"><ele>748.109</ele><time>2026-02-23T07:03:42Z</time><speed>9.440</speed><sat>23</sat></trkpt>
  <trkpt lat="12.71654196" lon="77.87998842"><ele>748.297</ele><time>2026-02-23T07:03:43Z</time><speed>9.470</speed><sat>23</sat></trkpt>
  <trkpt lat="12.71651607" lon="77.88007469"><ele>748.404</ele><time>2026-02-23T07:03:44Z</time><speed>9.550</speed><sat>23</sat></trkpt>
  <trkpt lat="12.71649345" lon="77.88016380"><ele>748.553</ele><time>2026-02-23T07:03:45Z</time><speed>9.570</speed><sat>24</sat></trkpt>
  <trkpt lat="12.71646807" lon="77.88025138"><ele>747.741</ele><time>2026-02-23T07:03:46Z</time><speed>9.510</speed><sat>23</sat></trkpt>
  <trkpt lat="12.71644351" lon="77.88033247"><ele>747.952</ele><time>2026-02-23T07:03:47Z</time><speed>9.510</speed><sat>22</sat></trkpt>
  <trkpt lat="12.71641946" lon="77.88041780"><ele>747.360</ele><time>2026-02-23T07:03:48Z</time><speed>9.450</speed><sat>20</sat></trkpt>
  <trkpt lat="12.71639734" lon="77.88049965"><ele>747.091</ele><time>2026-02-23T07:03:49Z</time><speed>9.380</speed><sat>19</sat></trkpt>
  <trkpt lat="12.71637845" lon="77.88058098"><ele>746.743</ele><time>2026-02-23T07:03:50Z</time><speed>9.150</speed><sat>22</sat></trkpt>
  <trkpt lat="12.71635510" lon="77.88065983"><ele>746.645</ele><time>2026-02-23T07:03:51Z</time><speed>9.070</speed><sat>25</sat></trkpt>
  <trkpt lat="12.71633276" lon="77.88074176"><ele>746.422</ele><time>2026-02-23T07:03:52Z</time><speed>9.280</speed><sat>24</sat></trkpt>
  <trkpt lat="12.71631023" lon="77.88082858"><ele>746.689</ele><time>2026-02-23T07:03:53Z</time><speed>9.410</speed><sat>24</sat></trkpt>
  <trkpt lat="12.71628279" lon="77.88091390"><ele>747.241</ele><time>2026-02-23T07:03:54Z</time><speed>9.290</speed><sat>23</sat></trkpt>
  <trkpt lat="12.71625694" lon="77.88099788"><ele>745.823</ele><time>2026-02-23T07:03:55Z</time><speed>9.210</speed><sat>21</sat></trkpt>
  <trkpt lat="12.71623521" lon="77.88108291"><ele>745.505</ele><time>2026-02-23T07:03:56Z</time><speed>9.260</speed><sat>20</sat></trkpt>
  <trkpt lat="12.71621468" lon="77.88116346"><ele>745.550</ele><time>2026-02-23T07:03:57Z</time><speed>9.070</speed><sat>20</sat></trkpt>
  <trkpt lat="12.71619418" lon="77.88124649"><ele>745.149</ele><time>2026-02-23T07:03:58Z</time><speed>9.160</speed><sat>15</sat></trkpt>
  <trkpt lat="12.71617273" lon="77.88132458"><ele>744.716</ele><time>2026-02-23T07:03:59Z</time><speed>8.980</speed><sat>20</sat></trkpt>
  <trkpt lat="12.71614452" lon="77.88140239"><ele>744.374</ele><time>2026-02-23T07:04:00Z</time><speed>8.970</speed><sat>20</sat></trkpt>
  <trkpt lat="12.71612049" lon="77.88147879"><ele>744.149</ele><time>2026-02-23T07:04:01Z</time><speed>8.990</speed><sat>21</sat></trkpt>
  <trkpt lat="12.71609785" lon="77.88155719"><ele>744.412</ele><time>2026-02-23T07:04:02Z</time><speed>8.770</speed><sat>20</sat></trkpt>
  <trkpt lat="12.71607921" lon="77.88163602"><ele>744.700</ele><time>2026-02-23T07:04:03Z</time><speed>8.770</speed><sat>20</sat></trkpt>
  <trkpt lat="12.71605928" lon="77.88171536"><ele>744.768</ele><time>2026-02-23T07:04:04Z</time><speed>8.920</speed><sat>21</sat></trkpt>
  <trkpt lat="12.71603598" lon="77.88179415"><ele>745.164</ele><time>2026-02-23T07:04:05Z</time><speed>9.120</speed><sat>21</sat></trkpt>
  <trkpt lat="12.71601443" lon="77.88187904"><ele>744.559</ele><time>2026-02-23T07:04:06Z</time><speed>9.200</speed><sat>21</sat></trkpt>
  <trkpt lat="12.71599009" lon="77.88196189"><ele>744.544</ele><time>2026-02-23T07:04:07Z</time><speed>9.320</speed><sat>19</sat></trkpt>
  <trkpt lat="12.71597054" lon="77.88204322"><ele>743.925</ele><time>2026-02-23T07:04:08Z</time><speed>9.370</speed><sat>21</sat></trkpt>
  <trkpt lat="12.71594552" lon="77.88212739"><ele>743.682</ele><time>2026-02-23T07:04:09Z</time><speed>9.360</speed><sat>22</sat></trkpt>
  <trkpt lat="12.71592142" lon="77.88221474"><ele>743.409</ele><time>2026-02-23T07:04:10Z</time><speed>9.390</speed><sat>17</sat></trkpt>
  <trkpt lat="12.71589693" lon="77.88229593"><ele>743.223</ele><time>2026-02-23T07:04:11Z</time><speed>9.410</speed><sat>19</sat></trkpt>
  <trkpt lat="12.71587170" lon="77.88237164"><ele>742.671</ele><time>2026-02-23T07:04:12Z</time><speed>9.030</speed><sat>21</sat></trkpt>
  <trkpt lat="12.71585077" lon="77.88245302"><ele>742.479</ele><time>2026-02-23T07:04:13Z</time><speed>9.110</speed><sat>20</sat></trkpt>
  <trkpt lat="12.71582555" lon="77.88253198"><ele>742.841</ele><time>2026-02-23T07:04:14Z</time><speed>9.080</speed><sat>20</sat></trkpt>
  <trkpt lat="12.71580055" lon="77.88261037"><ele>742.256</ele><time>2026-02-23T07:04:15Z</time><speed>9.020</speed><sat>18</sat></trkpt>
  <trkpt lat="12.71577119" lon="77.88269945"><ele>740.553</ele><time>2026-02-23T07:04:16Z</time><speed>9.030</speed><sat>18</sat></trkpt>
  <trkpt lat="12.71574583" lon="77.88277859"><ele>740.117</ele><time>2026-02-23T07:04:17Z</time><speed>8.860</speed><sat>18</sat></trkpt>
  <trkpt lat="12.71572236" lon="77.88285744"><ele>739.408</ele><time>2026-02-23T07:04:18Z</time><speed>8.940</speed><sat>21</sat></trkpt>
  <trkpt lat="12.71569609" lon="77.88293455"><ele>739.658</ele><time>2026-02-23T07:04:19Z</time><speed>8.970</speed><sat>19</sat></trkpt>
  <trkpt lat="12.71566281" lon="77.88301127"><ele>739.472</ele><time>2026-02-23T07:04:20Z</time><speed>9.090</speed><sat>20</sat></trkpt>
  <trkpt lat="12.71562900" lon="77.88309411"><ele>738.513</ele><time>2026-02-23T07:04:21Z</time><speed>9.490</speed><sat>22</sat></trkpt>
  <trkpt lat="12.71559296" lon="77.88317173"><ele>738.293</ele><time>2026-02-23T07:04:22Z</time><speed>9.490</speed><sat>20</sat></trkpt>
  <trkpt lat="12.71555131" lon="77.88324922"><ele>738.188</ele><time>2026-02-23T07:04:23Z</time><speed>9.720</speed><sat>20</sat></trkpt>
  <trkpt lat="12.71551114" lon="77.88332841"><ele>737.206</ele><time>2026-02-23T07:04:24Z</time><speed>9.790</speed><sat>21</sat></trkpt>
  <trkpt lat="12.71546824" lon="77.88341179"><ele>736.612</ele><time>2026-02-23T07:04:25Z</time><speed>9.840</speed><sat>20</sat></trkpt>
  <trkpt lat="12.71542663" lon="77.88349146"><ele>737.216</ele><time>2026-02-23T07:04:26Z</time><speed>9.730</speed><sat>22</sat></trkpt>
  <trkpt lat="12.71538413" lon="77.88357355"><ele>736.455</ele><time>2026-02-23T07:04:27Z</time><speed>9.760</speed><sat>22</sat></trkpt>
  <trkpt lat="12.71534233" lon="77.88364860"><ele>735.806</ele><time>2026-02-23T07:04:28Z</time><speed>9.690</speed><sat>22</sat></trkpt>
  <trkpt lat="12.71529691" lon="77.88372635"><ele>735.088</ele><time>2026-02-23T07:04:29Z</time><speed>9.670</speed><sat>19</sat></trkpt>
  <trkpt lat="12.71525051" lon="77.88380497"><ele>734.459</ele><time>2026-02-23T07:04:30Z</time><speed>9.680</speed><sat>20</sat></trkpt>
  <trkpt lat="12.71520115" lon="77.88388358"><ele>734.566</ele><time>2026-02-23T07:04:31Z</time><speed>9.760</speed><sat>21</sat></trkpt>
  <trkpt lat="12.71515637" lon="77.88396117"><ele>734.291</ele><time>2026-02-23T07:04:32Z</time><speed>9.620</speed><sat>19</sat></trkpt>
  <trkpt lat="12.71511642" lon="77.88403325"><ele>733.676</ele><time>2026-02-23T07:04:33Z</time><speed>9.440</speed><sat>20</sat></trkpt>
  <trkpt lat="12.71506905" lon="77.88411047"><ele>732.936</ele><time>2026-02-23T07:04:34Z</time><speed>9.600</speed><sat>20</sat></trkpt>
  <trkpt lat="12.71502214" lon="77.88418544"><ele>732.481</ele><time>2026-02-23T07:04:35Z</time><speed>9.470</speed><sat>16</sat></trkpt>
  <trkpt lat="12.71497828" lon="77.88426239"><ele>732.358</ele><time>2026-02-23T07:04:36Z</time><speed>9.610</speed><sat>15</sat></trkpt>
  <trkpt lat="12.71492929" lon="77.88433612"><ele>732.091</ele><time>2026-02-23T07:04:37Z</time><speed>9.610</speed><sat>16</sat></trkpt>
  <trkpt lat="12.71488468" lon="77.88440783"><ele>731.797</ele><time>2026-02-23T07:04:38Z</time><speed>9.460</speed><sat>18</sat></trkpt>
  <trkpt lat="12.71483906" lon="77.88447961"><ele>730.961</ele><time>2026-02-23T07:04:39Z</time><speed>9.460</speed><sat>20</sat></trkpt>
  <trkpt lat="12.71479576" lon="77.88454924"><ele>730.113</ele><time>2026-02-23T07:04:40Z</time><speed>9.370</speed><sat>22</sat></trkpt>
  <trkpt lat="12.71475338" lon="77.88462574"><ele>729.874</ele><time>2026-02-23T07:04:41Z</time><speed>9.370</speed><sat>24</sat></trkpt>
  <trkpt lat="12.71471081" lon="77.88469404"><ele>729.291</ele><time>2026-02-23T07:04:42Z</time><speed>9.300</speed><sat>20</sat></trkpt>
  <trkpt lat="12.71466840" lon="77.88476371"><ele>728.800</ele><time>2026-02-23T07:04:43Z</time><speed>9.230</speed><sat>23</sat></trkpt>
  <trkpt lat="12.71462379" lon="77.88483307"><ele>728.646</ele><time>2026-02-23T07:04:44Z</time><speed>9.080</speed><sat>22</sat></trkpt>
  <trkpt lat="12.71458152" lon="77.88490548"><ele>728.342</ele><time>2026-02-23T07:04:45Z</time><speed>9.110</speed><sat>20</sat></trkpt>
  <trkpt lat="12.71453580" lon="77.88497619"><ele>727.783</ele><time>2026-02-23T07:04:46Z</time><speed>9.350</speed><sat>20</sat></trkpt>
  <trkpt lat="12.71448563" lon="77.88504660"><ele>727.539</ele><time>2026-02-23T07:04:47Z</time><speed>9.440</speed><sat>19</sat></trkpt>
  <trkpt lat="12.71443511" lon="77.88511635"><ele>727.358</ele><time>2026-02-23T07:04:48Z</time><speed>9.440</speed><sat>22</sat></trkpt>
  <trkpt lat="12.71438778" lon="77.88519187"><ele>727.096</ele><time>2026-02-23T07:04:49Z</time><speed>9.440</speed><sat>20</sat></trkpt>
  <trkpt lat="12.71434326" lon="77.88526492"><ele>726.683</ele><time>2026-02-23T07:04:50Z</time><speed>9.480</speed><sat>21</sat></trkpt>
  <trkpt lat="12.71429736" lon="77.88533553"><ele>726.338</ele><time>2026-02-23T07:04:51Z</time><speed>9.490</speed><sat>20</sat></trkpt>
  <trkpt lat="12.71425245" lon="77.88541171"><ele>725.948</ele><time>2026-02-23T07:04:52Z</time><speed>9.400</speed><sat>21</sat></trkpt>
  <trkpt lat="12.71420503" lon="77.88548327"><ele>725.551</ele><time>2026-02-23T07:04:53Z</time><speed>9.430</speed><sat>19</sat></trkpt>
  <trkpt lat="12.71415833" lon="77.88555958"><ele>725.326</ele><time>2026-02-23T07:04:54Z</time><speed>9.450</speed><sat>23</sat></trkpt>
  <trkpt lat="12.71411206" lon="77.88563232"><ele>725.154</ele><time>2026-02-23T07:04:55Z</time><speed>9.360</speed><sat>23</sat></trkpt>
  <trkpt lat="12.71406028" lon="77.88570177"><ele>724.131</ele><time>2026-02-23T07:04:56Z</time><speed>9.230</speed><sat>21</sat></trkpt>
  <trkpt lat="12.71401011" lon="77.88576818"><ele>724.498</ele><time>2026-02-23T07:04:57Z</time><speed>9.230</speed><sat>21</sat></trkpt>
  <trkpt lat="12.71395490" lon="77.88583586"><ele>724.338</ele><time>2026-02-23T07:04:58Z</time><speed>9.260</speed><sat>22</sat></trkpt>
  <trkpt lat="12.71390100" lon="77.88589614"><ele>724.024</ele><time>2026-02-23T07:04:59Z</time><speed>9.170</speed><sat>23</sat></trkpt>
  <trkpt lat="12.71384184" lon="77.88596132"><ele>724.163</ele><time>2026-02-23T07:05:00Z</time><speed>9.110</speed><sat>20</sat></trkpt>
  <trkpt lat="12.71379157" lon="77.88602301"><ele>723.638</ele><time>2026-02-23T07:05:01Z</time><speed>9.010</speed><sat>22</sat></trkpt>
  <trkpt lat="12.71373679" lon="77.88608445"><ele>723.505</ele><time>2026-02-23T07:05:02Z</time><speed>8.910</speed><sat>21</sat></trkpt>
  <trkpt lat="12.71367996" lon="77.88613691"><ele>723.364</ele><time>2026-02-23T07:05:03Z</time><speed>8.920</speed><sat>19</sat></trkpt>
  <trkpt lat="12.71362368" lon="77.88619771"><ele>723.399</ele><time>2026-02-23T07:05:04Z</time><speed>8.920</speed><sat>21</sat></trkpt>
  <trkpt lat="12.71356805" lon="77.88625483"><ele>723.389</ele><time>2026-02-23T07:05:05Z</time><speed>8.720</speed><sat>17</sat></trkpt>
  <trkpt lat="12.71351428" lon="77.88630811"><ele>722.569</ele><time>2026-02-23T07:05:06Z</time><speed>8.710</speed><sat>21</sat></trkpt>
  <trkpt lat="12.71346005" lon="77.88636549"><ele>722.838</ele><time>2026-02-23T07:05:07Z</time><speed>8.610</speed><sat>23</sat></trkpt>
  <trkpt lat="12.71340014" lon="77.88642093"><ele>724.357</ele><time>2026-02-23T07:05:08Z</time><speed>8.680</speed><sat>22</sat></trkpt>
  <trkpt lat="12.71334631" lon="77.88647728"><ele>724.477</ele><time>2026-02-23T07:05:09Z</time><speed>8.800</speed><sat>23</sat></trkpt>
  <trkpt lat="12.71328650" lon="77.88653468"><ele>724.961</ele><time>2026-02-23T07:05:10Z</time><speed>9.250</speed><sat>22</sat></trkpt>
  <trkpt lat="12.71322613" lon="77.88659374"><ele>725.182</ele><time>2026-02-23T07:05:11Z</time><speed>9.410</speed><sat>20</sat></trkpt>
  <trkpt lat="12.71316493" lon="77.88665105"><ele>725.141</ele><time>2026-02-23T07:05:12Z</time><speed>9.330</speed><sat>23</sat></trkpt>
  <trkpt lat="12.71310137" lon="77.88670957"><ele>725.128</ele><time>2026-02-23T07:05:13Z</time><speed>9.360</speed><sat>21</sat></trkpt>
  <trkpt lat="12.71303981" lon="77.88677123"><ele>725.294</ele><time>2026-02-23T07:05:14Z</time><speed>9.610</speed><sat>22</sat></trkpt>
  <trkpt lat="12.71297827" lon="77.88683490"><ele>725.245</ele><time>2026-02-23T07:05:15Z</time><speed>9.660</speed><sat>20</sat></trkpt>
  <trkpt lat="12.71291248" lon="77.88689576"><ele>725.392</ele><time>2026-02-23T07:05:16Z</time><speed>9.580</speed><sat>22</sat></trkpt>
  <trkpt lat="12.71285274" lon="77.88695595"><ele>725.698</ele><time>2026-02-23T07:05:17Z</time><speed>9.410</speed><sat>21</sat></trkpt>
  <trkpt lat="12.71278923" lon="77.88701245"><ele>725.964</ele><time>2026-02-23T07:05:18Z</time><speed>9.300</speed><sat>20</sat></trkpt>
  <trkpt lat="12.71272112" lon="77.88707135"><ele>725.832</ele><time>2026-02-23T07:05:19Z</time><speed>9.200</speed><sat>21</sat></trkpt>
  <trkpt lat="12.71266020" lon="77.88712948"><ele>725.814</ele><time>2026-02-23T07:05:20Z</time><speed>9.230</speed><sat>18</sat></trkpt>
  <trkpt lat="12.71260176" lon="77.88718921"><ele>725.925</ele><time>2026-02-23T07:05:21Z</time><speed>9.410</speed><sat>21</sat></trkpt>
  <trkpt lat="12.71253947" lon="77.88724831"><ele>726.271</ele><time>2026-02-23T07:05:22Z</time><speed>9.510</speed><sat>23</sat></trkpt>
  <trkpt lat="12.71247835" lon="77.88731112"><ele>726.242</ele><time>2026-02-23T07:05:23Z</time><speed>9.550</speed><sat>23</sat></trkpt>
  <trkpt lat="12.71241625" lon="77.88737318"><ele>726.774</ele><time>2026-02-23T07:05:24Z</time><speed>9.650</speed><sat>23</sat></trkpt>
  <trkpt lat="12.71235768" lon="77.88744052"><ele>727.248</ele><time>2026-02-23T07:05:25Z</time><speed>9.740</speed><sat>23</sat></trkpt>
  <trkpt lat="12.71229862" lon="77.88750403"><ele>727.827</ele><time>2026-02-23T07:05:26Z</time><speed>9.650</speed><sat>19</sat></trkpt>
  <trkpt lat="12.71224000" lon="77.88756803"><ele>728.332</ele><time>2026-02-23T07:05:27Z</time><speed>9.540</speed><sat>21</sat></trkpt>
  <trkpt lat="12.71218720" lon="77.88763496"><ele>728.288</ele><time>2026-02-23T07:05:28Z</time><speed>9.430</speed><sat>21</sat></trkpt>
  <trkpt lat="12.71214027" lon="77.88770388"><ele>728.838</ele><time>2026-02-23T07:05:29Z</time><speed>9.250</speed><sat>22</sat></trkpt>
  <trkpt lat="12.71209129" lon="77.88777105"><ele>729.453</ele><time>2026-02-23T07:05:30Z</time><speed>9.150</speed><sat>20</sat></trkpt>
  <trkpt lat="12.71204193" lon="77.88783810"><ele>730.209</ele><time>2026-02-23T07:05:31Z</time><speed>9.050</speed><sat>22</sat></trkpt>
  <trkpt lat="12.71199849" lon="77.88790426"><ele>730.343</ele><time>2026-02-23T07:05:32Z</time><speed>8.750</speed><sat>20</sat></trkpt>
  <trkpt lat="12.71196005" lon="77.88798060"><ele>730.116</ele><time>2026-02-23T07:05:33Z</time><speed>8.700</speed><sat>19</sat></trkpt>
  <trkpt lat="12.71192154" lon="77.88805023"><ele>730.579</ele><time>2026-02-23T07:05:34Z</time><speed>8.580</speed><sat>19</sat></trkpt>
  <trkpt lat="12.71187398" lon="77.88811941"><ele>730.948</ele><time>2026-02-23T07:05:35Z</time><speed>8.600</speed><sat>20</sat></trkpt>
  <trkpt lat="12.71184075" lon="77.88819708"><ele>731.390</ele><time>2026-02-23T07:05:36Z</time><speed>8.540</speed><sat>21</sat></trkpt>
  <trkpt lat="12.71180393" lon="77.88826760"><ele>731.449</ele><time>2026-02-23T07:05:37Z</time><speed>8.660</speed><sat>24</sat></trkpt>
  <trkpt lat="12.71177445" lon="77.88834210"><ele>731.421</ele><time>2026-02-23T07:05:38Z</time><speed>8.700</speed><sat>21</sat></trkpt>
  <trkpt lat="12.71174162" lon="77.88842089"><ele>731.320</ele><time>2026-02-23T07:05:39Z</time><speed>8.860</speed><sat>19</sat></trkpt>
  <trkpt lat="12.71170889" lon="77.88849388"><ele>730.642</ele><time>2026-02-23T07:05:40Z</time><speed>8.870</speed><sat>23</sat></trkpt>
  <trkpt lat="12.71167695" lon="77.88856857"><ele>730.428</ele><time>2026-02-23T07:05:41Z</time><speed>8.980</speed><sat>18</sat></trkpt>
  <trkpt lat="12.71164810" lon="77.88864334"><ele>730.858</ele><time>2026-02-23T07:05:42Z</time><speed>8.990</speed><sat>20</sat></trkpt>
  <trkpt lat="12.71162190" lon="77.88872214"><ele>731.497</ele><time>2026-02-23T07:05:43Z</time><speed>9.120</speed><sat>19</sat></trkpt>
  <trkpt lat="12.71159259" lon="77.88880026"><ele>732.160</ele><time>2026-02-23T07:05:44Z</time><speed>9.110</speed><sat>21</sat></trkpt>
  <trkpt lat="12.71156118" lon="77.88887541"><ele>732.039</ele><time>2026-02-23T07:05:45Z</time><speed>9.100</speed><sat>21</sat></trkpt>
  <trkpt lat="12.71153501" lon="77.88896010"><ele>732.963</ele><time>2026-02-23T07:05:46Z</time><speed>9.060</speed><sat>20</sat></trkpt>
  <trkpt lat="12.71151074" lon="77.88903893"><ele>732.809</ele><time>2026-02-23T07:05:47Z</time><speed>9.040</speed><sat>19</sat></trkpt>
  <trkpt lat="12.71148502" lon="77.88912570"><ele>733.095</ele><time>2026-02-23T07:05:48Z</time><speed>9.150</speed><sat>22</sat></trkpt>
  <trkpt lat="12.71146939" lon="77.88919325"><ele>732.295</ele><time>2026-02-23T07:05:49Z</time><speed>9.210</speed><sat>22</sat></trkpt>
  <trkpt lat="12.71145321" lon="77.88926894"><ele>732.024</ele><time>2026-02-23T07:05:50Z</time><speed>9.190</speed><sat>20</sat></trkpt>
  <trkpt lat="12.71144081" lon="77.88935052"><ele>732.416</ele><time>2026-02-23T07:05:51Z</time><speed>9.330</speed><sat>19</sat></trkpt>
  <trkpt lat="12.71143374" lon="77.88943355"><ele>732.967</ele><time>2026-02-23T07:05:52Z</time><speed>9.360</speed><sat>19</sat></trkpt>
  <trkpt lat="12.71142250" lon="77.88951506"><ele>733.018</ele><time>2026-02-23T07:05:53Z</time><speed>9.350</speed><sat>16</sat></trkpt>
  <trkpt lat="12.71142491" lon="77.88959580"><ele>731.843</ele><time>2026-02-23T07:05:54Z</time><speed>9.410</speed><sat>18</sat></trkpt>
  <trkpt lat="12.71142130" lon="77.88967996"><ele>731.779</ele><time>2026-02-23T07:05:55Z</time><speed>9.390</speed><sat>16</sat></trkpt>
  <trkpt lat="12.71142045" lon="77.88976671"><ele>731.456</ele><time>2026-02-23T07:05:56Z</time><speed>9.330</speed><sat>16</sat></trkpt>
  <trkpt lat="12.71141578" lon="77.88985309"><ele>732.158</ele><time>2026-02-23T07:05:57Z</time><speed>9.420</speed><sat>17</sat></trkpt>
  <trkpt lat="12.71141539" lon="77.88993823"><ele>731.555</ele><time>2026-02-23T07:05:58Z</time><speed>9.270</speed><sat>20</sat></trkpt>
  <trkpt lat="12.71141733" lon="77.89002964"><ele>732.178</ele><time>2026-02-23T07:05:59Z</time><speed>9.230</speed><sat>18</sat></trkpt>
  <trkpt lat="12.71141570" lon="77.89010559"><ele>732.788</ele><time>2026-02-23T07:06:00Z</time><speed>9.090</speed><sat>20</sat></trkpt>
  <trkpt lat="12.71141873" lon="77.89019048"><ele>733.189</ele><time>2026-02-23T07:06:01Z</time><speed>9.110</speed><sat>18</sat></trkpt>
  <trkpt lat="12.71142143" lon="77.89027807"><ele>733.617</ele><time>2026-02-23T07:06:02Z</time><speed>9.110</speed><sat>17</sat></trkpt>
  <trkpt lat="12.71142571" lon="77.89036027"><ele>733.730</ele><time>2026-02-23T07:06:03Z</time><speed>9.060</speed><sat>19</sat></trkpt>
  <trkpt lat="12.71143651" lon="77.89044299"><ele>733.750</ele><time>2026-02-23T07:06:04Z</time><speed>9.060</speed><sat>19</sat></trkpt>
  <trkpt lat="12.71145285" lon="77.89053310"><ele>733.780</ele><time>2026-02-23T07:06:05Z</time><speed>9.210</speed><sat>16</sat></trkpt>
  <trkpt lat="12.71146884" lon="77.89061639"><ele>733.706</ele><time>2026-02-23T07:06:06Z</time><speed>9.210</speed><sat>16</sat></trkpt>
  <trkpt lat="12.71149901" lon="77.89070689"><ele>734.492</ele><time>2026-02-23T07:06:07Z</time><speed>9.650</speed><sat>19</sat></trkpt>
  <trkpt lat="12.71151576" lon="77.89079386"><ele>734.365</ele><time>2026-02-23T07:06:08Z</time><speed>9.570</speed><sat>16</sat></trkpt>
  <trkpt lat="12.71153578" lon="77.89087962"><ele>734.301</ele><time>2026-02-23T07:06:09Z</time><speed>9.570</speed><sat>16</sat></trkpt>
  <trkpt lat="12.71155312" lon="77.89096461"><ele>734.658</ele><time>2026-02-23T07:06:10Z</time><speed>9.570</speed><sat>19</sat></trkpt>
  <trkpt lat="12.71157711" lon="77.89104853"><ele>735.185</ele><time>2026-02-23T07:06:11Z</time><speed>9.390</speed><sat>16</sat></trkpt>
  <trkpt lat="12.71159899" lon="77.89113208"><ele>735.192</ele><time>2026-02-23T07:06:12Z</time><speed>9.390</speed><sat>16</sat></trkpt>
  <trkpt lat="12.71163558" lon="77.89120697"><ele>735.647</ele><time>2026-02-23T07:06:13Z</time><speed>9.260</speed><sat>17</sat></trkpt>
  <trkpt lat="12.71165650" lon="77.89129217"><ele>735.184</ele><time>2026-02-23T07:06:14Z</time><speed>9.210</speed><sat>14</sat></trkpt>
  <trkpt lat="12.71168027" lon="77.89136918"><ele>734.540</ele><time>2026-02-23T07:06:15Z</time><speed>9.190</speed><sat>13</sat></trkpt>
  <trkpt lat="12.71170797" lon="77.89143736"><ele>734.893</ele><time>2026-02-23T07:06:16Z</time><speed>8.970</speed><sat>17</sat></trkpt>
  <trkpt lat="12.71173366" lon="77.89151341"><ele>734.648</ele><time>2026-02-23T07:06:17Z</time><speed>9.150</speed><sat>15</sat></trkpt>
  <trkpt lat="12.71175530" lon="77.89159557"><ele>734.665</ele><time>2026-02-23T07:06:18Z</time><speed>9.220</speed><sat>15</sat></trkpt>
  <trkpt lat="12.71177705" lon="77.89168201"><ele>733.791</ele><time>2026-02-23T07:06:19Z</time><speed>9.230</speed><sat>15</sat></trkpt>
  <trkpt lat="12.71179628" lon="77.89176999"><ele>733.513</ele><time>2026-02-23T07:06:20Z</time><speed>9.230</speed><sat>14</sat></trkpt>
  <trkpt lat="12.71181746" lon="77.89185697"><ele>733.531</ele><time>2026-02-23T07:06:21Z</time><speed>9.330</speed><sat>14</sat></trkpt>
  <trkpt lat="12.71183973" lon="77.89194483"><ele>733.217</ele><time>2026-02-23T07:06:22Z</time><speed>9.430</speed><sat>14</sat></trkpt>
  <trkpt lat="12.71185567" lon="77.89202851"><ele>733.289</ele><time>2026-02-23T07:06:23Z</time><speed>9.520</speed><sat>14</sat></trkpt>
  <trkpt lat="12.71187608" lon="77.89211242"><ele>732.813</ele><time>2026-02-23T07:06:24Z</time><speed>9.600</speed><sat>15</sat></trkpt>
  <trkpt lat="12.71189655" lon="77.89219800"><ele>732.729</ele><time>2026-02-23T07:06:25Z</time><speed>9.450</speed><sat>14</sat></trkpt>
  <trkpt lat="12.71191328" lon="77.89227995"><ele>732.851</ele><time>2026-02-23T07:06:26Z</time><speed>9.300</speed><sat>14</sat></trkpt>
  <trkpt lat="12.71193251" lon="77.89236036"><ele>732.327</ele><time>2026-02-23T07:06:27Z</time><speed>9.080</speed><sat>18</sat></trkpt>
  <trkpt lat="12.71194197" lon="77.89243799"><ele>733.236</ele><time>2026-02-23T07:06:28Z</time><speed>8.990</speed><sat>15</sat></trkpt>
  <trkpt lat="12.71196631" lon="77.89250677"><ele>733.936</ele><time>2026-02-23T07:06:29Z</time><speed>8.870</speed><sat>16</sat></trkpt>
  <trkpt lat="12.71197435" lon="77.89258829"><ele>733.899</ele><time>2026-02-23T07:06:30Z</time><speed>8.760</speed><sat>17</sat></trkpt>
  <trkpt lat="12.71197446" lon="77.89266789"><ele>734.325</ele><time>2026-02-23T07:06:31Z</time><speed>8.660</speed><sat>18</sat></trkpt>
  <trkpt lat="12.71198277" lon="77.89274413"><ele>735.452</ele><time>2026-02-23T07:06:32Z</time><speed>8.710</speed><sat>19</sat></trkpt>
  <trkpt lat="12.71199101" lon="77.89282325"><ele>735.988</ele><time>2026-02-23T07:06:33Z</time><speed>8.700</speed><sat>20</sat></trkpt>
  <trkpt lat="12.71199520" lon="77.89290468"><ele>736.080</ele><time>2026-02-23T07:06:34Z</time><speed>8.780</speed><sat>16</sat></trkpt>
  <trkpt lat="12.71199789" lon="77.89298429"><ele>736.073</ele><time>2026-02-23T07:06:35Z</time><speed>8.790</speed><sat>19</sat></trkpt>
  <trkpt lat="12.71199850" lon="77.89306149"><ele>736.106</ele><time>2026-02-23T07:06:36Z</time><speed>8.780</speed><sat>20</sat></trkpt>
  <trkpt lat="12.71199633" lon="77.89313740"><ele>736.394</ele><time>2026-02-23T07:06:37Z</time><speed>8.640</speed><sat>19</sat></trkpt>
  <trkpt lat="12.71199068" lon="77.89321599"><ele>737.943</ele><time>2026-02-23T07:06:38Z</time><speed>8.680</speed><sat>22</sat></trkpt>
  <trkpt lat="12.71198564" lon="77.89328525"><ele>738.664</ele><time>2026-02-23T07:06:39Z</time><speed>8.790</speed><sat>16</sat></trkpt>
  <trkpt lat="12.71197372" lon="77.89336064"><ele>739.001</ele><time>2026-02-23T07:06:40Z</time><speed>8.600</speed><sat>22</sat></trkpt>
  <trkpt lat="12.71197123" lon="77.89344254"><ele>738.923</ele><time>2026-02-23T07:06:41Z</time><speed>8.680</speed><sat>20</sat></trkpt>
  <trkpt lat="12.71195537" lon="77.89351957"><ele>739.520</ele><time>2026-02-23T07:06:42Z</time><speed>8.810</speed><sat>24</sat></trkpt>
  <trkpt lat="12.71195330" lon="77.89360117"><ele>738.322</ele><time>2026-02-23T07:06:43Z</time><speed>8.790</speed><sat>22</sat></trkpt>
  <trkpt lat="12.71193245" lon="77.89368312"><ele>738.397</ele><time>2026-02-23T07:06:44Z</time><speed>8.920</speed><sat>23</sat></trkpt>
  <trkpt lat="12.71191174" lon="77.89376924"><ele>737.104</ele><time>2026-02-23T07:06:45Z</time><speed>9.010</speed><sat>19</sat></trkpt>
  <trkpt lat="12.71189562" lon="77.89385625"><ele>737.224</ele><time>2026-02-23T07:06:46Z</time><speed>9.050</speed><sat>19</sat></trkpt>
  <trkpt lat="12.71188626" lon="77.89393711"><ele>737.343</ele><time>2026-02-23T07:06:47Z</time><speed>9.030</speed><sat>18</sat></trkpt>
  <trkpt lat="12.71187557" lon="77.89401392"><ele>736.660</ele><time>2026-02-23T07:06:48Z</time><speed>9.030</speed><sat>17</sat></trkpt>
  <trkpt lat="12.71185168" lon="77.89408481"><ele>736.502</ele><time>2026-02-23T07:06:49Z</time><speed>9.030</speed><sat>17</sat></trkpt>
  <trkpt lat="12.71182418" lon="77.89416649"><ele>736.233</ele><time>2026-02-23T07:06:50Z</time><speed>8.950</speed><sat>20</sat></trkpt>
  <trkpt lat="12.71179931" lon="77.89425408"><ele>736.836</ele><time>2026-02-23T07:06:51Z</time><speed>8.960</speed><sat>20</sat></trkpt>
  <trkpt lat="12.71177564" lon="77.89432863"><ele>737.230</ele><time>2026-02-23T07:06:52Z</time><speed>8.890</speed><sat>18</sat></trkpt>
  <trkpt lat="12.71175416" lon="77.89441457"><ele>736.659</ele><time>2026-02-23T07:06:53Z</time><speed>8.760</speed><sat>20</sat></trkpt>
  <trkpt lat="12.71173598" lon="77.89449713"><ele>736.403</ele><time>2026-02-23T07:06:54Z</time><speed>8.650</speed><sat>15</sat></trkpt>
  <trkpt lat="12.71171826" lon="77.89457174"><ele>736.191</ele><time>2026-02-23T07:06:55Z</time><speed>8.700</speed><sat>19</sat></trkpt>
  <trkpt lat="12.71169401" lon="77.89464959"><ele>736.487</ele><time>2026-02-23T07:06:56Z</time><speed>8.650</speed><sat>16</sat></trkpt>
  <trkpt lat="12.71166327" lon="77.89472434"><ele>736.046</ele><time>2026-02-23T07:06:57Z</time><speed>8.650</speed><sat>15</sat></trkpt>
  <trkpt lat="12.71164024" lon="77.89480053"><ele>736.058</ele><time>2026-02-23T07:06:58Z</time><speed>8.650</speed><sat>15</sat></trkpt>
  <trkpt lat="12.71161725" lon="77.89487671"><ele>736.059</ele><time>2026-02-23T07:06:59Z</time><speed>8.650</speed><sat>11</sat></trkpt>
  <trkpt lat="12.71159509" lon="77.89492091"><ele>737.849</ele><time>2026-02-23T07:07:00Z</time><speed>6.840</speed><sat>16</sat></trkpt>
  <trkpt lat="12.71156842" lon="77.89499562"><ele>738.264</ele><time>2026-02-23T07:07:01Z</time><speed>8.070</speed><sat>27</sat></trkpt>
  <trkpt lat="12.71154856" lon="77.89506978"><ele>738.946</ele><time>2026-02-23T07:07:02Z</time><speed>8.430</speed><sat>29</sat></trkpt>
  <trkpt lat="12.71152505" lon="77.89515033"><ele>739.156</ele><time>2026-02-23T07:07:03Z</time><speed>8.750</speed><sat>29</sat></trkpt>
  <trkpt lat="12.71150971" lon="77.89520882"><ele>739.197</ele><time>2026-02-23T07:07:04Z</time><speed>7.860</speed><sat>30</sat></trkpt>
  <trkpt lat="12.71148185" lon="77.89525959"><ele>738.344</ele><time>2026-02-23T07:07:05Z</time><speed>7.380</speed><sat>32</sat></trkpt>
  <trkpt lat="12.71146502" lon="77.89533173"><ele>738.415</ele><time>2026-02-23T07:07:06Z</time><speed>7.740</speed><sat>34</sat></trkpt>
  <trkpt lat="12.71142853" lon="77.89540804"><ele>739.098</ele><time>2026-02-23T07:07:07Z</time><speed>8.020</speed><sat>38</sat></trkpt>
  <trkpt lat="12.71139189" lon="77.89550506"><ele>740.266</ele><time>2026-02-23T07:07:08Z</time><speed>8.360</speed><sat>38</sat></trkpt>
  <trkpt lat="12.71137316" lon="77.89558844"><ele>740.354</ele><time>2026-02-23T07:07:09Z</time><speed>8.440</speed><sat>38</sat></trkpt>
  <trkpt lat="12.71135243" lon="77.89566832"><ele>741.078</ele><time>2026-02-23T07:07:10Z</time><speed>8.490</speed><sat>39</sat></trkpt>
  <trkpt lat="12.71132793" lon="77.89575014"><ele>741.468</ele><time>2026-02-23T07:07:11Z</time><speed>8.600</speed><sat>42</sat></trkpt>
  <trkpt lat="12.71129311" lon="77.89582736"><ele>742.121</ele><time>2026-02-23T07:07:12Z</time><speed>8.610</speed><sat>43</sat></trkpt>
  <trkpt lat="12.71127105" lon="77.89589609"><ele>742.318</ele><time>2026-02-23T07:07:13Z</time><speed>8.240</speed><sat>44</sat></trkpt>
  <trkpt lat="12.71124959" lon="77.89596267"><ele>742.708</ele><time>2026-02-23T07:07:14Z</time><speed>7.860</speed><sat>44</sat></trkpt>
  <trkpt lat="12.71122364" lon="77.89603082"><ele>742.447</ele><time>2026-02-23T07:07:15Z</time><speed>7.790</speed><sat>43</sat></trkpt>
  <trkpt lat="12.71119056" lon="77.89610037"><ele>743.008</ele><time>2026-02-23T07:07:16Z</time><speed>7.890</speed><sat>45</sat></trkpt>
  <trkpt lat="12.71116511" lon="77.89616841"><ele>743.520</ele><time>2026-02-23T07:07:17Z</time><speed>7.980</speed><sat>45</sat></trkpt>
  <trkpt lat="12.71113693" lon="77.89623888"><ele>743.949</ele><time>2026-02-23T07:07:18Z</time><speed>8.040</speed><sat>45</sat></trkpt>
  <trkpt lat="12.71110511" lon="77.89630831"><ele>743.810</ele><time>2026-02-23T07:07:19Z</time><speed>7.900</speed><sat>23</sat></trkpt>
  <trkpt lat="12.71107528" lon="77.89637234"><ele>742.957</ele><time>2026-02-23T07:07:20Z</time><speed>7.210</speed><sat>21</sat></trkpt>
  <trkpt lat="12.71105751" lon="77.89642406"><ele>742.797</ele><time>2026-02-23T07:07:21Z</time><speed>5.800</speed><sat>20</sat></trkpt>
  <trkpt lat="12.71103864" lon="77.89646744"><ele>742.075</ele><time>2026-02-23T07:07:22Z</time><speed>4.410</speed><sat>20</sat></trkpt>
  <trkpt lat="12.71102646" lon="77.89649916"><ele>741.551</ele><time>2026-02-23T07:07:23Z</time><speed>3.900</speed><sat>21</sat></trkpt>
  <trkpt lat="12.71101583" lon="77.89652983"><ele>741.518</ele><time>2026-02-23T07:07:24Z</time><speed>3.550</speed><sat>19</sat></trkpt>
  <trkpt lat="12.71100691" lon="77.89656099"><ele>741.591</ele><time>2026-02-23T07:07:25Z</time><speed>3.240</speed><sat>21</sat></trkpt>
  <trkpt lat="12.71099112" lon="77.89658514"><ele>742.347</ele><time>2026-02-23T07:07:26Z</time><speed>3.040</speed><sat>20</sat></trkpt>
  <trkpt lat="12.71097609" lon="77.89661511"><ele>742.601</ele><time>2026-02-23T07:07:27Z</time><speed>3.230</speed><sat>20</sat></trkpt>
  <trkpt lat="12.71096361" lon="77.89663983"><ele>742.579</ele><time>2026-02-23T07:07:28Z</time><speed>2.960</speed><sat>21</sat></trkpt>
  <trkpt lat="12.71095006" lon="77.89666077"><ele>742.721</ele><time>2026-02-23T07:07:29Z</time><speed>2.680</speed><sat>20</sat></trkpt>
  <trkpt lat="12.71093535" lon="77.89668071"><ele>742.772</ele><time>2026-02-23T07:07:30Z</time><speed>2.500</speed><sat>20</sat></trkpt>
  <trkpt lat="12.71092535" lon="77.89670747"><ele>742.247</ele><time>2026-02-23T07:07:31Z</time><speed>2.370</speed><sat>18</sat></trkpt>
  <trkpt lat="12.71091186" lon="77.89672527"><ele>742.401</ele><time>2026-02-23T07:07:32Z</time><speed>2.510</speed><sat>18</sat></trkpt>
  <trkpt lat="12.71090139" lon="77.89674375"><ele>742.567</ele><time>2026-02-23T07:07:33Z</time><speed>2.580</speed><sat>19</sat></trkpt>
  <trkpt lat="12.71089217" lon="77.89676116"><ele>742.684</ele><time>2026-02-23T07:07:34Z</time><speed>2.220</speed><sat>17</sat></trkpt>
  <trkpt lat="12.71088154" lon="77.89677783"><ele>743.234</ele><time>2026-02-23T07:07:35Z</time><speed>1.930</speed><sat>18</sat></trkpt>
  <trkpt lat="12.71087280" lon="77.89679347"><ele>742.722</ele><time>2026-02-23T07:07:36Z</time><speed>1.960</speed><sat>19</sat></trkpt>
  <trkpt lat="12.71086393" lon="77.89680912"><ele>744.108</ele><time>2026-02-23T07:07:37Z</time><speed>1.770</speed><sat>19</sat></trkpt>
  <trkpt lat="12.71085799" lon="77.89682206"><ele>743.602</ele><time>2026-02-23T07:07:38Z</time><speed>1.450</speed><sat>15</sat></trkpt>
  <trkpt lat="12.71085527" lon="77.89683331"><ele>743.132</ele><time>2026-02-23T07:07:39Z</time><speed>0.890</speed><sat>17</sat></trkpt>
  <trkpt lat="12.71085163" lon="77.89684355"><ele>743.515</ele><time>2026-02-23T07:07:40Z</time><speed>1.150</speed><sat>20</sat></trkpt>
  <trkpt lat="12.71084603" lon="77.89685499"><ele>744.186</ele><time>2026-02-23T07:07:41Z</time><speed>1.360</speed><sat>17</sat></trkpt>
  <trkpt lat="12.71083536" lon="77.89686993"><ele>743.724</ele><time>2026-02-23T07:07:42Z</time><speed>2.110</speed><sat>20</sat></trkpt>
  <trkpt lat="12.71082253" lon="77.89688605"><ele>744.266</ele><time>2026-02-23T07:07:43Z</time><speed>2.080</speed><sat>18</sat></trkpt>
  <trkpt lat="12.71081026" lon="77.89690123"><ele>745.218</ele><time>2026-02-23T07:07:44Z</time><speed>1.860</speed><sat>20</sat></trkpt>
  <trkpt lat="12.71079961" lon="77.89691733"><ele>745.025</ele><time>2026-02-23T07:07:45Z</time><speed>1.650</speed><sat>17</sat></trkpt>
  <trkpt lat="12.71079086" lon="77.89693365"><ele>743.530</ele><time>2026-02-23T07:07:46Z</time><speed>1.680</speed><sat>20</sat></trkpt>
  <trkpt lat="12.71078387" lon="77.89694741"><ele>743.800</ele><time>2026-02-23T07:07:47Z</time><speed>1.410</speed><sat>18</sat></trkpt>
  <trkpt lat="12.71077731" lon="77.89695982"><ele>743.923</ele><time>2026-02-23T07:07:48Z</time><speed>1.680</speed><sat>20</sat></trkpt>
  <trkpt lat="12.71077237" lon="77.89697113"><ele>743.583</ele><time>2026-02-23T07:07:49Z</time><speed>1.590</speed><sat>21</sat></trkpt>
  <trkpt lat="12.71076665" lon="77.89698244"><ele>743.846</ele><time>2026-02-23T07:07:50Z</time><speed>1.850</speed><sat>20</sat></trkpt>
  <trkpt lat="12.71075756" lon="77.89699590"><ele>744.092</ele><time>2026-02-23T07:07:51Z</time><speed>2.190</speed><sat>19</sat></trkpt>
  <trkpt lat="12.71074406" lon="77.89701545"><ele>744.073</ele><time>2026-02-23T07:07:52Z</time><speed>2.960</speed><sat>19</sat></trkpt>
  <trkpt lat="12.71072978" lon="77.89704494"><ele>744.983</ele><time>2026-02-23T07:07:53Z</time><speed>3.820</speed><sat>18</sat></trkpt>
  <trkpt lat="12.71071700" lon="77.89707955"><ele>744.555</ele><time>2026-02-23T07:07:54Z</time><speed>3.620</speed><sat>20</sat></trkpt>
  <trkpt lat="12.71070000" lon="77.89711320"><ele>744.751</ele><time>2026-02-23T07:07:55Z</time><speed>4.220</speed><sat>21</sat></trkpt>
  <trkpt lat="12.71070549" lon="77.89717514"><ele>744.697</ele><time>2026-02-23T07:07:56Z</time><speed>4.810</speed><sat>22</sat></trkpt>
  <trkpt lat="12.71068308" lon="77.89722471"><ele>744.724</ele><time>2026-02-23T07:07:57Z</time><speed>5.670</speed><sat>20</sat></trkpt>
  <trkpt lat="12.71065472" lon="77.89728193"><ele>745.052</ele><time>2026-02-23T07:07:58Z</time><speed>6.630</speed><sat>22</sat></trkpt>
  <trkpt lat="12.71061963" lon="77.89733498"><ele>744.438</ele><time>2026-02-23T07:07:59Z</time><speed>7.170</speed><sat>21</sat></trkpt>
  <trkpt lat="12.71059040" lon="77.89739851"><ele>745.027</ele><time>2026-02-23T07:08:00Z</time><speed>7.670</speed><sat>19</sat></trkpt>
  <trkpt lat="12.71056259" lon="77.89745758"><ele>745.413</ele><time>2026-02-23T07:08:01Z</time><speed>7.780</speed><sat>20</sat></trkpt>
  <trkpt lat="12.71052960" lon="77.89752153"><ele>745.854</ele><time>2026-02-23T07:08:02Z</time><speed>7.930</speed><sat>22</sat></trkpt>
  <trkpt lat="12.71049369" lon="77.89758846"><ele>745.831</ele><time>2026-02-23T07:08:03Z</time><speed>8.400</speed><sat>19</sat></trkpt>
  <trkpt lat="12.71045909" lon="77.89765760"><ele>745.476</ele><time>2026-02-23T07:08:04Z</time><speed>8.530</speed><sat>19</sat></trkpt>
  <trkpt lat="12.71041757" lon="77.89772675"><ele>745.493</ele><time>2026-02-23T07:08:05Z</time><speed>8.940</speed><sat>19</sat></trkpt>
  <trkpt lat="12.71037509" lon="77.89779761"><ele>745.371</ele><time>2026-02-23T07:08:06Z</time><speed>9.000</speed><sat>23</sat></trkpt>
  <trkpt lat="12.71033176" lon="77.89787003"><ele>745.044</ele><time>2026-02-23T07:08:07Z</time><speed>9.120</speed><sat>22</sat></trkpt>
  <trkpt lat="12.71029258" lon="77.89794324"><ele>744.707</ele><time>2026-02-23T07:08:08Z</time><speed>9.220</speed><sat>22</sat></trkpt>
  <trkpt lat="12.71024927" lon="77.89802068"><ele>744.870</ele><time>2026-02-23T07:08:09Z</time><speed>9.350</speed><sat>22</sat></trkpt>
  <trkpt lat="12.71019793" lon="77.89809346"><ele>744.756</ele><time>2026-02-23T07:08:10Z</time><speed>9.430</speed><sat>20</sat></trkpt>
  <trkpt lat="12.71015504" lon="77.89816494"><ele>744.471</ele><time>2026-02-23T07:08:11Z</time><speed>9.410</speed><sat>18</sat></trkpt>
  <trkpt lat="12.71011137" lon="77.89824339"><ele>743.810</ele><time>2026-02-23T07:08:12Z</time><speed>9.610</speed><sat>19</sat></trkpt>
  <trkpt lat="12.71006320" lon="77.89832083"><ele>743.605</ele><time>2026-02-23T07:08:13Z</time><speed>9.680</speed><sat>21</sat></trkpt>
  <trkpt lat="12.71002311" lon="77.89839654"><ele>743.409</ele><time>2026-02-23T07:08:14Z</time><speed>9.700</speed><sat>22</sat></trkpt>
  <trkpt lat="12.70997856" lon="77.89847280"><ele>743.880</ele><time>2026-02-23T07:08:15Z</time><speed>9.880</speed><sat>19</sat></trkpt>
  <trkpt lat="12.70992801" lon="77.89854669"><ele>742.792</ele><time>2026-02-23T07:08:16Z</time><speed>9.880</speed><sat>20</sat></trkpt>
  <trkpt lat="12.70988443" lon="77.89862524"><ele>742.365</ele><time>2026-02-23T07:08:17Z</time><speed>9.940</speed><sat>20</sat></trkpt>
  <trkpt lat="12.70983540" lon="77.89870509"><ele>742.411</ele><time>2026-02-23T07:08:18Z</time><speed>10.240</speed><sat>20</sat></trkpt>
  <trkpt lat="12.70978369" lon="77.89878728"><ele>742.463</ele><time>2026-02-23T07:08:19Z</time><speed>10.370</speed><sat>18</sat></trkpt>
  <trkpt lat="12.70973157" lon="77.89886551"><ele>742.299</ele><time>2026-02-23T07:08:20Z</time><speed>10.430</speed><sat>19</sat></trkpt>
  <trkpt lat="12.70967416" lon="77.89894148"><ele>741.437</ele><time>2026-02-23T07:08:21Z</time><speed>10.170</speed><sat>18</sat></trkpt>
  <trkpt lat="12.70961830" lon="77.89901696"><ele>740.943</ele><time>2026-02-23T07:08:22Z</time><speed>10.060</speed><sat>17</sat></trkpt>
  <trkpt lat="12.70956258" lon="77.89908990"><ele>740.416</ele><time>2026-02-23T07:08:23Z</time><speed>10.010</speed><sat>17</sat></trkpt>
  <trkpt lat="12.70950377" lon="77.89916792"><ele>739.782</ele><time>2026-02-23T07:08:24Z</time><speed>9.970</speed><sat>17</sat></trkpt>
  <trkpt lat="12.70944781" lon="77.89923754"><ele>739.133</ele><time>2026-02-23T07:08:25Z</time><speed>9.770</speed><sat>17</sat></trkpt>
  <trkpt lat="12.70939312" lon="77.89931142"><ele>738.880</ele><time>2026-02-23T07:08:26Z</time><speed>9.770</speed><sat>18</sat></trkpt>
  <trkpt lat="12.70933634" lon="77.89938834"><ele>738.917</ele><time>2026-02-23T07:08:27Z</time><speed>9.770</speed><sat>16</sat></trkpt>
  <trkpt lat="12.70928506" lon="77.89945616"><ele>738.326</ele><time>2026-02-23T07:08:28Z</time><speed>9.760</speed><sat>15</sat></trkpt>
  <trkpt lat="12.70922603" lon="77.89952337"><ele>737.737</ele><time>2026-02-23T07:08:29Z</time><speed>9.630</speed><sat>15</sat></trkpt>
  <trkpt lat="12.70917439" lon="77.89958862"><ele>738.038</ele><time>2026-02-23T07:08:30Z</time><speed>9.570</speed><sat>16</sat></trkpt>
  <trkpt lat="12.70912346" lon="77.89966074"><ele>737.751</ele><time>2026-02-23T07:08:31Z</time><speed>9.490</speed><sat>17</sat></trkpt>
  <trkpt lat="12.70907479" lon="77.89973434"><ele>737.203</ele><time>2026-02-23T07:08:32Z</time><speed>9.460</speed><sat>16</sat></trkpt>
  <trkpt lat="12.70901673" lon="77.89979685"><ele>735.573</ele><time>2026-02-23T07:08:33Z</time><speed>9.030</speed><sat>16</sat></trkpt>
  <trkpt lat="12.70896384" lon="77.89986702"><ele>734.969</ele><time>2026-02-23T07:08:34Z</time><speed>9.080</speed><sat>15</sat></trkpt>
  <trkpt lat="12.70891077" lon="77.89992558"><ele>734.761</ele><time>2026-02-23T07:08:35Z</time><speed>8.740</speed><sat>15</sat></trkpt>
  <trkpt lat="12.70886443" lon="77.89998615"><ele>735.288</ele><time>2026-02-23T07:08:36Z</time><speed>8.640</speed><sat>19</sat></trkpt>
  <trkpt lat="12.70881431" lon="77.90005600"><ele>735.726</ele><time>2026-02-23T07:08:37Z</time><speed>8.570</speed><sat>19</sat></trkpt>
  <trkpt lat="12.70876624" lon="77.90011772"><ele>735.281</ele><time>2026-02-23T07:08:38Z</time><speed>8.540</speed><sat>19</sat></trkpt>
  <trkpt lat="12.70872003" lon="77.90017859"><ele>735.607</ele><time>2026-02-23T07:08:39Z</time><speed>8.550</speed><sat>14</sat></trkpt>
  <trkpt lat="12.70867153" lon="77.90023778"><ele>736.248</ele><time>2026-02-23T07:08:40Z</time><speed>8.320</speed><sat>16</sat></trkpt>
  <trkpt lat="12.70862639" lon="77.90029688"><ele>735.207</ele><time>2026-02-23T07:08:41Z</time><speed>8.320</speed><sat>16</sat></trkpt>
  <trkpt lat="12.70857753" lon="77.90034542"><ele>735.407</ele><time>2026-02-23T07:08:42Z</time><speed>8.220</speed><sat>17</sat></trkpt>
  <trkpt lat="12.70853356" lon="77.90039212"><ele>734.365</ele><time>2026-02-23T07:08:43Z</time><speed>8.250</speed><sat>16</sat></trkpt>
  <trkpt lat="12.70848526" lon="77.90045001"><ele>734.278</ele><time>2026-02-23T07:08:44Z</time><speed>8.250</speed><sat>16</sat></trkpt>
  <trkpt lat="12.70843119" lon="77.90050115"><ele>733.213</ele><time>2026-02-23T07:08:45Z</time><speed>8.580</speed><sat>18</sat></trkpt>
  <trkpt lat="12.70837903" lon="77.90056417"><ele>733.101</ele><time>2026-02-23T07:08:46Z</time><speed>8.570</speed><sat>18</sat></trkpt>
  <trkpt lat="12.70832360" lon="77.90061929"><ele>732.401</ele><time>2026-02-23T07:08:47Z</time><speed>8.620</speed><sat>19</sat></trkpt>
  <trkpt lat="12.70827509" lon="77.90068307"><ele>732.914</ele><time>2026-02-23T07:08:48Z</time><speed>8.690</speed><sat>16</sat></trkpt>
  <trkpt lat="12.70821879" lon="77.90074658"><ele>732.601</ele><time>2026-02-23T07:08:49Z</time><speed>8.740</speed><sat>20</sat></trkpt>
  <trkpt lat="12.70816139" lon="77.90080094"><ele>732.412</ele><time>2026-02-23T07:08:50Z</time><speed>8.740</speed><sat>19</sat></trkpt>
  <trkpt lat="12.70809606" lon="77.90086089"><ele>731.833</ele><time>2026-02-23T07:08:51Z</time><speed>9.110</speed><sat>18</sat></trkpt>
  <trkpt lat="12.70803024" lon="77.90092155"><ele>730.188</ele><time>2026-02-23T07:08:52Z</time><speed>9.230</speed><sat>16</sat></trkpt>
  <trkpt lat="12.70796930" lon="77.90097562"><ele>728.627</ele><time>2026-02-23T07:08:53Z</time><speed>9.330</speed><sat>20</sat></trkpt>
  <trkpt lat="12.70791387" lon="77.90103590"><ele>727.896</ele><time>2026-02-23T07:08:54Z</time><speed>9.540</speed><sat>18</sat></trkpt>
  <trkpt lat="12.70785263" lon="77.90110081"><ele>727.970</ele><time>2026-02-23T07:08:55Z</time><speed>9.690</speed><sat>19</sat></trkpt>
  <trkpt lat="12.70778953" lon="77.90116611"><ele>727.592</ele><time>2026-02-23T07:08:56Z</time><speed>9.870</speed><sat>19</sat></trkpt>
  <trkpt lat="12.70773180" lon="77.90123040"><ele>727.948</ele><time>2026-02-23T07:08:57Z</time><speed>10.050</speed><sat>19</sat></trkpt>
  <trkpt lat="12.70767228" lon="77.90129695"><ele>727.757</ele><time>2026-02-23T07:08:58Z</time><speed>10.200</speed><sat>17</sat></trkpt>
  <trkpt lat="12.70761513" lon="77.90135832"><ele>726.733</ele><time>2026-02-23T07:08:59Z</time><speed>10.260</speed><sat>20</sat></trkpt>
  <trkpt lat="12.70754781" lon="77.90142760"><ele>726.948</ele><time>2026-02-23T07:09:00Z</time><speed>10.400</speed><sat>18</sat></trkpt>
  <trkpt lat="12.70746809" lon="77.90150655"><ele>724.569</ele><time>2026-02-23T07:09:01Z</time><speed>10.530</speed><sat>17</sat></trkpt>
  <trkpt lat="12.70739819" lon="77.90157342"><ele>724.699</ele><time>2026-02-23T07:09:02Z</time><speed>10.350</speed><sat>16</sat></trkpt>
  <trkpt lat="12.70732804" lon="77.90164382"><ele>724.387</ele><time>2026-02-23T07:09:03Z</time><speed>10.480</speed><sat>17</sat></trkpt>
  <trkpt lat="12.70726249" lon="77.90170616"><ele>724.347</ele><time>2026-02-23T07:09:04Z</time><speed>10.560</speed><sat>16</sat></trkpt>
  <trkpt lat="12.70720431" lon="77.90177679"><ele>724.873</ele><time>2026-02-23T07:09:05Z</time><speed>10.550</speed><sat>15</sat></trkpt>
  <trkpt lat="12.70713983" lon="77.90184055"><ele>725.558</ele><time>2026-02-23T07:09:06Z</time><speed>10.440</speed><sat>17</sat></trkpt>
  <trkpt lat="12.70707308" lon="77.90190985"><ele>726.327</ele><time>2026-02-23T07:09:07Z</time><speed>10.390</speed><sat>15</sat></trkpt>
  <trkpt lat="12.70699537" lon="77.90197722"><ele>725.719</ele><time>2026-02-23T07:09:08Z</time><speed>10.220</speed><sat>20</sat></trkpt>
  <trkpt lat="12.70693545" lon="77.90205028"><ele>725.982</ele><time>2026-02-23T07:09:09Z</time><speed>9.870</speed><sat>18</sat></trkpt>
  <trkpt lat="12.70687404" lon="77.90212029"><ele>726.259</ele><time>2026-02-23T07:09:10Z</time><speed>9.920</speed><sat>19</sat></trkpt>
  <trkpt lat="12.70681401" lon="77.90217543"><ele>725.788</ele><time>2026-02-23T07:09:11Z</time><speed>9.830</speed><sat>18</sat></trkpt>
  <trkpt lat="12.70674845" lon="77.90224370"><ele>726.514</ele><time>2026-02-23T07:09:12Z</time><speed>9.630</speed><sat>17</sat></trkpt>
  <trkpt lat="12.70667962" lon="77.90230458"><ele>726.310</ele><time>2026-02-23T07:09:13Z</time><speed>9.540</speed><sat>17</sat></trkpt>
  <trkpt lat="12.70661822" lon="77.90236293"><ele>726.355</ele><time>2026-02-23T07:09:14Z</time><speed>9.560</speed><sat>16</sat></trkpt>
  <trkpt lat="12.70655478" lon="77.90243003"><ele>725.853</ele><time>2026-02-23T07:09:15Z</time><speed>9.070</speed><sat>19</sat></trkpt>
  <trkpt lat="12.70649899" lon="77.90248407"><ele>725.745</ele><time>2026-02-23T07:09:16Z</time><speed>8.700</speed><sat>17</sat></trkpt>
  <trkpt lat="12.70644346" lon="77.90253339"><ele>725.566</ele><time>2026-02-23T07:09:17Z</time><speed>8.790</speed><sat>15</sat></trkpt>
  <trkpt lat="12.70638913" lon="77.90259059"><ele>725.138</ele><time>2026-02-23T07:09:18Z</time><speed>8.840</speed><sat>17</sat></trkpt>
  <trkpt lat="12.70633983" lon="77.90264359"><ele>724.792</ele><time>2026-02-23T07:09:19Z</time><speed>8.960</speed><sat>19</sat></trkpt>
  <trkpt lat="12.70627938" lon="77.90269949"><ele>724.715</ele><time>2026-02-23T07:09:20Z</time><speed>8.850</speed><sat>18</sat></trkpt>
  <trkpt lat="12.70620929" lon="77.90276424"><ele>723.961</ele><time>2026-02-23T07:09:21Z</time><speed>9.250</speed><sat>16</sat></trkpt>
  <trkpt lat="12.70614912" lon="77.90282336"><ele>723.916</ele><time>2026-02-23T07:09:22Z</time><speed>9.240</speed><sat>16</sat></trkpt>
  <trkpt lat="12.70607573" lon="77.90290322"><ele>724.536</ele><time>2026-02-23T07:09:23Z</time><speed>9.590</speed><sat>15</sat></trkpt>
  <trkpt lat="12.70601332" lon="77.90296447"><ele>724.502</ele><time>2026-02-23T07:09:24Z</time><speed>9.580</speed><sat>15</sat></trkpt>
  <trkpt lat="12.70596724" lon="77.90303238"><ele>724.433</ele><time>2026-02-23T07:09:25Z</time><speed>9.610</speed><sat>13</sat></trkpt>
  <trkpt lat="12.70589657" lon="77.90308979"><ele>724.493</ele><time>2026-02-23T07:09:26Z</time><speed>9.150</speed><sat>15</sat></trkpt>
  <trkpt lat="12.70584314" lon="77.90314875"><ele>724.819</ele><time>2026-02-23T07:09:27Z</time><speed>9.150</speed><sat>15</sat></trkpt>
  <trkpt lat="12.70578402" lon="77.90320768"><ele>724.830</ele><time>2026-02-23T07:09:28Z</time><speed>9.150</speed><sat>15</sat></trkpt>
  <trkpt lat="12.70573010" lon="77.90327201"><ele>723.529</ele><time>2026-02-23T07:09:29Z</time><speed>8.650</speed><sat>14</sat></trkpt>
  <trkpt lat="12.70567614" lon="77.90333338"><ele>723.129</ele><time>2026-02-23T07:09:30Z</time><speed>8.730</speed><sat>16</sat></trkpt>
  <trkpt lat="12.70560743" lon="77.90339691"><ele>721.292</ele><time>2026-02-23T07:09:31Z</time><speed>8.810</speed><sat>16</sat></trkpt>
  <trkpt lat="12.70555717" lon="77.90345379"><ele>721.146</ele><time>2026-02-23T07:09:32Z</time><speed>8.660</speed><sat>15</sat></trkpt>
  <trkpt lat="12.70550154" lon="77.90350018"><ele>721.177</ele><time>2026-02-23T07:09:33Z</time><speed>8.720</speed><sat>16</sat></trkpt>
  <trkpt lat="12.70543932" lon="77.90356475"><ele>721.234</ele><time>2026-02-23T07:09:34Z</time><speed>8.800</speed><sat>16</sat></trkpt>
  <trkpt lat="12.70538981" lon="77.90362079"><ele>722.342</ele><time>2026-02-23T07:09:35Z</time><speed>8.590</speed><sat>14</sat></trkpt>
  <trkpt lat="12.70533436" lon="77.90367617"><ele>722.416</ele><time>2026-02-23T07:09:36Z</time><speed>8.590</speed><sat>14</sat></trkpt>
  <trkpt lat="12.70526972" lon="77.90373450"><ele>721.646</ele><time>2026-02-23T07:09:37Z</time><speed>8.740</speed><sat>11</sat></trkpt>
  <trkpt lat="12.70520623" lon="77.90379946"><ele>720.554</ele><time>2026-02-23T07:09:38Z</time><speed>8.740</speed><sat>13</sat></trkpt>
  <trkpt lat="12.70515412" lon="77.90385792"><ele>719.690</ele><time>2026-02-23T07:09:39Z</time><speed>8.700</speed><sat>15</sat></trkpt>
  <trkpt lat="12.70509827" lon="77.90392544"><ele>719.819</ele><time>2026-02-23T07:09:40Z</time><speed>8.680</speed><sat>16</sat></trkpt>
  <trkpt lat="12.70505268" lon="77.90397531"><ele>719.373</ele><time>2026-02-23T07:09:41Z</time><speed>8.450</speed><sat>15</sat></trkpt>
  <trkpt lat="12.70499928" lon="77.90403103"><ele>719.279</ele><time>2026-02-23T07:09:42Z</time><speed>8.450</speed><sat>15</sat></trkpt>
  <trkpt lat="12.70494756" lon="77.90408863"><ele>719.852</ele><time>2026-02-23T07:09:43Z</time><speed>8.950</speed><sat>15</sat></trkpt>
  <trkpt lat="12.70489301" lon="77.90416086"><ele>717.485</ele><time>2026-02-23T07:09:44Z</time><speed>9.020</speed><sat>13</sat></trkpt>
  <trkpt lat="12.70483841" lon="77.90422401"><ele>718.206</ele><time>2026-02-23T07:09:45Z</time><speed>8.920</speed><sat>16</sat></trkpt>
  <trkpt lat="12.70478585" lon="77.90428655"><ele>718.368</ele><time>2026-02-23T07:09:46Z</time><speed>9.010</speed><sat>19</sat></trkpt>
  <trkpt lat="12.70472039" lon="77.90435788"><ele>716.329</ele><time>2026-02-23T07:09:47Z</time><speed>8.910</speed><sat>19</sat></trkpt>
  <trkpt lat="12.70466563" lon="77.90441398"><ele>716.057</ele><time>2026-02-23T07:09:48Z</time><speed>9.080</speed><sat>16</sat></trkpt>
  <trkpt lat="12.70461092" lon="77.90447288"><ele>715.074</ele><time>2026-02-23T07:09:49Z</time><speed>9.180</speed><sat>18</sat></trkpt>
  <trkpt lat="12.70455287" lon="77.90453471"><ele>715.824</ele><time>2026-02-23T07:09:50Z</time><speed>9.420</speed><sat>14</sat></trkpt>
  <trkpt lat="12.70450425" lon="77.90459415"><ele>716.709</ele><time>2026-02-23T07:09:51Z</time><speed>9.380</speed><sat>15</sat></trkpt>
  <trkpt lat="12.70445118" lon="77.90466087"><ele>716.354</ele><time>2026-02-23T07:09:52Z</time><speed>9.310</speed><sat>13</sat></trkpt>
  <trkpt lat="12.70439820" lon="77.90471833"><ele>716.861</ele><time>2026-02-23T07:09:53Z</time><speed>9.250</speed><sat>16</sat></trkpt>
  <trkpt lat="12.70433872" lon="77.90479166"><ele>714.763</ele><time>2026-02-23T07:09:54Z</time><speed>9.250</speed><sat>16</sat></trkpt>
  <trkpt lat="12.70428817" lon="77.90485857"><ele>714.499</ele><time>2026-02-23T07:09:55Z</time><speed>9.180</speed><sat>16</sat></trkpt>
  <trkpt lat="12.70423618" lon="77.90492591"><ele>714.913</ele><time>2026-02-23T07:09:56Z</time><speed>9.420</speed><sat>15</sat></trkpt>
  <trkpt lat="12.70418606" lon="77.90498392"><ele>714.843</ele><time>2026-02-23T07:09:57Z</time><speed>9.430</speed><sat>18</sat></trkpt>
  <trkpt lat="12.70412398" lon="77.90504503"><ele>715.094</ele><time>2026-02-23T07:09:58Z</time><speed>9.440</speed><sat>16</sat></trkpt>
  <trkpt lat="12.70407164" lon="77.90511184"><ele>714.431</ele><time>2026-02-23T07:09:59Z</time><speed>9.440</speed><sat>17</sat></trkpt>
  <trkpt lat="12.70402256" lon="77.90517017"><ele>714.487</ele><time>2026-02-23T07:10:00Z</time><speed>9.440</speed><sat>16</sat></trkpt>
  <trkpt lat="12.70397245" lon="77.90524072"><ele>714.525</ele><time>2026-02-23T07:10:01Z</time><speed>9.470</speed><sat>16</sat></trkpt>
  <trkpt lat="12.70391950" lon="77.90530587"><ele>714.309</ele><time>2026-02-23T07:10:02Z</time><speed>9.370</speed><sat>16</sat></trkpt>
  <trkpt lat="12.70386681" lon="77.90536427"><ele>714.432</ele><time>2026-02-23T07:10:03Z</time><speed>9.340</speed><sat>15</sat></trkpt>
  <trkpt lat="12.70381128" lon="77.90542371"><ele>715.056</ele><time>2026-02-23T07:10:04Z</time><speed>9.180</speed><sat>16</sat></trkpt>
  <trkpt lat="12.70376265" lon="77.90548541"><ele>715.371</ele><time>2026-02-23T07:10:05Z</time><speed>9.060</speed><sat>16</sat></trkpt>
  <trkpt lat="12.70370659" lon="77.90554691"><ele>715.979</ele><time>2026-02-23T07:10:06Z</time><speed>9.050</speed><sat>14</sat></trkpt>
  <trkpt lat="12.70366023" lon="77.90561700"><ele>715.841</ele><time>2026-02-23T07:10:07Z</time><speed>8.940</speed><sat>16</sat></trkpt>
  <trkpt lat="12.70359931" lon="77.90568523"><ele>715.292</ele><time>2026-02-23T07:10:08Z</time><speed>8.930</speed><sat>15</sat></trkpt>
  <trkpt lat="12.70355189" lon="77.90574831"><ele>715.297</ele><time>2026-02-23T07:10:09Z</time><speed>8.880</speed><sat>13</sat></trkpt>
  <trkpt lat="12.70349929" lon="77.90580742"><ele>715.170</ele><time>2026-02-23T07:10:10Z</time><speed>8.920</speed><sat>16</sat></trkpt>
  <trkpt lat="12.70344786" lon="77.90586757"><ele>715.075</ele><time>2026-02-23T07:10:11Z</time><speed>8.880</speed><sat>17</sat></trkpt>
  <trkpt lat="12.70339652" lon="77.90592891"><ele>715.391</ele><time>2026-02-23T07:10:12Z</time><speed>8.840</speed><sat>17</sat></trkpt>
  <trkpt lat="12.70334181" lon="77.90599008"><ele>715.405</ele><time>2026-02-23T07:10:13Z</time><speed>8.890</speed><sat>18</sat></trkpt>
  <trkpt lat="12.70329282" lon="77.90605102"><ele>715.572</ele><time>2026-02-23T07:10:14Z</time><speed>8.810</speed><sat>17</sat></trkpt>
  <trkpt lat="12.70324099" lon="77.90611190"><ele>713.858</ele><time>2026-02-23T07:10:15Z</time><speed>8.930</speed><sat>14</sat></trkpt>
  <trkpt lat="12.70318861" lon="77.90617562"><ele>713.375</ele><time>2026-02-23T07:10:16Z</time><speed>8.900</speed><sat>18</sat></trkpt>
  <trkpt lat="12.70313894" lon="77.90623710"><ele>712.933</ele><time>2026-02-23T07:10:17Z</time><speed>8.930</speed><sat>17</sat></trkpt>
  <trkpt lat="12.70309365" lon="77.90630114"><ele>712.600</ele><time>2026-02-23T07:10:18Z</time><speed>9.120</speed><sat>18</sat></trkpt>
  <trkpt lat="12.70303893" lon="77.90635977"><ele>712.521</ele><time>2026-02-23T07:10:19Z</time><speed>9.160</speed><sat>19</sat></trkpt>
  <trkpt lat="12.70297973" lon="77.90642037"><ele>713.178</ele><time>2026-02-23T07:10:20Z</time><speed>9.130</speed><sat>16</sat></trkpt>
  <trkpt lat="12.70292952" lon="77.90648590"><ele>713.099</ele><time>2026-02-23T07:10:21Z</time><speed>9.280</speed><sat>18</sat></trkpt>
  <trkpt lat="12.70286651" lon="77.90655900"><ele>712.164</ele><time>2026-02-23T07:10:22Z</time><speed>9.370</speed><sat>16</sat></trkpt>
  <trkpt lat="12.70280540" lon="77.90663142"><ele>712.553</ele><time>2026-02-23T07:10:23Z</time><speed>9.600</speed><sat>17</sat></trkpt>
  <trkpt lat="12.70275588" lon="77.90669315"><ele>712.658</ele><time>2026-02-23T07:10:24Z</time><speed>9.560</speed><sat>17</sat></trkpt>
  <trkpt lat="12.70269441" lon="77.90676338"><ele>712.556</ele><time>2026-02-23T07:10:25Z</time><speed>9.690</speed><sat>17</sat></trkpt>
  <trkpt lat="12.70264171" lon="77.90682598"><ele>712.321</ele><time>2026-02-23T07:10:26Z</time><speed>9.730</speed><sat>14</sat></trkpt>
  <trkpt lat="12.70258898" lon="77.90688439"><ele>713.244</ele><time>2026-02-23T07:10:27Z</time><speed>9.870</speed><sat>17</sat></trkpt>
  <trkpt lat="12.70253121" lon="77.90695477"><ele>713.256</ele><time>2026-02-23T07:10:28Z</time><speed>9.770</speed><sat>15</sat></trkpt>
  <trkpt lat="12.70248397" lon="77.90702220"><ele>712.636</ele><time>2026-02-23T07:10:29Z</time><speed>9.760</speed><sat>16</sat></trkpt>
  <trkpt lat="12.70242786" lon="77.90709451"><ele>712.468</ele><time>2026-02-23T07:10:30Z</time><speed>9.990</speed><sat>14</sat></trkpt>
  <trkpt lat="12.70237329" lon="77.90716773"><ele>712.365</ele><time>2026-02-23T07:10:31Z</time><speed>9.970</speed><sat>14</sat></trkpt>
  <trkpt lat="12.70231963" lon="77.90722572"><ele>713.138</ele><time>2026-02-23T07:10:32Z</time><speed>9.560</speed><sat>12</sat></trkpt>
  <trkpt lat="12.70227722" lon="77.90730024"><ele>713.118</ele><time>2026-02-23T07:10:33Z</time><speed>9.350</speed><sat>16</sat></trkpt>
  <trkpt lat="12.70222803" lon="77.90736903"><ele>712.836</ele><time>2026-02-23T07:10:34Z</time><speed>9.070</speed><sat>12</sat></trkpt>
  <trkpt lat="12.70218374" lon="77.90743961"><ele>712.673</ele><time>2026-02-23T07:10:35Z</time><speed>8.940</speed><sat>18</sat></trkpt>
  <trkpt lat="12.70213429" lon="77.90751252"><ele>712.758</ele><time>2026-02-23T07:10:36Z</time><speed>8.720</speed><sat>16</sat></trkpt>
  <trkpt lat="12.70208453" lon="77.90757563"><ele>713.009</ele><time>2026-02-23T07:10:37Z</time><speed>9.000</speed><sat>18</sat></trkpt>
  <trkpt lat="12.70204846" lon="77.90764919"><ele>713.353</ele><time>2026-02-23T07:10:38Z</time><speed>8.870</speed><sat>19</sat></trkpt>
  <trkpt lat="12.70200100" lon="77.90771979"><ele>713.906</ele><time>2026-02-23T07:10:39Z</time><speed>8.880</speed><sat>19</sat></trkpt>
  <trkpt lat="12.70195957" lon="77.90778935"><ele>714.612</ele><time>2026-02-23T07:10:40Z</time><speed>8.910</speed><sat>18</sat></trkpt>
  <trkpt lat="12.70191368" lon="77.90785954"><ele>715.096</ele><time>2026-02-23T07:10:41Z</time><speed>8.940</speed><sat>18</sat></trkpt>
  <trkpt lat="12.70187096" lon="77.90793731"><ele>715.009</ele><time>2026-02-23T07:10:42Z</time><speed>9.040</speed><sat>17</sat></trkpt>
  <trkpt lat="12.70182721" lon="77.90800294"><ele>715.342</ele><time>2026-02-23T07:10:43Z</time><speed>9.030</speed><sat>17</sat></trkpt>
  <trkpt lat="12.70178253" lon="77.90806626"><ele>715.530</ele><time>2026-02-23T07:10:44Z</time><speed>8.970</speed><sat>16</sat></trkpt>
  <trkpt lat="12.70173193" lon="77.90813174"><ele>715.362</ele><time>2026-02-23T07:10:45Z</time><speed>8.710</speed><sat>17</sat></trkpt>
  <trkpt lat="12.70168079" lon="77.90819771"><ele>715.486</ele><time>2026-02-23T07:10:46Z</time><speed>8.820</speed><sat>20</sat></trkpt>
  <trkpt lat="12.70163563" lon="77.90826843"><ele>715.767</ele><time>2026-02-23T07:10:47Z</time><speed>9.000</speed><sat>20</sat></trkpt>
  <trkpt lat="12.70159008" lon="77.90833538"><ele>715.524</ele><time>2026-02-23T07:10:48Z</time><speed>9.020</speed><sat>22</sat></trkpt>
  <trkpt lat="12.70154725" lon="77.90840907"><ele>714.138</ele><time>2026-02-23T07:10:49Z</time><speed>8.920</speed><sat>18</sat></trkpt>
  <trkpt lat="12.70149649" lon="77.90847689"><ele>713.948</ele><time>2026-02-23T07:10:50Z</time><speed>9.160</speed><sat>21</sat></trkpt>
  <trkpt lat="12.70145159" lon="77.90855116"><ele>714.177</ele><time>2026-02-23T07:10:51Z</time><speed>9.280</speed><sat>21</sat></trkpt>
  <trkpt lat="12.70140118" lon="77.90862397"><ele>713.502</ele><time>2026-02-23T07:10:52Z</time><speed>9.260</speed><sat>16</sat></trkpt>
  <trkpt lat="12.70134190" lon="77.90869639"><ele>712.424</ele><time>2026-02-23T07:10:53Z</time><speed>9.360</speed><sat>18</sat></trkpt>
  <trkpt lat="12.70128676" lon="77.90875923"><ele>712.732</ele><time>2026-02-23T07:10:54Z</time><speed>9.380</speed><sat>17</sat></trkpt>
  <trkpt lat="12.70123248" lon="77.90883004"><ele>711.649</ele><time>2026-02-23T07:10:55Z</time><speed>9.680</speed><sat>20</sat></trkpt>
  <trkpt lat="12.70116720" lon="77.90889834"><ele>712.546</ele><time>2026-02-23T07:10:56Z</time><speed>9.950</speed><sat>20</sat></trkpt>
  <trkpt lat="12.70109542" lon="77.90897092"><ele>712.281</ele><time>2026-02-23T07:10:57Z</time><speed>9.910</speed><sat>18</sat></trkpt>
  <trkpt lat="12.70102669" lon="77.90903917"><ele>711.693</ele><time>2026-02-23T07:10:58Z</time><speed>10.010</speed><sat>20</sat></trkpt>
  <trkpt lat="12.70096814" lon="77.90910926"><ele>711.520</ele><time>2026-02-23T07:10:59Z</time><speed>9.950</speed><sat>15</sat></trkpt>
  <trkpt lat="12.70090811" lon="77.90917637"><ele>710.700</ele><time>2026-02-23T07:11:00Z</time><speed>10.070</speed><sat>16</sat></trkpt>
  <trkpt lat="12.70084251" lon="77.90924048"><ele>710.857</ele><time>2026-02-23T07:11:01Z</time><speed>10.050</speed><sat>17</sat></trkpt>
  <trkpt lat="12.70078555" lon="77.90930906"><ele>709.523</ele><time>2026-02-23T07:11:02Z</time><speed>9.870</speed><sat>17</sat></trkpt>
  <trkpt lat="12.70072199" lon="77.90937544"><ele>708.470</ele><time>2026-02-23T07:11:03Z</time><speed>9.890</speed><sat>17</sat></trkpt>
  <trkpt lat="12.70066678" lon="77.90943915"><ele>707.465</ele><time>2026-02-23T07:11:04Z</time><speed>9.610</speed><sat>14</sat></trkpt>
  <trkpt lat="12.70060364" lon="77.90950123"><ele>708.121</ele><time>2026-02-23T07:11:05Z</time><speed>9.200</speed><sat>17</sat></trkpt>
  <trkpt lat="12.70054548" lon="77.90955879"><ele>708.617</ele><time>2026-02-23T07:11:06Z</time><speed>9.070</speed><sat>16</sat></trkpt>
  <trkpt lat="12.70048854" lon="77.90961398"><ele>708.270</ele><time>2026-02-23T07:11:07Z</time><speed>8.990</speed><sat>16</sat></trkpt>
  <trkpt lat="12.70042552" lon="77.90967523"><ele>708.087</ele><time>2026-02-23T07:11:08Z</time><speed>8.940</speed><sat>16</sat></trkpt>
  <trkpt lat="12.70037208" lon="77.90973698"><ele>707.768</ele><time>2026-02-23T07:11:09Z</time><speed>9.020</speed><sat>18</sat></trkpt>
  <trkpt lat="12.70030718" lon="77.90979291"><ele>707.305</ele><time>2026-02-23T07:11:10Z</time><speed>9.120</speed><sat>15</sat></trkpt>
  <trkpt lat="12.70025265" lon="77.90984568"><ele>706.685</ele><time>2026-02-23T07:11:11Z</time><speed>9.260</speed><sat>18</sat></trkpt>
  <trkpt lat="12.70019610" lon="77.90990952"><ele>706.891</ele><time>2026-02-23T07:11:12Z</time><speed>8.950</speed><sat>16</sat></trkpt>
  <trkpt lat="12.70013815" lon="77.90997026"><ele>705.855</ele><time>2026-02-23T07:11:13Z</time><speed>9.360</speed><sat>17</sat></trkpt>
  <trkpt lat="12.70008195" lon="77.91003071"><ele>705.187</ele><time>2026-02-23T07:11:14Z</time><speed>9.460</speed><sat>17</sat></trkpt>
  <trkpt lat="12.70002366" lon="77.91009633"><ele>705.261</ele><time>2026-02-23T07:11:15Z</time><speed>9.630</speed><sat>17</sat></trkpt>
  <trkpt lat="12.69996665" lon="77.91015948"><ele>705.709</ele><time>2026-02-23T07:11:16Z</time><speed>9.390</speed><sat>18</sat></trkpt>
  <trkpt lat="12.69991236" lon="77.91022656"><ele>705.553</ele><time>2026-02-23T07:11:17Z</time><speed>9.570</speed><sat>17</sat></trkpt>
  <trkpt lat="12.69985788" lon="77.91029556"><ele>706.211</ele><time>2026-02-23T07:11:18Z</time><speed>9.670</speed><sat>16</sat></trkpt>
  <trkpt lat="12.69980720" lon="77.91036795"><ele>705.968</ele><time>2026-02-23T07:11:19Z</time><speed>9.450</speed><sat>18</sat></trkpt>
  <trkpt lat="12.69975934" lon="77.91044060"><ele>705.516</ele><time>2026-02-23T07:11:20Z</time><speed>9.400</speed><sat>18</sat></trkpt>
  <trkpt lat="12.69971014" lon="77.91051242"><ele>705.748</ele><time>2026-02-23T07:11:21Z</time><speed>9.300</speed><sat>17</sat></trkpt>
  <trkpt lat="12.69966581" lon="77.91058759"><ele>705.588</ele><time>2026-02-23T07:11:22Z</time><speed>9.310</speed><sat>20</sat></trkpt>
  <trkpt lat="12.69962321" lon="77.91065990"><ele>705.512</ele><time>2026-02-23T07:11:23Z</time><speed>9.210</speed><sat>22</sat></trkpt>
  <trkpt lat="12.69958198" lon="77.91072885"><ele>705.275</ele><time>2026-02-23T07:11:24Z</time><speed>9.010</speed><sat>21</sat></trkpt>
  <trkpt lat="12.69954120" lon="77.91080405"><ele>705.150</ele><time>2026-02-23T07:11:25Z</time><speed>9.050</speed><sat>19</sat></trkpt>
  <trkpt lat="12.69949781" lon="77.91087836"><ele>705.420</ele><time>2026-02-23T07:11:26Z</time><speed>9.130</speed><sat>22</sat></trkpt>
  <trkpt lat="12.69945420" lon="77.91095256"><ele>705.579</ele><time>2026-02-23T07:11:27Z</time><speed>9.070</speed><sat>20</sat></trkpt>
  <trkpt lat="12.69941429" lon="77.91102290"><ele>705.657</ele><time>2026-02-23T07:11:28Z</time><speed>8.990</speed><sat>19</sat></trkpt>
  <trkpt lat="12.69937101" lon="77.91108966"><ele>705.601</ele><time>2026-02-23T07:11:29Z</time><speed>8.960</speed><sat>18</sat></trkpt>
  <trkpt lat="12.69933006" lon="77.91115953"><ele>705.346</ele><time>2026-02-23T07:11:30Z</time><speed>9.020</speed><sat>17</sat></trkpt>
  <trkpt lat="12.69929340" lon="77.91123415"><ele>705.531</ele><time>2026-02-23T07:11:31Z</time><speed>8.980</speed><sat>20</sat></trkpt>
  <trkpt lat="12.69924760" lon="77.91130324"><ele>705.608</ele><time>2026-02-23T07:11:32Z</time><speed>8.800</speed><sat>19</sat></trkpt>
  <trkpt lat="12.69920130" lon="77.91137033"><ele>705.360</ele><time>2026-02-23T07:11:33Z</time><speed>8.860</speed><sat>20</sat></trkpt>
  <trkpt lat="12.69916248" lon="77.91143933"><ele>705.735</ele><time>2026-02-23T07:11:34Z</time><speed>8.800</speed><sat>20</sat></trkpt>
  <trkpt lat="12.69911818" lon="77.91150650"><ele>705.967</ele><time>2026-02-23T07:11:35Z</time><speed>9.000</speed><sat>22</sat></trkpt>
  <trkpt lat="12.69907709" lon="77.91157779"><ele>706.283</ele><time>2026-02-23T07:11:36Z</time><speed>8.980</speed><sat>18</sat></trkpt>
  <trkpt lat="12.69903518" lon="77.91164791"><ele>706.118</ele><time>2026-02-23T07:11:37Z</time><speed>8.860</speed><sat>18</sat></trkpt>
  <trkpt lat="12.69898798" lon="77.91171292"><ele>705.789</ele><time>2026-02-23T07:11:38Z</time><speed>8.620</speed><sat>18</sat></trkpt>
  <trkpt lat="12.69894443" lon="77.91177983"><ele>705.375</ele><time>2026-02-23T07:11:39Z</time><speed>8.770</speed><sat>20</sat></trkpt>
  <trkpt lat="12.69889869" lon="77.91184951"><ele>705.078</ele><time>2026-02-23T07:11:40Z</time><speed>8.520</speed><sat>19</sat></trkpt>
  <trkpt lat="12.69885510" lon="77.91191244"><ele>704.943</ele><time>2026-02-23T07:11:41Z</time><speed>8.320</speed><sat>22</sat></trkpt>
  <trkpt lat="12.69880949" lon="77.91197517"><ele>704.060</ele><time>2026-02-23T07:11:42Z</time><speed>8.560</speed><sat>22</sat></trkpt>
  <trkpt lat="12.69876794" lon="77.91204909"><ele>704.102</ele><time>2026-02-23T07:11:43Z</time><speed>8.740</speed><sat>21</sat></trkpt>
  <trkpt lat="12.69871962" lon="77.91210990"><ele>704.625</ele><time>2026-02-23T07:11:44Z</time><speed>9.030</speed><sat>18</sat></trkpt>
  <trkpt lat="12.69866702" lon="77.91217514"><ele>703.809</ele><time>2026-02-23T07:11:45Z</time><speed>9.070</speed><sat>16</sat></trkpt>
  <trkpt lat="12.69861882" lon="77.91223758"><ele>703.752</ele><time>2026-02-23T07:11:46Z</time><speed>8.990</speed><sat>19</sat></trkpt>
  <trkpt lat="12.69856693" lon="77.91230796"><ele>704.384</ele><time>2026-02-23T07:11:47Z</time><speed>9.000</speed><sat>18</sat></trkpt>
  <trkpt lat="12.69850735" lon="77.91237483"><ele>703.059</ele><time>2026-02-23T07:11:48Z</time><speed>9.010</speed><sat>18</sat></trkpt>
  <trkpt lat="12.69845964" lon="77.91244277"><ele>703.367</ele><time>2026-02-23T07:11:49Z</time><speed>9.150</speed><sat>19</sat></trkpt>
  <trkpt lat="12.69839881" lon="77.91250609"><ele>703.454</ele><time>2026-02-23T07:11:50Z</time><speed>9.320</speed><sat>18</sat></trkpt>
  <trkpt lat="12.69834688" lon="77.91257356"><ele>702.332</ele><time>2026-02-23T07:11:51Z</time><speed>9.450</speed><sat>17</sat></trkpt>
  <trkpt lat="12.69829077" lon="77.91263796"><ele>702.797</ele><time>2026-02-23T07:11:52Z</time><speed>9.760</speed><sat>17</sat></trkpt>
  <trkpt lat="12.69824078" lon="77.91269182"><ele>705.336</ele><time>2026-02-23T07:11:53Z</time><speed>9.790</speed><sat>19</sat></trkpt>
  <trkpt lat="12.69817760" lon="77.91275747"><ele>704.585</ele><time>2026-02-23T07:11:54Z</time><speed>9.810</speed><sat>16</sat></trkpt>
  <trkpt lat="12.69811620" lon="77.91282642"><ele>704.349</ele><time>2026-02-23T07:11:55Z</time><speed>9.730</speed><sat>17</sat></trkpt>
  <trkpt lat="12.69805647" lon="77.91289818"><ele>704.074</ele><time>2026-02-23T07:11:56Z</time><speed>9.720</speed><sat>20</sat></trkpt>
  <trkpt lat="12.69800948" lon="77.91296328"><ele>703.757</ele><time>2026-02-23T07:11:57Z</time><speed>9.690</speed><sat>19</sat></trkpt>
  <trkpt lat="12.69795611" lon="77.91302574"><ele>704.226</ele><time>2026-02-23T07:11:58Z</time><speed>9.750</speed><sat>21</sat></trkpt>
  <trkpt lat="12.69790657" lon="77.91308996"><ele>704.797</ele><time>2026-02-23T07:11:59Z</time><speed>9.690</speed><sat>20</sat></trkpt>
  <trkpt lat="12.69784927" lon="77.91316358"><ele>704.273</ele><time>2026-02-23T07:12:00Z</time><speed>9.760</speed><sat>18</sat></trkpt>
  <trkpt lat="12.69779146" lon="77.91323201"><ele>703.259</ele><time>2026-02-23T07:12:01Z</time><speed>9.600</speed><sat>15</sat></trkpt>
  <trkpt lat="12.69773610" lon="77.91329817"><ele>705.072</ele><time>2026-02-23T07:12:02Z</time><speed>9.610</speed><sat>16</sat></trkpt>
  <trkpt lat="12.69767856" lon="77.91336757"><ele>703.534</ele><time>2026-02-23T07:12:03Z</time><speed>9.640</speed><sat>17</sat></trkpt>
  <trkpt lat="12.69762605" lon="77.91343086"><ele>703.253</ele><time>2026-02-23T07:12:04Z</time><speed>9.480</speed><sat>20</sat></trkpt>
  <trkpt lat="12.69756920" lon="77.91350232"><ele>702.663</ele><time>2026-02-23T07:12:05Z</time><speed>9.690</speed><sat>17</sat></trkpt>
  <trkpt lat="12.69750826" lon="77.91357372"><ele>703.042</ele><time>2026-02-23T07:12:06Z</time><speed>9.810</speed><sat>17</sat></trkpt>
  <trkpt lat="12.69744912" lon="77.91365375"><ele>703.396</ele><time>2026-02-23T07:12:07Z</time><speed>9.840</speed><sat>18</sat></trkpt>
  <trkpt lat="12.69739426" lon="77.91371509"><ele>704.140</ele><time>2026-02-23T07:12:08Z</time><speed>9.820</speed><sat>18</sat></trkpt>
  <trkpt lat="12.69734099" lon="77.91378276"><ele>703.954</ele><time>2026-02-23T07:12:09Z</time><speed>9.860</speed><sat>18</sat></trkpt>
  <trkpt lat="12.69728128" lon="77.91385144"><ele>702.882</ele><time>2026-02-23T07:12:10Z</time><speed>10.020</speed><sat>18</sat></trkpt>
  <trkpt lat="12.69722721" lon="77.91391864"><ele>702.229</ele><time>2026-02-23T07:12:11Z</time><speed>9.960</speed><sat>18</sat></trkpt>
  <trkpt lat="12.69716788" lon="77.91399325"><ele>701.360</ele><time>2026-02-23T07:12:12Z</time><speed>9.880</speed><sat>18</sat></trkpt>
  <trkpt lat="12.69711327" lon="77.91406182"><ele>700.713</ele><time>2026-02-23T07:12:13Z</time><speed>9.950</speed><sat>12</sat></trkpt>
  <trkpt lat="12.69705356" lon="77.91414005"><ele>700.530</ele><time>2026-02-23T07:12:14Z</time><speed>10.100</speed><sat>20</sat></trkpt>
  <trkpt lat="12.69698786" lon="77.91420065"><ele>699.883</ele><time>2026-02-23T07:12:15Z</time><speed>9.720</speed><sat>18</sat></trkpt>
  <trkpt lat="12.69693336" lon="77.91426526"><ele>699.977</ele><time>2026-02-23T07:12:16Z</time><speed>9.500</speed><sat>18</sat></trkpt>
  <trkpt lat="12.69687958" lon="77.91432400"><ele>699.661</ele><time>2026-02-23T07:12:17Z</time><speed>9.120</speed><sat>16</sat></trkpt>
  <trkpt lat="12.69682222" lon="77.91438667"><ele>699.740</ele><time>2026-02-23T07:12:18Z</time><speed>9.260</speed><sat>18</sat></trkpt>
  <trkpt lat="12.69676839" lon="77.91444183"><ele>699.475</ele><time>2026-02-23T07:12:19Z</time><speed>9.120</speed><sat>15</sat></trkpt>
  <trkpt lat="12.69671264" lon="77.91449857"><ele>698.957</ele><time>2026-02-23T07:12:20Z</time><speed>9.120</speed><sat>16</sat></trkpt>
  <trkpt lat="12.69665560" lon="77.91456407"><ele>698.573</ele><time>2026-02-23T07:12:21Z</time><speed>9.210</speed><sat>16</sat></trkpt>
  <trkpt lat="12.69659226" lon="77.91462178"><ele>697.327</ele><time>2026-02-23T07:12:22Z</time><speed>9.270</speed><sat>17</sat></trkpt>
  <trkpt lat="12.69653148" lon="77.91468086"><ele>696.879</ele><time>2026-02-23T07:12:23Z</time><speed>9.330</speed><sat>17</sat></trkpt>
  <trkpt lat="12.69646875" lon="77.91473739"><ele>696.757</ele><time>2026-02-23T07:12:24Z</time><speed>9.510</speed><sat>18</sat></trkpt>
  <trkpt lat="12.69639846" lon="77.91479423"><ele>696.810</ele><time>2026-02-23T07:12:25Z</time><speed>9.660</speed><sat>18</sat></trkpt>
  <trkpt lat="12.69632750" lon="77.91485263"><ele>695.168</ele><time>2026-02-23T07:12:26Z</time><speed>9.800</speed><sat>20</sat></trkpt>
  <trkpt lat="12.69625527" lon="77.91491253"><ele>694.330</ele><time>2026-02-23T07:12:27Z</time><speed>9.960</speed><sat>15</sat></trkpt>
  <trkpt lat="12.69618520" lon="77.91497315"><ele>692.797</ele><time>2026-02-23T07:12:28Z</time><speed>10.090</speed><sat>17</sat></trkpt>
  <trkpt lat="12.69611127" lon="77.91503861"><ele>691.452</ele><time>2026-02-23T07:12:29Z</time><speed>10.120</speed><sat>16</sat></trkpt>
  <trkpt lat="12.69604460" lon="77.91509243"><ele>690.877</ele><time>2026-02-23T07:12:30Z</time><speed>10.290</speed><sat>20</sat></trkpt>
  <trkpt lat="12.69596982" lon="77.91514871"><ele>690.611</ele><time>2026-02-23T07:12:31Z</time><speed>10.240</speed><sat>19</sat></trkpt>
  <trkpt lat="12.69589805" lon="77.91520585"><ele>690.214</ele><time>2026-02-23T07:12:32Z</time><speed>10.050</speed><sat>21</sat></trkpt>
  <trkpt lat="12.69582079" lon="77.91525863"><ele>690.577</ele><time>2026-02-23T07:12:33Z</time><speed>9.980</speed><sat>20</sat></trkpt>
  <trkpt lat="12.69574560" lon="77.91531542"><ele>690.938</ele><time>2026-02-23T07:12:34Z</time><speed>9.970</speed><sat>18</sat></trkpt>
  <trkpt lat="12.69567394" lon="77.91536729"><ele>691.327</ele><time>2026-02-23T07:12:35Z</time><speed>9.990</speed><sat>14</sat></trkpt>
  <trkpt lat="12.69561843" lon="77.91541114"><ele>690.887</ele><time>2026-02-23T07:12:36Z</time><speed>10.080</speed><sat>17</sat></trkpt>
  <trkpt lat="12.69554051" lon="77.91546942"><ele>690.032</ele><time>2026-02-23T07:12:37Z</time><speed>9.540</speed><sat>16</sat></trkpt>
  <trkpt lat="12.69546937" lon="77.91551187"><ele>689.834</ele><time>2026-02-23T07:12:38Z</time><speed>9.740</speed><sat>13</sat></trkpt>
  <trkpt lat="12.69539745" lon="77.91556267"><ele>689.504</ele><time>2026-02-23T07:12:39Z</time><speed>9.720</speed><sat>14</sat></trkpt>
  <trkpt lat="12.69532311" lon="77.91561397"><ele>689.374</ele><time>2026-02-23T07:12:40Z</time><speed>9.600</speed><sat>14</sat></trkpt>
  <trkpt lat="12.69524503" lon="77.91566856"><ele>688.538</ele><time>2026-02-23T07:12:41Z</time><speed>9.440</speed><sat>14</sat></trkpt>
  <trkpt lat="12.69517442" lon="77.91570522"><ele>688.587</ele><time>2026-02-23T07:12:42Z</time><speed>9.280</speed><sat>14</sat></trkpt>
  <trkpt lat="12.69510714" lon="77.91576251"><ele>687.729</ele><time>2026-02-23T07:12:43Z</time><speed>9.120</speed><sat>17</sat></trkpt>
  <trkpt lat="12.69503064" lon="77.91581408"><ele>686.417</ele><time>2026-02-23T07:12:44Z</time><speed>9.120</speed><sat>19</sat></trkpt>
  <trkpt lat="12.69495731" lon="77.91585778"><ele>686.098</ele><time>2026-02-23T07:12:45Z</time><speed>9.070</speed><sat>19</sat></trkpt>
  <trkpt lat="12.69489840" lon="77.91589732"><ele>687.544</ele><time>2026-02-23T07:12:46Z</time><speed>8.970</speed><sat>17</sat></trkpt>
  <trkpt lat="12.69483400" lon="77.91593400"><ele>686.942</ele><time>2026-02-23T07:12:47Z</time><speed>8.910</speed><sat>16</sat></trkpt>
  <trkpt lat="12.69475456" lon="77.91599133"><ele>686.484</ele><time>2026-02-23T07:12:48Z</time><speed>8.840</speed><sat>16</sat></trkpt>
  <trkpt lat="12.69469274" lon="77.91602957"><ele>686.777</ele><time>2026-02-23T07:12:49Z</time><speed>8.700</speed><sat>16</sat></trkpt>
  <trkpt lat="12.69462836" lon="77.91607625"><ele>686.113</ele><time>2026-02-23T07:12:50Z</time><speed>8.580</speed><sat>16</sat></trkpt>
  <trkpt lat="12.69457164" lon="77.91611679"><ele>685.784</ele><time>2026-02-23T07:12:51Z</time><speed>8.700</speed><sat>16</sat></trkpt>
  <trkpt lat="12.69450136" lon="77.91615892"><ele>685.538</ele><time>2026-02-23T07:12:52Z</time><speed>8.550</speed><sat>14</sat></trkpt>
  <trkpt lat="12.69443471" lon="77.91620535"><ele>685.317</ele><time>2026-02-23T07:12:53Z</time><speed>8.500</speed><sat>17</sat></trkpt>
  <trkpt lat="12.69436957" lon="77.91625103"><ele>685.293</ele><time>2026-02-23T07:12:54Z</time><speed>8.600</speed><sat>17</sat></trkpt>
  <trkpt lat="12.69430030" lon="77.91629182"><ele>685.392</ele><time>2026-02-23T07:12:55Z</time><speed>8.710</speed><sat>16</sat></trkpt>
  <trkpt lat="12.69424008" lon="77.91634215"><ele>685.689</ele><time>2026-02-23T07:12:56Z</time><speed>8.930</speed><sat>17</sat></trkpt>
  <trkpt lat="12.69416404" lon="77.91639410"><ele>683.910</ele><time>2026-02-23T07:12:57Z</time><speed>9.070</speed><sat>18</sat></trkpt>
  <trkpt lat="12.69409876" lon="77.91644034"><ele>683.883</ele><time>2026-02-23T07:12:58Z</time><speed>9.060</speed><sat>16</sat></trkpt>
  <trkpt lat="12.69403879" lon="77.91649224"><ele>683.952</ele><time>2026-02-23T07:12:59Z</time><speed>8.970</speed><sat>19</sat></trkpt>
  <trkpt lat="12.69397214" lon="77.91654778"><ele>684.210</ele><time>2026-02-23T07:13:00Z</time><speed>9.010</speed><sat>18</sat></trkpt>
  <trkpt lat="12.69390504" lon="77.91660200"><ele>684.195</ele><time>2026-02-23T07:13:01Z</time><speed>9.170</speed><sat>17</sat></trkpt>
  <trkpt lat="12.69383913" lon="77.91665162"><ele>684.070</ele><time>2026-02-23T07:13:02Z</time><speed>8.980</speed><sat>18</sat></trkpt>
  <trkpt lat="12.69377221" lon="77.91671113"><ele>684.104</ele><time>2026-02-23T07:13:03Z</time><speed>8.930</speed><sat>16</sat></trkpt>
  <trkpt lat="12.69370526" lon="77.91677461"><ele>684.541</ele><time>2026-02-23T07:13:04Z</time><speed>9.070</speed><sat>17</sat></trkpt>
  <trkpt lat="12.69364028" lon="77.91683063"><ele>683.931</ele><time>2026-02-23T07:13:05Z</time><speed>9.030</speed><sat>12</sat></trkpt>
  <trkpt lat="12.69357532" lon="77.91688893"><ele>684.303</ele><time>2026-02-23T07:13:06Z</time><speed>9.130</speed><sat>16</sat></trkpt>
  <trkpt lat="12.69351391" lon="77.91694516"><ele>684.477</ele><time>2026-02-23T07:13:07Z</time><speed>8.940</speed><sat>18</sat></trkpt>
  <trkpt lat="12.69344879" lon="77.91700090"><ele>683.822</ele><time>2026-02-23T07:13:08Z</time><speed>8.930</speed><sat>18</sat></trkpt>
  <trkpt lat="12.69338464" lon="77.91704959"><ele>683.409</ele><time>2026-02-23T07:13:09Z</time><speed>8.940</speed><sat>18</sat></trkpt>
  <trkpt lat="12.69331924" lon="77.91710217"><ele>683.088</ele><time>2026-02-23T07:13:10Z</time><speed>8.890</speed><sat>18</sat></trkpt>
  <trkpt lat="12.69326519" lon="77.91715367"><ele>682.758</ele><time>2026-02-23T07:13:11Z</time><speed>8.670</speed><sat>11</sat></trkpt>
  <trkpt lat="12.69320455" lon="77.91721061"><ele>683.697</ele><time>2026-02-23T07:13:12Z</time><speed>8.850</speed><sat>20</sat></trkpt>
  <trkpt lat="12.69314722" lon="77.91726731"><ele>683.283</ele><time>2026-02-23T07:13:13Z</time><speed>8.740</speed><sat>18</sat></trkpt>
  <trkpt lat="12.69308316" lon="77.91733337"><ele>682.590</ele><time>2026-02-23T07:13:14Z</time><speed>8.780</speed><sat>18</sat></trkpt>
  <trkpt lat="12.69302510" lon="77.91738103"><ele>683.572</ele><time>2026-02-23T07:13:15Z</time><speed>8.560</speed><sat>18</sat></trkpt>
  <trkpt lat="12.69296741" lon="77.91742931"><ele>684.524</ele><time>2026-02-23T07:13:16Z</time><speed>8.570</speed><sat>20</sat></trkpt>
  <trkpt lat="12.69291637" lon="77.91748052"><ele>684.284</ele><time>2026-02-23T07:13:17Z</time><speed>8.550</speed><sat>18</sat></trkpt>
  <trkpt lat="12.69286384" lon="77.91754571"><ele>683.125</ele><time>2026-02-23T07:13:18Z</time><speed>9.090</speed><sat>18</sat></trkpt>
  <trkpt lat="12.69280827" lon="77.91760925"><ele>682.480</ele><time>2026-02-23T07:13:19Z</time><speed>8.930</speed><sat>19</sat></trkpt>
  <trkpt lat="12.69275435" lon="77.91767224"><ele>681.331</ele><time>2026-02-23T07:13:20Z</time><speed>9.140</speed><sat>18</sat></trkpt>
  <trkpt lat="12.69270149" lon="77.91773511"><ele>681.240</ele><time>2026-02-23T07:13:21Z</time><speed>9.320</speed><sat>20</sat></trkpt>
  <trkpt lat="12.69264219" lon="77.91780160"><ele>680.794</ele><time>2026-02-23T07:13:22Z</time><speed>9.520</speed><sat>18</sat></trkpt>
  <trkpt lat="12.69258576" lon="77.91786620"><ele>680.356</ele><time>2026-02-23T07:13:23Z</time><speed>9.620</speed><sat>21</sat></trkpt>
  <trkpt lat="12.69253368" lon="77.91793017"><ele>679.388</ele><time>2026-02-23T07:13:24Z</time><speed>9.730</speed><sat>20</sat></trkpt>
  <trkpt lat="12.69247951" lon="77.91799091"><ele>679.070</ele><time>2026-02-23T07:13:25Z</time><speed>9.860</speed><sat>20</sat></trkpt>
  <trkpt lat="12.69241950" lon="77.91806017"><ele>678.435</ele><time>2026-02-23T07:13:26Z</time><speed>10.040</speed><sat>22</sat></trkpt>
  <trkpt lat="12.69235901" lon="77.91813171"><ele>677.302</ele><time>2026-02-23T07:13:27Z</time><speed>10.070</speed><sat>20</sat></trkpt>
  <trkpt lat="12.69230215" lon="77.91820334"><ele>676.557</ele><time>2026-02-23T07:13:28Z</time><speed>9.920</speed><sat>20</sat></trkpt>
  <trkpt lat="12.69225206" lon="77.91827484"><ele>675.790</ele><time>2026-02-23T07:13:29Z</time><speed>9.900</speed><sat>21</sat></trkpt>
  <trkpt lat="12.69219765" lon="77.91834554"><ele>674.659</ele><time>2026-02-23T07:13:30Z</time><speed>9.830</speed><sat>20</sat></trkpt>
  <trkpt lat="12.69213930" lon="77.91841844"><ele>673.768</ele><time>2026-02-23T07:13:31Z</time><speed>9.880</speed><sat>21</sat></trkpt>
  <trkpt lat="12.69207976" lon="77.91848867"><ele>673.040</ele><time>2026-02-23T07:13:32Z</time><speed>9.810</speed><sat>21</sat></trkpt>
  <trkpt lat="12.69202253" lon="77.91856176"><ele>673.061</ele><time>2026-02-23T07:13:33Z</time><speed>9.830</speed><sat>19</sat></trkpt>
  <trkpt lat="12.69196612" lon="77.91862666"><ele>673.012</ele><time>2026-02-23T07:13:34Z</time><speed>9.690</speed><sat>19</sat></trkpt>
  <trkpt lat="12.69191241" lon="77.91869235"><ele>671.722</ele><time>2026-02-23T07:13:35Z</time><speed>9.790</speed><sat>20</sat></trkpt>
  <trkpt lat="12.69185990" lon="77.91876213"><ele>671.495</ele><time>2026-02-23T07:13:36Z</time><speed>9.940</speed><sat>19</sat></trkpt>
  <trkpt lat="12.69180695" lon="77.91883342"><ele>670.766</ele><time>2026-02-23T07:13:37Z</time><speed>9.890</speed><sat>19</sat></trkpt>
  <trkpt lat="12.69175483" lon="77.91890694"><ele>669.902</ele><time>2026-02-23T07:13:38Z</time><speed>9.980</speed><sat>18</sat></trkpt>
  <trkpt lat="12.69169714" lon="77.91898160"><ele>669.519</ele><time>2026-02-23T07:13:39Z</time><speed>10.030</speed><sat>19</sat></trkpt>
  <trkpt lat="12.69164138" lon="77.91905721"><ele>668.768</ele><time>2026-02-23T07:13:40Z</time><speed>9.970</speed><sat>17</sat></trkpt>
  <trkpt lat="12.69158726" lon="77.91912606"><ele>668.853</ele><time>2026-02-23T07:13:41Z</time><speed>9.970</speed><sat>19</sat></trkpt>
  <trkpt lat="12.69153971" lon="77.91919837"><ele>669.044</ele><time>2026-02-23T07:13:42Z</time><speed>9.840</speed><sat>21</sat></trkpt>
  <trkpt lat="12.69147672" lon="77.91926635"><ele>668.871</ele><time>2026-02-23T07:13:43Z</time><speed>9.490</speed><sat>21</sat></trkpt>
  <trkpt lat="12.69141500" lon="77.91933809"><ele>668.591</ele><time>2026-02-23T07:13:44Z</time><speed>9.480</speed><sat>18</sat></trkpt>
  <trkpt lat="12.69136203" lon="77.91940123"><ele>668.259</ele><time>2026-02-23T07:13:45Z</time><speed>9.700</speed><sat>21</sat></trkpt>
  <trkpt lat="12.69130773" lon="77.91947247"><ele>668.198</ele><time>2026-02-23T07:13:46Z</time><speed>9.580</speed><sat>16</sat></trkpt>
  <trkpt lat="12.69125282" lon="77.91953974"><ele>668.050</ele><time>2026-02-23T07:13:47Z</time><speed>9.220</speed><sat>18</sat></trkpt>
  <trkpt lat="12.69120662" lon="77.91960103"><ele>669.357</ele><time>2026-02-23T07:13:48Z</time><speed>9.060</speed><sat>15</sat></trkpt>
  <trkpt lat="12.69115987" lon="77.91965904"><ele>668.703</ele><time>2026-02-23T07:13:49Z</time><speed>8.990</speed><sat>19</sat></trkpt>
  <trkpt lat="12.69111202" lon="77.91971716"><ele>668.299</ele><time>2026-02-23T07:13:50Z</time><speed>9.120</speed><sat>18</sat></trkpt>
  <trkpt lat="12.69105697" lon="77.91977925"><ele>668.210</ele><time>2026-02-23T07:13:51Z</time><speed>9.310</speed><sat>14</sat></trkpt>
  <trkpt lat="12.69100160" lon="77.91984727"><ele>668.496</ele><time>2026-02-23T07:13:52Z</time><speed>9.510</speed><sat>19</sat></trkpt>
  <trkpt lat="12.69094777" lon="77.91991468"><ele>668.674</ele><time>2026-02-23T07:13:53Z</time><speed>9.220</speed><sat>17</sat></trkpt>
  <trkpt lat="12.69088647" lon="77.91998443"><ele>668.612</ele><time>2026-02-23T07:13:54Z</time><speed>9.400</speed><sat>17</sat></trkpt>
  <trkpt lat="12.69083158" lon="77.92004732"><ele>669.077</ele><time>2026-02-23T07:13:55Z</time><speed>9.500</speed><sat>20</sat></trkpt>
  <trkpt lat="12.69077936" lon="77.92012044"><ele>669.317</ele><time>2026-02-23T07:13:56Z</time><speed>9.680</speed><sat>18</sat></trkpt>
  <trkpt lat="12.69072767" lon="77.92019284"><ele>669.073</ele><time>2026-02-23T07:13:57Z</time><speed>9.670</speed><sat>21</sat></trkpt>
  <trkpt lat="12.69067338" lon="77.92027209"><ele>667.945</ele><time>2026-02-23T07:13:58Z</time><speed>9.850</speed><sat>17</sat></trkpt>
  <trkpt lat="12.69061489" lon="77.92034358"><ele>667.783</ele><time>2026-02-23T07:13:59Z</time><speed>9.880</speed><sat>17</sat></trkpt>
  <trkpt lat="12.69055279" lon="77.92042215"><ele>666.890</ele><time>2026-02-23T07:14:00Z</time><speed>9.860</speed><sat>20</sat></trkpt>
  <trkpt lat="12.69049653" lon="77.92048611"><ele>666.890</ele><time>2026-02-23T07:14:01Z</time><speed>10.090</speed><sat>20</sat></trkpt>
  <trkpt lat="12.69043694" lon="77.92055937"><ele>668.031</ele><time>2026-02-23T07:14:02Z</time><speed>9.780</speed><sat>19</sat></trkpt>
  <trkpt lat="12.69038262" lon="77.92063149"><ele>667.738</ele><time>2026-02-23T07:14:03Z</time><speed>9.930</speed><sat>15</sat></trkpt>
  <trkpt lat="12.69033082" lon="77.92069614"><ele>667.674</ele><time>2026-02-23T07:14:04Z</time><speed>9.560</speed><sat>17</sat></trkpt>
  <trkpt lat="12.69027774" lon="77.92076500"><ele>667.064</ele><time>2026-02-23T07:14:05Z</time><speed>9.470</speed><sat>15</sat></trkpt>
  <trkpt lat="12.69022817" lon="77.92083332"><ele>666.825</ele><time>2026-02-23T07:14:06Z</time><speed>9.460</speed><sat>16</sat></trkpt>
  <trkpt lat="12.69017479" lon="77.92089944"><ele>665.880</ele><time>2026-02-23T07:14:07Z</time><speed>9.460</speed><sat>14</sat></trkpt>
  <trkpt lat="12.69012555" lon="77.92096929"><ele>666.615</ele><time>2026-02-23T07:14:08Z</time><speed>9.070</speed><sat>15</sat></trkpt>
  <trkpt lat="12.69007221" lon="77.92103973"><ele>667.219</ele><time>2026-02-23T07:14:09Z</time><speed>9.000</speed><sat>19</sat></trkpt>
  <trkpt lat="12.69002228" lon="77.92109726"><ele>667.279</ele><time>2026-02-23T07:14:10Z</time><speed>8.830</speed><sat>18</sat></trkpt>
  <trkpt lat="12.68997399" lon="77.92116181"><ele>667.401</ele><time>2026-02-23T07:14:11Z</time><speed>8.800</speed><sat>18</sat></trkpt>
  <trkpt lat="12.68993808" lon="77.92121508"><ele>666.042</ele><time>2026-02-23T07:14:12Z</time><speed>8.510</speed><sat>14</sat></trkpt>
  <trkpt lat="12.68988233" lon="77.92127606"><ele>666.712</ele><time>2026-02-23T07:14:13Z</time><speed>8.460</speed><sat>16</sat></trkpt>
  <trkpt lat="12.68983559" lon="77.92133749"><ele>666.920</ele><time>2026-02-23T07:14:14Z</time><speed>8.430</speed><sat>16</sat></trkpt>
  <trkpt lat="12.68978173" lon="77.92138498"><ele>665.090</ele><time>2026-02-23T07:14:15Z</time><speed>8.380</speed><sat>18</sat></trkpt>
  <trkpt lat="12.68973119" lon="77.92144684"><ele>665.561</ele><time>2026-02-23T07:14:16Z</time><speed>8.520</speed><sat>19</sat></trkpt>
  <trkpt lat="12.68968828" lon="77.92150101"><ele>665.089</ele><time>2026-02-23T07:14:17Z</time><speed>8.720</speed><sat>17</sat></trkpt>
  <trkpt lat="12.68964025" lon="77.92157022"><ele>664.622</ele><time>2026-02-23T07:14:18Z</time><speed>8.680</speed><sat>19</sat></trkpt>
  <trkpt lat="12.68959271" lon="77.92163367"><ele>664.659</ele><time>2026-02-23T07:14:19Z</time><speed>8.660</speed><sat>19</sat></trkpt>
  <trkpt lat="12.68954229" lon="77.92170074"><ele>664.096</ele><time>2026-02-23T07:14:20Z</time><speed>8.820</speed><sat>12</sat></trkpt>
  <trkpt lat="12.68949001" lon="77.92176395"><ele>665.148</ele><time>2026-02-23T07:14:21Z</time><speed>8.760</speed><sat>19</sat></trkpt>
  <trkpt lat="12.68944376" lon="77.92183145"><ele>664.795</ele><time>2026-02-23T07:14:22Z</time><speed>8.930</speed><sat>17</sat></trkpt>
  <trkpt lat="12.68939679" lon="77.92190162"><ele>664.820</ele><time>2026-02-23T07:14:23Z</time><speed>8.810</speed><sat>19</sat></trkpt>
  <trkpt lat="12.68935053" lon="77.92197031"><ele>665.426</ele><time>2026-02-23T07:14:24Z</time><speed>9.020</speed><sat>18</sat></trkpt>
  <trkpt lat="12.68930360" lon="77.92204043"><ele>664.990</ele><time>2026-02-23T07:14:25Z</time><speed>9.080</speed><sat>15</sat></trkpt>
  <trkpt lat="12.68925783" lon="77.92211077"><ele>665.418</ele><time>2026-02-23T07:14:26Z</time><speed>8.960</speed><sat>14</sat></trkpt>
  <trkpt lat="12.68921425" lon="77.92218035"><ele>665.585</ele><time>2026-02-23T07:14:27Z</time><speed>8.830</speed><sat>17</sat></trkpt>
  <trkpt lat="12.68917336" lon="77.92225269"><ele>665.106</ele><time>2026-02-23T07:14:28Z</time><speed>9.210</speed><sat>15</sat></trkpt>
  <trkpt lat="12.68912791" lon="77.92233604"><ele>663.834</ele><time>2026-02-23T07:14:29Z</time><speed>9.660</speed><sat>15</sat></trkpt>
  <trkpt lat="12.68909109" lon="77.92241552"><ele>663.302</ele><time>2026-02-23T07:14:30Z</time><speed>9.900</speed><sat>19</sat></trkpt>
  <trkpt lat="12.68905094" lon="77.92249661"><ele>662.742</ele><time>2026-02-23T07:14:31Z</time><speed>10.180</speed><sat>20</sat></trkpt>
  <trkpt lat="12.68901137" lon="77.92258083"><ele>662.460</ele><time>2026-02-23T07:14:32Z</time><speed>10.380</speed><sat>17</sat></trkpt>
  <trkpt lat="12.68897148" lon="77.92266601"><ele>663.247</ele><time>2026-02-23T07:14:33Z</time><speed>10.310</speed><sat>19</sat></trkpt>
  <trkpt lat="12.68893952" lon="77.92275160"><ele>663.427</ele><time>2026-02-23T07:14:34Z</time><speed>10.440</speed><sat>19</sat></trkpt>
  <trkpt lat="12.68890395" lon="77.92284026"><ele>663.706</ele><time>2026-02-23T07:14:35Z</time><speed>10.630</speed><sat>17</sat></trkpt>
  <trkpt lat="12.68886981" lon="77.92292586"><ele>663.789</ele><time>2026-02-23T07:14:36Z</time><speed>10.570</speed><sat>19</sat></trkpt>
  <trkpt lat="12.68883230" lon="77.92301778"><ele>664.682</ele><time>2026-02-23T07:14:37Z</time><speed>10.490</speed><sat>18</sat></trkpt>
  <trkpt lat="12.68879936" lon="77.92310610"><ele>664.841</ele><time>2026-02-23T07:14:38Z</time><speed>10.240</speed><sat>19</sat></trkpt>
  <trkpt lat="12.68876846" lon="77.92319690"><ele>665.265</ele><time>2026-02-23T07:14:39Z</time><speed>10.160</speed><sat>21</sat></trkpt>
  <trkpt lat="12.68873454" lon="77.92327741"><ele>665.332</ele><time>2026-02-23T07:14:40Z</time><speed>10.050</speed><sat>15</sat></trkpt>
  <trkpt lat="12.68870199" lon="77.92335705"><ele>665.301</ele><time>2026-02-23T07:14:41Z</time><speed>9.900</speed><sat>20</sat></trkpt>
  <trkpt lat="12.68866461" lon="77.92344208"><ele>665.468</ele><time>2026-02-23T07:14:42Z</time><speed>9.840</speed><sat>19</sat></trkpt>
  <trkpt lat="12.68862614" lon="77.92352586"><ele>665.246</ele><time>2026-02-23T07:14:43Z</time><speed>9.820</speed><sat>20</sat></trkpt>
  <trkpt lat="12.68858928" lon="77.92359807"><ele>666.612</ele><time>2026-02-23T07:14:44Z</time><speed>9.730</speed><sat>19</sat></trkpt>
  <trkpt lat="12.68855606" lon="77.92368267"><ele>667.367</ele><time>2026-02-23T07:14:45Z</time><speed>9.660</speed><sat>18</sat></trkpt>
  <trkpt lat="12.68853247" lon="77.92375242"><ele>667.401</ele><time>2026-02-23T07:14:46Z</time><speed>9.260</speed><sat>16</sat></trkpt>
  <trkpt lat="12.68850374" lon="77.92383247"><ele>667.666</ele><time>2026-02-23T07:14:47Z</time><speed>9.710</speed><sat>18</sat></trkpt>
  <trkpt lat="12.68846911" lon="77.92391715"><ele>668.532</ele><time>2026-02-23T07:14:48Z</time><speed>9.730</speed><sat>18</sat></trkpt>
  <trkpt lat="12.68844136" lon="77.92399869"><ele>668.400</ele><time>2026-02-23T07:14:49Z</time><speed>9.710</speed><sat>22</sat></trkpt>
  <trkpt lat="12.68841057" lon="77.92408640"><ele>668.545</ele><time>2026-02-23T07:14:50Z</time><speed>9.730</speed><sat>23</sat></trkpt>
  <trkpt lat="12.68837840" lon="77.92417094"><ele>667.475</ele><time>2026-02-23T07:14:51Z</time><speed>9.580</speed><sat>18</sat></trkpt>
  <trkpt lat="12.68834816" lon="77.92425413"><ele>667.346</ele><time>2026-02-23T07:14:52Z</time><speed>9.660</speed><sat>16</sat></trkpt>
  <trkpt lat="12.68831923" lon="77.92433840"><ele>668.445</ele><time>2026-02-23T07:14:53Z</time><speed>9.390</speed><sat>18</sat></trkpt>
  <trkpt lat="12.68829166" lon="77.92441903"><ele>668.521</ele><time>2026-02-23T07:14:54Z</time><speed>9.180</speed><sat>21</sat></trkpt>
  <trkpt lat="12.68826358" lon="77.92450011"><ele>669.228</ele><time>2026-02-23T07:14:55Z</time><speed>8.930</speed><sat>20</sat></trkpt>
  <trkpt lat="12.68823526" lon="77.92457888"><ele>669.521</ele><time>2026-02-23T07:14:56Z</time><speed>8.910</speed><sat>20</sat></trkpt>
  <trkpt lat="12.68821082" lon="77.92465546"><ele>669.325</ele><time>2026-02-23T07:14:57Z</time><speed>8.890</speed><sat>16</sat></trkpt>
  <trkpt lat="12.68818641" lon="77.92473331"><ele>669.592</ele><time>2026-02-23T07:14:58Z</time><speed>9.000</speed><sat>15</sat></trkpt>
  <trkpt lat="12.68815412" lon="77.92480989"><ele>670.098</ele><time>2026-02-23T07:14:59Z</time><speed>8.870</speed><sat>15</sat></trkpt>
  <trkpt lat="12.68813449" lon="77.92489246"><ele>670.681</ele><time>2026-02-23T07:15:00Z</time><speed>8.830</speed><sat>18</sat></trkpt>
  <trkpt lat="12.68810798" lon="77.92496875"><ele>670.644</ele><time>2026-02-23T07:15:01Z</time><speed>8.670</speed><sat>18</sat></trkpt>
  <trkpt lat="12.68807996" lon="77.92504293"><ele>670.768</ele><time>2026-02-23T07:15:02Z</time><speed>8.530</speed><sat>16</sat></trkpt>
  <trkpt lat="12.68805415" lon="77.92511714"><ele>670.557</ele><time>2026-02-23T07:15:03Z</time><speed>8.410</speed><sat>16</sat></trkpt>
  <trkpt lat="12.68802758" lon="77.92518609"><ele>670.589</ele><time>2026-02-23T07:15:04Z</time><speed>8.230</speed><sat>18</sat></trkpt>
  <trkpt lat="12.68800106" lon="77.92526438"><ele>671.301</ele><time>2026-02-23T07:15:05Z</time><speed>8.140</speed><sat>19</sat></trkpt>
  <trkpt lat="12.68797271" lon="77.92533296"><ele>671.431</ele><time>2026-02-23T07:15:06Z</time><speed>8.270</speed><sat>20</sat></trkpt>
  <trkpt lat="12.68794508" lon="77.92540089"><ele>671.430</ele><time>2026-02-23T07:15:07Z</time><speed>8.210</speed><sat>17</sat></trkpt>
  <trkpt lat="12.68792285" lon="77.92547084"><ele>670.394</ele><time>2026-02-23T07:15:08Z</time><speed>8.650</speed><sat>18</sat></trkpt>
  <trkpt lat="12.68789937" lon="77.92554545"><ele>670.548</ele><time>2026-02-23T07:15:09Z</time><speed>8.470</speed><sat>15</sat></trkpt>
  <trkpt lat="12.68787002" lon="77.92561925"><ele>670.680</ele><time>2026-02-23T07:15:10Z</time><speed>8.650</speed><sat>20</sat></trkpt>
  <trkpt lat="12.68784606" lon="77.92569539"><ele>671.009</ele><time>2026-02-23T07:15:11Z</time><speed>9.110</speed><sat>19</sat></trkpt>
  <trkpt lat="12.68781569" lon="77.92577635"><ele>670.421</ele><time>2026-02-23T07:15:12Z</time><speed>9.320</speed><sat>20</sat></trkpt>
  <trkpt lat="12.68778337" lon="77.92586160"><ele>670.128</ele><time>2026-02-23T07:15:13Z</time><speed>9.530</speed><sat>18</sat></trkpt>
  <trkpt lat="12.68774935" lon="77.92594922"><ele>670.888</ele><time>2026-02-23T07:15:14Z</time><speed>9.770</speed><sat>17</sat></trkpt>
  <trkpt lat="12.68772014" lon="77.92603414"><ele>670.841</ele><time>2026-02-23T07:15:15Z</time><speed>9.770</speed><sat>17</sat></trkpt>
  <trkpt lat="12.68769271" lon="77.92611278"><ele>671.986</ele><time>2026-02-23T07:15:16Z</time><speed>9.800</speed><sat>14</sat></trkpt>
  <trkpt lat="12.68765557" lon="77.92619819"><ele>672.205</ele><time>2026-02-23T07:15:17Z</time><speed>9.990</speed><sat>17</sat></trkpt>
  <trkpt lat="12.68762077" lon="77.92628752"><ele>670.888</ele><time>2026-02-23T07:15:18Z</time><speed>9.900</speed><sat>17</sat></trkpt>
  <trkpt lat="12.68758534" lon="77.92637440"><ele>670.967</ele><time>2026-02-23T07:15:19Z</time><speed>9.880</speed><sat>19</sat></trkpt>
  <trkpt lat="12.68755821" lon="77.92645390"><ele>670.830</ele><time>2026-02-23T07:15:20Z</time><speed>9.670</speed><sat>20</sat></trkpt>
  <trkpt lat="12.68753162" lon="77.92654584"><ele>672.531</ele><time>2026-02-23T07:15:21Z</time><speed>9.540</speed><sat>18</sat></trkpt>
  <trkpt lat="12.68750006" lon="77.92663244"><ele>672.436</ele><time>2026-02-23T07:15:22Z</time><speed>9.550</speed><sat>18</sat></trkpt>
  <trkpt lat="12.68747697" lon="77.92672090"><ele>674.444</ele><time>2026-02-23T07:15:23Z</time><speed>9.670</speed><sat>19</sat></trkpt>
  <trkpt lat="12.68745025" lon="77.92679619"><ele>674.294</ele><time>2026-02-23T07:15:24Z</time><speed>9.490</speed><sat>18</sat></trkpt>
  <trkpt lat="12.68742326" lon="77.92688948"><ele>675.664</ele><time>2026-02-23T07:15:25Z</time><speed>9.430</speed><sat>19</sat></trkpt>
  <trkpt lat="12.68738764" lon="77.92697255"><ele>674.487</ele><time>2026-02-23T07:15:26Z</time><speed>9.420</speed><sat>19</sat></trkpt>
  <trkpt lat="12.68735916" lon="77.92705294"><ele>674.456</ele><time>2026-02-23T07:15:27Z</time><speed>9.390</speed><sat>20</sat></trkpt>
  <trkpt lat="12.68733158" lon="77.92714202"><ele>674.896</ele><time>2026-02-23T07:15:28Z</time><speed>9.580</speed><sat>20</sat></trkpt>
  <trkpt lat="12.68730270" lon="77.92722251"><ele>675.050</ele><time>2026-02-23T07:15:29Z</time><speed>9.580</speed><sat>16</sat></trkpt>
  <trkpt lat="12.68727491" lon="77.92731442"><ele>676.260</ele><time>2026-02-23T07:15:30Z</time><speed>9.550</speed><sat>18</sat></trkpt>
  <trkpt lat="12.68724034" lon="77.92739727"><ele>674.729</ele><time>2026-02-23T07:15:31Z</time><speed>9.470</speed><sat>18</sat></trkpt>
  <trkpt lat="12.68720988" lon="77.92747737"><ele>675.149</ele><time>2026-02-23T07:15:32Z</time><speed>9.460</speed><sat>17</sat></trkpt>
  <trkpt lat="12.68717889" lon="77.92755742"><ele>675.740</ele><time>2026-02-23T07:15:33Z</time><speed>9.260</speed><sat>19</sat></trkpt>
  <trkpt lat="12.68714680" lon="77.92763749"><ele>675.773</ele><time>2026-02-23T07:15:34Z</time><speed>9.230</speed><sat>17</sat></trkpt>
  <trkpt lat="12.68711341" lon="77.92770849"><ele>676.897</ele><time>2026-02-23T07:15:35Z</time><speed>9.190</speed><sat>20</sat></trkpt>
  <trkpt lat="12.68708522" lon="77.92778038"><ele>676.503</ele><time>2026-02-23T07:15:36Z</time><speed>9.230</speed><sat>20</sat></trkpt>
  <trkpt lat="12.68705140" lon="77.92785256"><ele>677.159</ele><time>2026-02-23T07:15:37Z</time><speed>9.370</speed><sat>21</sat></trkpt>
  <trkpt lat="12.68701855" lon="77.92793706"><ele>676.186</ele><time>2026-02-23T07:15:38Z</time><speed>9.500</speed><sat>22</sat></trkpt>
  <trkpt lat="12.68698756" lon="77.92801946"><ele>676.298</ele><time>2026-02-23T07:15:39Z</time><speed>9.480</speed><sat>20</sat></trkpt>
  <trkpt lat="12.68695744" lon="77.92809617"><ele>678.116</ele><time>2026-02-23T07:15:40Z</time><speed>9.450</speed><sat>19</sat></trkpt>
  <trkpt lat="12.68693147" lon="77.92817462"><ele>677.889</ele><time>2026-02-23T07:15:41Z</time><speed>9.510</speed><sat>18</sat></trkpt>
  <trkpt lat="12.68690459" lon="77.92826695"><ele>678.562</ele><time>2026-02-23T07:15:42Z</time><speed>9.550</speed><sat>16</sat></trkpt>
  <trkpt lat="12.68686930" lon="77.92834843"><ele>678.869</ele><time>2026-02-23T07:15:43Z</time><speed>9.570</speed><sat>17</sat></trkpt>
  <trkpt lat="12.68683822" lon="77.92842697"><ele>679.410</ele><time>2026-02-23T07:15:44Z</time><speed>9.640</speed><sat>17</sat></trkpt>
  <trkpt lat="12.68681627" lon="77.92849875"><ele>679.454</ele><time>2026-02-23T07:15:45Z</time><speed>9.810</speed><sat>16</sat></trkpt>
  <trkpt lat="12.68678946" lon="77.92858478"><ele>679.804</ele><time>2026-02-23T07:15:46Z</time><speed>9.900</speed><sat>18</sat></trkpt>
  <trkpt lat="12.68675381" lon="77.92866593"><ele>680.679</ele><time>2026-02-23T07:15:47Z</time><speed>10.010</speed><sat>15</sat></trkpt>
  <trkpt lat="12.68672347" lon="77.92874679"><ele>680.369</ele><time>2026-02-23T07:15:48Z</time><speed>10.010</speed><sat>19</sat></trkpt>
  <trkpt lat="12.68668692" lon="77.92882973"><ele>680.475</ele><time>2026-02-23T07:15:49Z</time><speed>10.130</speed><sat>18</sat></trkpt>
  <trkpt lat="12.68666681" lon="77.92890549"><ele>680.383</ele><time>2026-02-23T07:15:50Z</time><speed>10.120</speed><sat>17</sat></trkpt>
  <trkpt lat="12.68663612" lon="77.92899785"><ele>681.272</ele><time>2026-02-23T07:15:51Z</time><speed>10.160</speed><sat>17</sat></trkpt>
  <trkpt lat="12.68660485" lon="77.92909153"><ele>682.173</ele><time>2026-02-23T07:15:52Z</time><speed>10.230</speed><sat>19</sat></trkpt>
  <trkpt lat="12.68657286" lon="77.92918193"><ele>683.148</ele><time>2026-02-23T07:15:53Z</time><speed>10.110</speed><sat>18</sat></trkpt>
  <trkpt lat="12.68653409" lon="77.92926926"><ele>684.166</ele><time>2026-02-23T07:15:54Z</time><speed>10.100</speed><sat>17</sat></trkpt>
  <trkpt lat="12.68650459" lon="77.92935636"><ele>684.235</ele><time>2026-02-23T07:15:55Z</time><speed>10.240</speed><sat>18</sat></trkpt>
  <trkpt lat="12.68647211" lon="77.92944192"><ele>684.635</ele><time>2026-02-23T07:15:56Z</time><speed>10.200</speed><sat>17</sat></trkpt>
  <trkpt lat="12.68643792" lon="77.92952448"><ele>684.402</ele><time>2026-02-23T07:15:57Z</time><speed>10.180</speed><sat>17</sat></trkpt>
  <trkpt lat="12.68640122" lon="77.92961462"><ele>684.692</ele><time>2026-02-23T07:15:58Z</time><speed>10.120</speed><sat>21</sat></trkpt>
  <trkpt lat="12.68636697" lon="77.92969879"><ele>683.849</ele><time>2026-02-23T07:15:59Z</time><speed>10.080</speed><sat>17</sat></trkpt>
  <trkpt lat="12.68634370" lon="77.92977626"><ele>683.929</ele><time>2026-02-23T07:16:00Z</time><speed>9.850</speed><sat>22</sat></trkpt>
  <trkpt lat="12.68631566" lon="77.92986340"><ele>684.361</ele><time>2026-02-23T07:16:01Z</time><speed>9.820</speed><sat>19</sat></trkpt>
  <trkpt lat="12.68628620" lon="77.92995467"><ele>683.926</ele><time>2026-02-23T07:16:02Z</time><speed>9.790</speed><sat>16</sat></trkpt>
  <trkpt lat="12.68625012" lon="77.93003602"><ele>684.714</ele><time>2026-02-23T07:16:03Z</time><speed>9.640</speed><sat>21</sat></trkpt>
  <trkpt lat="12.68622349" lon="77.93011453"><ele>685.100</ele><time>2026-02-23T07:16:04Z</time><speed>9.560</speed><sat>18</sat></trkpt>
  <trkpt lat="12.68619373" lon="77.93019687"><ele>685.863</ele><time>2026-02-23T07:16:05Z</time><speed>9.540</speed><sat>18</sat></trkpt>
  <trkpt lat="12.68616580" lon="77.93027496"><ele>687.338</ele><time>2026-02-23T07:16:06Z</time><speed>9.420</speed><sat>17</sat></trkpt>
  <trkpt lat="12.68613906" lon="77.93035381"><ele>687.804</ele><time>2026-02-23T07:16:07Z</time><speed>9.390</speed><sat>16</sat></trkpt>
  <trkpt lat="12.68610625" lon="77.93044148"><ele>688.253</ele><time>2026-02-23T07:16:08Z</time><speed>9.220</speed><sat>17</sat></trkpt>
  <trkpt lat="12.68607024" lon="77.93052057"><ele>688.410</ele><time>2026-02-23T07:16:09Z</time><speed>8.990</speed><sat>17</sat></trkpt>
  <trkpt lat="12.68604369" lon="77.93059621"><ele>688.742</ele><time>2026-02-23T07:16:10Z</time><speed>8.980</speed><sat>16</sat></trkpt>
  <trkpt lat="12.68601535" lon="77.93067631"><ele>689.396</ele><time>2026-02-23T07:16:11Z</time><speed>9.000</speed><sat>18</sat></trkpt>
  <trkpt lat="12.68599021" lon="77.93075105"><ele>689.878</ele><time>2026-02-23T07:16:12Z</time><speed>9.020</speed><sat>16</sat></trkpt>
  <trkpt lat="12.68595609" lon="77.93083490"><ele>690.231</ele><time>2026-02-23T07:16:13Z</time><speed>9.190</speed><sat>16</sat></trkpt>
  <trkpt lat="12.68592142" lon="77.93091416"><ele>690.823</ele><time>2026-02-23T07:16:14Z</time><speed>9.240</speed><sat>16</sat></trkpt>
  <trkpt lat="12.68588369" lon="77.93099546"><ele>690.775</ele><time>2026-02-23T07:16:15Z</time><speed>9.490</speed><sat>15</sat></trkpt>
  <trkpt lat="12.68584914" lon="77.93107797"><ele>691.403</ele><time>2026-02-23T07:16:16Z</time><speed>9.710</speed><sat>13</sat></trkpt>
  <trkpt lat="12.68580876" lon="77.93115732"><ele>692.094</ele><time>2026-02-23T07:16:17Z</time><speed>9.880</speed><sat>14</sat></trkpt>
  <trkpt lat="12.68577667" lon="77.93124387"><ele>692.207</ele><time>2026-02-23T07:16:18Z</time><speed>10.020</speed><sat>17</sat></trkpt>
  <trkpt lat="12.68574656" lon="77.93132762"><ele>692.150</ele><time>2026-02-23T07:16:19Z</time><speed>10.050</speed><sat>16</sat></trkpt>
  <trkpt lat="12.68571126" lon="77.93141328"><ele>692.998</ele><time>2026-02-23T07:16:20Z</time><speed>10.100</speed><sat>15</sat></trkpt>
  <trkpt lat="12.68567522" lon="77.93150093"><ele>693.126</ele><time>2026-02-23T07:16:21Z</time><speed>10.030</speed><sat>16</sat></trkpt>
  <trkpt lat="12.68563577" lon="77.93158940"><ele>693.197</ele><time>2026-02-23T07:16:22Z</time><speed>10.060</speed><sat>19</sat></trkpt>
  <trkpt lat="12.68559974" lon="77.93168099"><ele>692.704</ele><time>2026-02-23T07:16:23Z</time><speed>9.960</speed><sat>19</sat></trkpt>
  <trkpt lat="12.68557378" lon="77.93176432"><ele>692.667</ele><time>2026-02-23T07:16:24Z</time><speed>9.560</speed><sat>19</sat></trkpt>
  <trkpt lat="12.68554462" lon="77.93184262"><ele>692.661</ele><time>2026-02-23T07:16:25Z</time><speed>9.630</speed><sat>18</sat></trkpt>
  <trkpt lat="12.68551391" lon="77.93193074"><ele>693.021</ele><time>2026-02-23T07:16:26Z</time><speed>9.750</speed><sat>18</sat></trkpt>
  <trkpt lat="12.68549051" lon="77.93201764"><ele>692.755</ele><time>2026-02-23T07:16:27Z</time><speed>9.780</speed><sat>18</sat></trkpt>
  <trkpt lat="12.68546639" lon="77.93210306"><ele>691.997</ele><time>2026-02-23T07:16:28Z</time><speed>9.570</speed><sat>18</sat></trkpt>
  <trkpt lat="12.68544294" lon="77.93218620"><ele>692.057</ele><time>2026-02-23T07:16:29Z</time><speed>9.580</speed><sat>17</sat></trkpt>
  <trkpt lat="12.68541886" lon="77.93227245"><ele>691.736</ele><time>2026-02-23T07:16:30Z</time><speed>9.490</speed><sat>17</sat></trkpt>
  <trkpt lat="12.68538965" lon="77.93236245"><ele>691.286</ele><time>2026-02-23T07:16:31Z</time><speed>9.860</speed><sat>13</sat></trkpt>
  <trkpt lat="12.68536332" lon="77.93245143"><ele>691.437</ele><time>2026-02-23T07:16:32Z</time><speed>9.840</speed><sat>19</sat></trkpt>
  <trkpt lat="12.68534209" lon="77.93253080"><ele>691.128</ele><time>2026-02-23T07:16:33Z</time><speed>9.840</speed><sat>16</sat></trkpt>
  <trkpt lat="12.68531505" lon="77.93262235"><ele>690.850</ele><time>2026-02-23T07:16:34Z</time><speed>9.740</speed><sat>15</sat></trkpt>
  <trkpt lat="12.68529240" lon="77.93270549"><ele>691.112</ele><time>2026-02-23T07:16:35Z</time><speed>9.810</speed><sat>17</sat></trkpt>
  <trkpt lat="12.68526459" lon="77.93279260"><ele>690.505</ele><time>2026-02-23T07:16:36Z</time><speed>9.770</speed><sat>16</sat></trkpt>
  <trkpt lat="12.68523467" lon="77.93288019"><ele>690.340</ele><time>2026-02-23T07:16:37Z</time><speed>9.920</speed><sat>15</sat></trkpt>
  <trkpt lat="12.68520866" lon="77.93297797"><ele>691.007</ele><time>2026-02-23T07:16:38Z</time><speed>9.930</speed><sat>17</sat></trkpt>
  <trkpt lat="12.68518321" lon="77.93306817"><ele>691.088</ele><time>2026-02-23T07:16:39Z</time><speed>9.950</speed><sat>15</sat></trkpt>
  <trkpt lat="12.68516011" lon="77.93315497"><ele>691.264</ele><time>2026-02-23T07:16:40Z</time><speed>9.880</speed><sat>19</sat></trkpt>
  <trkpt lat="12.68513599" lon="77.93324272"><ele>690.865</ele><time>2026-02-23T07:16:41Z</time><speed>9.820</speed><sat>19</sat></trkpt>
  <trkpt lat="12.68511241" lon="77.93332231"><ele>690.084</ele><time>2026-02-23T07:16:42Z</time><speed>9.680</speed><sat>19</sat></trkpt>
  <trkpt lat="12.68509327" lon="77.93340293"><ele>689.425</ele><time>2026-02-23T07:16:43Z</time><speed>9.640</speed><sat>15</sat></trkpt>
  <trkpt lat="12.68507115" lon="77.93348570"><ele>689.756</ele><time>2026-02-23T07:16:44Z</time><speed>9.650</speed><sat>18</sat></trkpt>
  <trkpt lat="12.68505065" lon="77.93357479"><ele>688.830</ele><time>2026-02-23T07:16:45Z</time><speed>9.840</speed><sat>16</sat></trkpt>
  <trkpt lat="12.68502592" lon="77.93366439"><ele>688.396</ele><time>2026-02-23T07:16:46Z</time><speed>9.840</speed><sat>16</sat></trkpt>
  <trkpt lat="12.68500432" lon="77.93375378"><ele>687.841</ele><time>2026-02-23T07:16:47Z</time><speed>9.940</speed><sat>14</sat></trkpt>
  <trkpt lat="12.68498037" lon="77.93383589"><ele>687.527</ele><time>2026-02-23T07:16:48Z</time><speed>9.710</speed><sat>16</sat></trkpt>
  <trkpt lat="12.68495651" lon="77.93392045"><ele>687.910</ele><time>2026-02-23T07:16:49Z</time><speed>9.600</speed><sat>15</sat></trkpt>
  <trkpt lat="12.68493365" lon="77.93400274"><ele>687.794</ele><time>2026-02-23T07:16:50Z</time><speed>9.300</speed><sat>16</sat></trkpt>
  <trkpt lat="12.68490872" lon="77.93408438"><ele>687.333</ele><time>2026-02-23T07:16:51Z</time><speed>9.350</speed><sat>14</sat></trkpt>
  <trkpt lat="12.68488264" lon="77.93417323"><ele>687.065</ele><time>2026-02-23T07:16:52Z</time><speed>9.450</speed><sat>16</sat></trkpt>
  <trkpt lat="12.68485532" lon="77.93425547"><ele>686.459</ele><time>2026-02-23T07:16:53Z</time><speed>9.370</speed><sat>16</sat></trkpt>
  <trkpt lat="12.68482961" lon="77.93433980"><ele>686.391</ele><time>2026-02-23T07:16:54Z</time><speed>9.410</speed><sat>13</sat></trkpt>
  <trkpt lat="12.68480793" lon="77.93442561"><ele>686.077</ele><time>2026-02-23T07:16:55Z</time><speed>9.460</speed><sat>16</sat></trkpt>
  <trkpt lat="12.68478126" lon="77.93451451"><ele>686.434</ele><time>2026-02-23T07:16:56Z</time><speed>9.630</speed><sat>17</sat></trkpt>
  <trkpt lat="12.68476262" lon="77.93459500"><ele>686.467</ele><time>2026-02-23T07:16:57Z</time><speed>9.300</speed><sat>17</sat></trkpt>
  <trkpt lat="12.68474176" lon="77.93468280"><ele>686.410</ele><time>2026-02-23T07:16:58Z</time><speed>9.430</speed><sat>18</sat></trkpt>
  <trkpt lat="12.68471757" lon="77.93477225"><ele>686.050</ele><time>2026-02-23T07:16:59Z</time><speed>9.480</speed><sat>15</sat></trkpt>
  <trkpt lat="12.68468561" lon="77.93485142"><ele>686.044</ele><time>2026-02-23T07:17:00Z</time><speed>9.380</speed><sat>19</sat></trkpt>
  <trkpt lat="12.68466419" lon="77.93494022"><ele>686.027</ele><time>2026-02-23T07:17:01Z</time><speed>9.500</speed><sat>17</sat></trkpt>
  <trkpt lat="12.68463898" lon="77.93502964"><ele>686.278</ele><time>2026-02-23T07:17:02Z</time><speed>9.560</speed><sat>19</sat></trkpt>
  <trkpt lat="12.68462160" lon="77.93511881"><ele>686.264</ele><time>2026-02-23T07:17:03Z</time><speed>9.510</speed><sat>18</sat></trkpt>
  <trkpt lat="12.68459650" lon="77.93519646"><ele>685.582</ele><time>2026-02-23T07:17:04Z</time><speed>9.290</speed><sat>15</sat></trkpt>
  <trkpt lat="12.68457422" lon="77.93528268"><ele>685.593</ele><time>2026-02-23T07:17:05Z</time><speed>9.440</speed><sat>15</sat></trkpt>
  <trkpt lat="12.68453632" lon="77.93535157"><ele>685.721</ele><time>2026-02-23T07:17:06Z</time><speed>9.430</speed><sat>18</sat></trkpt>
  <trkpt lat="12.68451282" lon="77.93543782"><ele>685.649</ele><time>2026-02-23T07:17:07Z</time><speed>9.290</speed><sat>14</sat></trkpt>
  <trkpt lat="12.68449180" lon="77.93551436"><ele>685.130</ele><time>2026-02-23T07:17:08Z</time><speed>9.180</speed><sat>14</sat></trkpt>
  <trkpt lat="12.68446350" lon="77.93558498"><ele>685.271</ele><time>2026-02-23T07:17:09Z</time><speed>9.200</speed><sat>17</sat></trkpt>
  <trkpt lat="12.68443970" lon="77.93566669"><ele>684.958</ele><time>2026-02-23T07:17:10Z</time><speed>9.220</speed><sat>18</sat></trkpt>
  <trkpt lat="12.68441799" lon="77.93575196"><ele>684.861</ele><time>2026-02-23T07:17:11Z</time><speed>9.390</speed><sat>17</sat></trkpt>
  <trkpt lat="12.68439656" lon="77.93584268"><ele>684.536</ele><time>2026-02-23T07:17:12Z</time><speed>9.390</speed><sat>18</sat></trkpt>
  <trkpt lat="12.68437411" lon="77.93593044"><ele>684.477</ele><time>2026-02-23T07:17:13Z</time><speed>9.360</speed><sat>16</sat></trkpt>
  <trkpt lat="12.68435382" lon="77.93601627"><ele>684.213</ele><time>2026-02-23T07:17:14Z</time><speed>9.280</speed><sat>16</sat></trkpt>
  <trkpt lat="12.68432275" lon="77.93610062"><ele>684.046</ele><time>2026-02-23T07:17:15Z</time><speed>9.350</speed><sat>16</sat></trkpt>
  <trkpt lat="12.68429973" lon="77.93617757"><ele>683.217</ele><time>2026-02-23T07:17:16Z</time><speed>9.410</speed><sat>15</sat></trkpt>
  <trkpt lat="12.68427048" lon="77.93626090"><ele>683.187</ele><time>2026-02-23T07:17:17Z</time><speed>9.440</speed><sat>16</sat></trkpt>
  <trkpt lat="12.68423851" lon="77.93633185"><ele>678.922</ele><time>2026-02-23T07:17:18Z</time><speed>9.310</speed><sat>15</sat></trkpt>
  <trkpt lat="12.68420433" lon="77.93641255"><ele>679.351</ele><time>2026-02-23T07:17:19Z</time><speed>9.440</speed><sat>15</sat></trkpt>
  <trkpt lat="12.68417738" lon="77.93649851"><ele>678.935</ele><time>2026-02-23T07:17:20Z</time><speed>9.240</speed><sat>16</sat></trkpt>
  <trkpt lat="12.68415707" lon="77.93657498"><ele>678.317</ele><time>2026-02-23T07:17:21Z</time><speed>9.270</speed><sat>17</sat></trkpt>
  <trkpt lat="12.68411915" lon="77.93664439"><ele>679.793</ele><time>2026-02-23T07:17:22Z</time><speed>9.300</speed><sat>16</sat></trkpt>
  <trkpt lat="12.68408743" lon="77.93673215"><ele>680.860</ele><time>2026-02-23T07:17:23Z</time><speed>9.120</speed><sat>16</sat></trkpt>
  <trkpt lat="12.68405727" lon="77.93680918"><ele>680.557</ele><time>2026-02-23T07:17:24Z</time><speed>9.120</speed><sat>17</sat></trkpt>
  <trkpt lat="12.68402666" lon="77.93689319"><ele>680.858</ele><time>2026-02-23T07:17:25Z</time><speed>9.110</speed><sat>17</sat></trkpt>
  <trkpt lat="12.68400451" lon="77.93697393"><ele>680.712</ele><time>2026-02-23T07:17:26Z</time><speed>9.060</speed><sat>17</sat></trkpt>
  <trkpt lat="12.68397501" lon="77.93705355"><ele>680.378</ele><time>2026-02-23T07:17:27Z</time><speed>8.980</speed><sat>16</sat></trkpt>
  <trkpt lat="12.68394950" lon="77.93713372"><ele>680.102</ele><time>2026-02-23T07:17:28Z</time><speed>8.930</speed><sat>17</sat></trkpt>
  <trkpt lat="12.68392637" lon="77.93721229"><ele>679.205</ele><time>2026-02-23T07:17:29Z</time><speed>8.740</speed><sat>13</sat></trkpt>
  <trkpt lat="12.68389829" lon="77.93728791"><ele>678.884</ele><time>2026-02-23T07:17:30Z</time><speed>8.720</speed><sat>15</sat></trkpt>
  <trkpt lat="12.68387216" lon="77.93736196"><ele>677.632</ele><time>2026-02-23T07:17:31Z</time><speed>8.770</speed><sat>16</sat></trkpt>
  <trkpt lat="12.68384593" lon="77.93744426"><ele>677.602</ele><time>2026-02-23T07:17:32Z</time><speed>8.720</speed><sat>15</sat></trkpt>
  <trkpt lat="12.68381897" lon="77.93751981"><ele>677.558</ele><time>2026-02-23T07:17:33Z</time><speed>8.770</speed><sat>16</sat></trkpt>
  <trkpt lat="12.68378720" lon="77.93759653"><ele>676.927</ele><time>2026-02-23T07:17:34Z</time><speed>8.860</speed><sat>15</sat></trkpt>
  <trkpt lat="12.68375892" lon="77.93767394"><ele>676.926</ele><time>2026-02-23T07:17:35Z</time><speed>8.860</speed><sat>17</sat></trkpt>
  <trkpt lat="12.68373312" lon="77.93775525"><ele>675.955</ele><time>2026-02-23T07:17:36Z</time><speed>9.130</speed><sat>16</sat></trkpt>
  <trkpt lat="12.68370550" lon="77.93783981"><ele>676.149</ele><time>2026-02-23T07:17:37Z</time><speed>9.110</speed><sat>15</sat></trkpt>
  <trkpt lat="12.68368060" lon="77.93791963"><ele>675.602</ele><time>2026-02-23T07:17:38Z</time><speed>9.060</speed><sat>16</sat></trkpt>
  <trkpt lat="12.68365300" lon="77.93799813"><ele>675.186</ele><time>2026-02-23T07:17:39Z</time><speed>9.050</speed><sat>16</sat></trkpt>
  <trkpt lat="12.68362373" lon="77.93807616"><ele>674.580</ele><time>2026-02-23T07:17:40Z</time><speed>9.230</speed><sat>14</sat></trkpt>
  <trkpt lat="12.68359639" lon="77.93815975"><ele>673.542</ele><time>2026-02-23T07:17:41Z</time><speed>9.260</speed><sat>16</sat></trkpt>
  <trkpt lat="12.68356278" lon="77.93824088"><ele>672.881</ele><time>2026-02-23T07:17:42Z</time><speed>9.250</speed><sat>16</sat></trkpt>
  <trkpt lat="12.68353722" lon="77.93831941"><ele>672.789</ele><time>2026-02-23T07:17:43Z</time><speed>9.330</speed><sat>16</sat></trkpt>
  <trkpt lat="12.68350924" lon="77.93839911"><ele>672.816</ele><time>2026-02-23T07:17:44Z</time><speed>9.340</speed><sat>15</sat></trkpt>
  <trkpt lat="12.68347632" lon="77.93848233"><ele>672.530</ele><time>2026-02-23T07:17:45Z</time><speed>9.460</speed><sat>15</sat></trkpt>
  <trkpt lat="12.68344675" lon="77.93856444"><ele>672.432</ele><time>2026-02-23T07:17:46Z</time><speed>9.460</speed><sat>16</sat></trkpt>
  <trkpt lat="12.68341411" lon="77.93863645"><ele>669.603</ele><time>2026-02-23T07:17:47Z</time><speed>9.480</speed><sat>15</sat></trkpt>
  <trkpt lat="12.68338031" lon="77.93872116"><ele>669.941</ele><time>2026-02-23T07:17:48Z</time><speed>9.550</speed><sat>14</sat></trkpt>
  <trkpt lat="12.68334578" lon="77.93880307"><ele>670.382</ele><time>2026-02-23T07:17:49Z</time><speed>9.540</speed><sat>17</sat></trkpt>
  <trkpt lat="12.68331535" lon="77.93888251"><ele>670.197</ele><time>2026-02-23T07:17:50Z</time><speed>9.610</speed><sat>16</sat></trkpt>
  <trkpt lat="12.68328344" lon="77.93897093"><ele>669.992</ele><time>2026-02-23T07:17:51Z</time><speed>9.590</speed><sat>16</sat></trkpt>
  <trkpt lat="12.68325239" lon="77.93905066"><ele>670.185</ele><time>2026-02-23T07:17:52Z</time><speed>9.620</speed><sat>18</sat></trkpt>
  <trkpt lat="12.68322869" lon="77.93913443"><ele>669.437</ele><time>2026-02-23T07:17:53Z</time><speed>9.720</speed><sat>17</sat></trkpt>
  <trkpt lat="12.68319775" lon="77.93922310"><ele>668.772</ele><time>2026-02-23T07:17:54Z</time><speed>9.710</speed><sat>15</sat></trkpt>
  <trkpt lat="12.68316717" lon="77.93931207"><ele>668.744</ele><time>2026-02-23T07:17:55Z</time><speed>9.780</speed><sat>16</sat></trkpt>
  <trkpt lat="12.68313384" lon="77.93940150"><ele>669.176</ele><time>2026-02-23T07:17:56Z</time><speed>9.820</speed><sat>17</sat></trkpt>
  <trkpt lat="12.68310440" lon="77.93948326"><ele>669.477</ele><time>2026-02-23T07:17:57Z</time><speed>9.910</speed><sat>13</sat></trkpt>
  <trkpt lat="12.68307315" lon="77.93956745"><ele>669.467</ele><time>2026-02-23T07:17:58Z</time><speed>9.900</speed><sat>14</sat></trkpt>
  <trkpt lat="12.68304688" lon="77.93966259"><ele>670.222</ele><time>2026-02-23T07:17:59Z</time><speed>9.820</speed><sat>15</sat></trkpt>
  <trkpt lat="12.68301560" lon="77.93974561"><ele>669.802</ele><time>2026-02-23T07:18:00Z</time><speed>9.830</speed><sat>17</sat></trkpt>
  <trkpt lat="12.68298423" lon="77.93982851"><ele>669.137</ele><time>2026-02-23T07:18:01Z</time><speed>9.800</speed><sat>16</sat></trkpt>
  <trkpt lat="12.68295236" lon="77.93991752"><ele>669.828</ele><time>2026-02-23T07:18:02Z</time><speed>9.790</speed><sat>19</sat></trkpt>
  <trkpt lat="12.68291849" lon="77.93999227"><ele>670.162</ele><time>2026-02-23T07:18:03Z</time><speed>9.830</speed><sat>18</sat></trkpt>
  <trkpt lat="12.68289129" lon="77.94007591"><ele>669.251</ele><time>2026-02-23T07:18:04Z</time><speed>9.840</speed><sat>17</sat></trkpt>
  <trkpt lat="12.68286068" lon="77.94015977"><ele>669.464</ele><time>2026-02-23T07:18:05Z</time><speed>9.830</speed><sat>17</sat></trkpt>
  <trkpt lat="12.68282866" lon="77.94025020"><ele>669.932</ele><time>2026-02-23T07:18:06Z</time><speed>10.210</speed><sat>16</sat></trkpt>
  <trkpt lat="12.68279409" lon="77.94033805"><ele>670.187</ele><time>2026-02-23T07:18:07Z</time><speed>10.190</speed><sat>14</sat></trkpt>
  <trkpt lat="12.68276084" lon="77.94042761"><ele>669.381</ele><time>2026-02-23T07:18:08Z</time><speed>10.240</speed><sat>16</sat></trkpt>
  <trkpt lat="12.68272909" lon="77.94051397"><ele>669.147</ele><time>2026-02-23T07:18:09Z</time><speed>10.160</speed><sat>16</sat></trkpt>
  <trkpt lat="12.68269720" lon="77.94060128"><ele>668.767</ele><time>2026-02-23T07:18:10Z</time><speed>10.020</speed><sat>18</sat></trkpt>
  <trkpt lat="12.68266654" lon="77.94068793"><ele>669.387</ele><time>2026-02-23T07:18:11Z</time><speed>9.940</speed><sat>17</sat></trkpt>
  <trkpt lat="12.68263469" lon="77.94077322"><ele>669.010</ele><time>2026-02-23T07:18:12Z</time><speed>9.870</speed><sat>19</sat></trkpt>
  <trkpt lat="12.68260460" lon="77.94085528"><ele>668.747</ele><time>2026-02-23T07:18:13Z</time><speed>9.800</speed><sat>15</sat></trkpt>
  <trkpt lat="12.68257152" lon="77.94094220"><ele>668.769</ele><time>2026-02-23T07:18:14Z</time><speed>9.910</speed><sat>16</sat></trkpt>
  <trkpt lat="12.68253505" lon="77.94102515"><ele>668.362</ele><time>2026-02-23T07:18:15Z</time><speed>9.790</speed><sat>14</sat></trkpt>
  <trkpt lat="12.68250245" lon="77.94111051"><ele>667.964</ele><time>2026-02-23T07:18:16Z</time><speed>9.810</speed><sat>17</sat></trkpt>
  <trkpt lat="12.68247009" lon="77.94119452"><ele>667.876</ele><time>2026-02-23T07:18:17Z</time><speed>9.800</speed><sat>17</sat></trkpt>
  <trkpt lat="12.68243623" lon="77.94127419"><ele>667.111</ele><time>2026-02-23T07:18:18Z</time><speed>9.710</speed><sat>16</sat></trkpt>
  <trkpt lat="12.68241718" lon="77.94135581"><ele>666.080</ele><time>2026-02-23T07:18:19Z</time><speed>9.560</speed><sat>17</sat></trkpt>
  <trkpt lat="12.68238223" lon="77.94144091"><ele>665.641</ele><time>2026-02-23T07:18:20Z</time><speed>9.650</speed><sat>34</sat></trkpt>
  <trkpt lat="12.68234973" lon="77.94152349"><ele>665.599</ele><time>2026-02-23T07:18:21Z</time><speed>9.670</speed><sat>34</sat></trkpt>
  <trkpt lat="12.68231985" lon="77.94161063"><ele>665.615</ele><time>2026-02-23T07:18:22Z</time><speed>9.660</speed><sat>34</sat></trkpt>
  <trkpt lat="12.68228281" lon="77.94169344"><ele>665.140</ele><time>2026-02-23T07:18:23Z</time><speed>9.620</speed><sat>34</sat></trkpt>
  <trkpt lat="12.68224938" lon="77.94177721"><ele>665.130</ele><time>2026-02-23T07:18:24Z</time><speed>9.600</speed><sat>17</sat></trkpt>
  <trkpt lat="12.68221768" lon="77.94185955"><ele>665.046</ele><time>2026-02-23T07:18:25Z</time><speed>9.600</speed><sat>17</sat></trkpt>
  <trkpt lat="12.68219169" lon="77.94194244"><ele>663.823</ele><time>2026-02-23T07:18:26Z</time><speed>9.530</speed><sat>17</sat></trkpt>
  <trkpt lat="12.68216114" lon="77.94202457"><ele>662.854</ele><time>2026-02-23T07:18:27Z</time><speed>9.610</speed><sat>17</sat></trkpt>
  <trkpt lat="12.68213206" lon="77.94211051"><ele>662.390</ele><time>2026-02-23T07:18:28Z</time><speed>9.610</speed><sat>16</sat></trkpt>
  <trkpt lat="12.68210126" lon="77.94219346"><ele>661.741</ele><time>2026-02-23T07:18:29Z</time><speed>9.630</speed><sat>15</sat></trkpt>
  <trkpt lat="12.68206656" lon="77.94227500"><ele>660.535</ele><time>2026-02-23T07:18:30Z</time><speed>9.600</speed><sat>16</sat></trkpt>
  <trkpt lat="12.68204116" lon="77.94235608"><ele>661.821</ele><time>2026-02-23T07:18:31Z</time><speed>9.420</speed><sat>14</sat></trkpt>
  <trkpt lat="12.68200810" lon="77.94244020"><ele>661.949</ele><time>2026-02-23T07:18:32Z</time><speed>9.500</speed><sat>32</sat></trkpt>
  <trkpt lat="12.68197858" lon="77.94252018"><ele>661.441</ele><time>2026-02-23T07:18:33Z</time><speed>9.420</speed><sat>34</sat></trkpt>
  <trkpt lat="12.68194625" lon="77.94260259"><ele>661.230</ele><time>2026-02-23T07:18:34Z</time><speed>9.330</speed><sat>34</sat></trkpt>
  <trkpt lat="12.68191456" lon="77.94268169"><ele>661.173</ele><time>2026-02-23T07:18:35Z</time><speed>9.200</speed><sat>38</sat></trkpt>
  <trkpt lat="12.68188113" lon="77.94275768"><ele>660.995</ele><time>2026-02-23T07:18:36Z</time><speed>9.110</speed><sat>38</sat></trkpt>
  <trkpt lat="12.68184998" lon="77.94283413"><ele>660.261</ele><time>2026-02-23T07:18:37Z</time><speed>9.050</speed><sat>38</sat></trkpt>
  <trkpt lat="12.68181774" lon="77.94290964"><ele>660.208</ele><time>2026-02-23T07:18:38Z</time><speed>8.890</speed><sat>39</sat></trkpt>
  <trkpt lat="12.68178977" lon="77.94298732"><ele>659.923</ele><time>2026-02-23T07:18:39Z</time><speed>8.940</speed><sat>19</sat></trkpt>
  <trkpt lat="12.68175809" lon="77.94306299"><ele>659.918</ele><time>2026-02-23T07:18:40Z</time><speed>8.930</speed><sat>19</sat></trkpt>
  <trkpt lat="12.68173409" lon="77.94314414"><ele>659.057</ele><time>2026-02-23T07:18:41Z</time><speed>9.190</speed><sat>14</sat></trkpt>
  <trkpt lat="12.68169606" lon="77.94321555"><ele>660.132</ele><time>2026-02-23T07:18:42Z</time><speed>9.190</speed><sat>16</sat></trkpt>
  <trkpt lat="12.68166620" lon="77.94329770"><ele>660.514</ele><time>2026-02-23T07:18:43Z</time><speed>9.360</speed><sat>18</sat></trkpt>
  <trkpt lat="12.68163259" lon="77.94337598"><ele>660.934</ele><time>2026-02-23T07:18:44Z</time><speed>9.360</speed><sat>18</sat></trkpt>
  <trkpt lat="12.68159982" lon="77.94345702"><ele>661.788</ele><time>2026-02-23T07:18:45Z</time><speed>9.310</speed><sat>17</sat></trkpt>
  <trkpt lat="12.68157084" lon="77.94354100"><ele>661.967</ele><time>2026-02-23T07:18:46Z</time><speed>9.330</speed><sat>19</sat></trkpt>
  <trkpt lat="12.68153770" lon="77.94362153"><ele>662.733</ele><time>2026-02-23T07:18:47Z</time><speed>9.190</speed><sat>20</sat></trkpt>
  <trkpt lat="12.68151104" lon="77.94370059"><ele>663.125</ele><time>2026-02-23T07:18:48Z</time><speed>9.150</speed><sat>16</sat></trkpt>
  <trkpt lat="12.68148345" lon="77.94377797"><ele>663.328</ele><time>2026-02-23T07:18:49Z</time><speed>9.040</speed><sat>18</sat></trkpt>
  <trkpt lat="12.68145915" lon="77.94385506"><ele>663.427</ele><time>2026-02-23T07:18:50Z</time><speed>8.970</speed><sat>15</sat></trkpt>
  <trkpt lat="12.68143035" lon="77.94393241"><ele>663.577</ele><time>2026-02-23T07:18:51Z</time><speed>8.860</speed><sat>18</sat></trkpt>
  <trkpt lat="12.68140437" lon="77.94401100"><ele>663.364</ele><time>2026-02-23T07:18:52Z</time><speed>8.770</speed><sat>14</sat></trkpt>
  <trkpt lat="12.68137899" lon="77.94408370"><ele>663.593</ele><time>2026-02-23T07:18:53Z</time><speed>8.530</speed><sat>16</sat></trkpt>
  <trkpt lat="12.68135262" lon="77.94415649"><ele>663.363</ele><time>2026-02-23T07:18:54Z</time><speed>8.410</speed><sat>16</sat></trkpt>
  <trkpt lat="12.68132676" lon="77.94422838"><ele>663.470</ele><time>2026-02-23T07:18:55Z</time><speed>8.540</speed><sat>16</sat></trkpt>
  <trkpt lat="12.68130407" lon="77.94430393"><ele>662.760</ele><time>2026-02-23T07:18:56Z</time><speed>8.590</speed><sat>17</sat></trkpt>
  <trkpt lat="12.68127341" lon="77.94436751"><ele>661.879</ele><time>2026-02-23T07:18:57Z</time><speed>8.400</speed><sat>18</sat></trkpt>
  <trkpt lat="12.68124667" lon="77.94444039"><ele>665.819</ele><time>2026-02-23T07:18:58Z</time><speed>8.660</speed><sat>17</sat></trkpt>
  <trkpt lat="12.68122082" lon="77.94451722"><ele>665.948</ele><time>2026-02-23T07:18:59Z</time><speed>8.640</speed><sat>14</sat></trkpt>
  <trkpt lat="12.68119547" lon="77.94459560"><ele>666.649</ele><time>2026-02-23T07:19:00Z</time><speed>8.680</speed><sat>18</sat></trkpt>
  <trkpt lat="12.68116646" lon="77.94467417"><ele>667.024</ele><time>2026-02-23T07:19:01Z</time><speed>8.810</speed><sat>19</sat></trkpt>
  <trkpt lat="12.68113866" lon="77.94475794"><ele>667.197</ele><time>2026-02-23T07:19:02Z</time><speed>8.980</speed><sat>17</sat></trkpt>
  <trkpt lat="12.68111054" lon="77.94483772"><ele>666.646</ele><time>2026-02-23T07:19:03Z</time><speed>8.880</speed><sat>19</sat></trkpt>
  <trkpt lat="12.68108439" lon="77.94491118"><ele>666.354</ele><time>2026-02-23T07:19:04Z</time><speed>8.860</speed><sat>18</sat></trkpt>
  <trkpt lat="12.68106228" lon="77.94499258"><ele>666.389</ele><time>2026-02-23T07:19:05Z</time><speed>8.940</speed><sat>14</sat></trkpt>
  <trkpt lat="12.68103943" lon="77.94507309"><ele>665.764</ele><time>2026-02-23T07:19:06Z</time><speed>9.040</speed><sat>13</sat></trkpt>
  <trkpt lat="12.68101567" lon="77.94516086"><ele>667.964</ele><time>2026-02-23T07:19:07Z</time><speed>9.150</speed><sat>15</sat></trkpt>
  <trkpt lat="12.68098938" lon="77.94523715"><ele>669.241</ele><time>2026-02-23T07:19:08Z</time><speed>9.270</speed><sat>16</sat></trkpt>
  <trkpt lat="12.68095812" lon="77.94531959"><ele>669.250</ele><time>2026-02-23T07:19:09Z</time><speed>9.350</speed><sat>15</sat></trkpt>
  <trkpt lat="12.68092716" lon="77.94540587"><ele>668.928</ele><time>2026-02-23T07:19:10Z</time><speed>9.380</speed><sat>14</sat></trkpt>
  <trkpt lat="12.68089992" lon="77.94548522"><ele>668.482</ele><time>2026-02-23T07:19:11Z</time><speed>9.520</speed><sat>14</sat></trkpt>
  <trkpt lat="12.68086984" lon="77.94557152"><ele>668.755</ele><time>2026-02-23T07:19:12Z</time><speed>9.500</speed><sat>15</sat></trkpt>
  <trkpt lat="12.68083728" lon="77.94564751"><ele>668.727</ele><time>2026-02-23T07:19:13Z</time><speed>9.410</speed><sat>13</sat></trkpt>
  <trkpt lat="12.68080927" lon="77.94573276"><ele>668.422</ele><time>2026-02-23T07:19:14Z</time><speed>9.520</speed><sat>16</sat></trkpt>
  <trkpt lat="12.68078506" lon="77.94581634"><ele>668.316</ele><time>2026-02-23T07:19:15Z</time><speed>9.510</speed><sat>16</sat></trkpt>
  <trkpt lat="12.68076592" lon="77.94589873"><ele>667.711</ele><time>2026-02-23T07:19:16Z</time><speed>9.320</speed><sat>17</sat></trkpt>
  <trkpt lat="12.68073785" lon="77.94598230"><ele>666.902</ele><time>2026-02-23T07:19:17Z</time><speed>9.230</speed><sat>13</sat></trkpt>
  <trkpt lat="12.68071046" lon="77.94605617"><ele>666.591</ele><time>2026-02-23T07:19:18Z</time><speed>9.180</speed><sat>16</sat></trkpt>
  <trkpt lat="12.68068441" lon="77.94614407"><ele>668.433</ele><time>2026-02-23T07:19:19Z</time><speed>9.260</speed><sat>16</sat></trkpt>
  <trkpt lat="12.68065733" lon="77.94623659"><ele>669.036</ele><time>2026-02-23T07:19:20Z</time><speed>9.310</speed><sat>15</sat></trkpt>
  <trkpt lat="12.68062901" lon="77.94631026"><ele>669.496</ele><time>2026-02-23T07:19:21Z</time><speed>9.310</speed><sat>15</sat></trkpt>
  <trkpt lat="12.68061033" lon="77.94638117"><ele>668.675</ele><time>2026-02-23T07:19:22Z</time><speed>9.160</speed><sat>15</sat></trkpt>
  <trkpt lat="12.68059114" lon="77.94645882"><ele>669.570</ele><time>2026-02-23T07:19:23Z</time><speed>9.180</speed><sat>16</sat></trkpt>
  <trkpt lat="12.68056388" lon="77.94655027"><ele>665.325</ele><time>2026-02-23T07:19:24Z</time><speed>9.310</speed><sat>14</sat></trkpt>
  <trkpt lat="12.68054349" lon="77.94663819"><ele>664.028</ele><time>2026-02-23T07:19:25Z</time><speed>9.240</speed><sat>15</sat></trkpt>
  <trkpt lat="12.68051885" lon="77.94671264"><ele>664.547</ele><time>2026-02-23T07:19:26Z</time><speed>9.280</speed><sat>18</sat></trkpt>
  <trkpt lat="12.68050088" lon="77.94678675"><ele>662.185</ele><time>2026-02-23T07:19:27Z</time><speed>9.350</speed><sat>16</sat></trkpt>
  <trkpt lat="12.68048537" lon="77.94687980"><ele>661.911</ele><time>2026-02-23T07:19:28Z</time><speed>9.570</speed><sat>18</sat></trkpt>
  <trkpt lat="12.68046287" lon="77.94695910"><ele>661.848</ele><time>2026-02-23T07:19:29Z</time><speed>9.680</speed><sat>16</sat></trkpt>
  <trkpt lat="12.68043948" lon="77.94703728"><ele>665.701</ele><time>2026-02-23T07:19:30Z</time><speed>9.730</speed><sat>15</sat></trkpt>
  <trkpt lat="12.68042448" lon="77.94713177"><ele>665.359</ele><time>2026-02-23T07:19:31Z</time><speed>9.740</speed><sat>16</sat></trkpt>
  <trkpt lat="12.68040621" lon="77.94721500"><ele>666.641</ele><time>2026-02-23T07:19:32Z</time><speed>9.600</speed><sat>15</sat></trkpt>
  <trkpt lat="12.68039435" lon="77.94729943"><ele>663.172</ele><time>2026-02-23T07:19:33Z</time><speed>9.440</speed><sat>13</sat></trkpt>
  <trkpt lat="12.68038531" lon="77.94738582"><ele>666.206</ele><time>2026-02-23T07:19:34Z</time><speed>9.170</speed><sat>15</sat></trkpt>
  <trkpt lat="12.68038033" lon="77.94747000"><ele>666.365</ele><time>2026-02-23T07:19:35Z</time><speed>9.150</speed><sat>15</sat></trkpt>
  <trkpt lat="12.68039300" lon="77.94754415"><ele>665.208</ele><time>2026-02-23T07:19:36Z</time><speed>8.630</speed><sat>17</sat></trkpt>
  <trkpt lat="12.68040167" lon="77.94761855"><ele>664.728</ele><time>2026-02-23T07:19:37Z</time><speed>8.400</speed><sat>16</sat></trkpt>
  <trkpt lat="12.68040284" lon="77.94769235"><ele>667.627</ele><time>2026-02-23T07:19:38Z</time><speed>7.820</speed><sat>17</sat></trkpt>
  <trkpt lat="12.68039943" lon="77.94777088"><ele>664.685</ele><time>2026-02-23T07:19:39Z</time><speed>7.410</speed><sat>16</sat></trkpt>
  <trkpt lat="12.68040370" lon="77.94783994"><ele>664.719</ele><time>2026-02-23T07:19:40Z</time><speed>7.500</speed><sat>16</sat></trkpt>
  <trkpt lat="12.68041888" lon="77.94789816"><ele>663.236</ele><time>2026-02-23T07:19:41Z</time><speed>6.860</speed><sat>17</sat></trkpt>
  <trkpt lat="12.68042834" lon="77.94795820"><ele>662.558</ele><time>2026-02-23T07:19:42Z</time><speed>6.940</speed><sat>14</sat></trkpt>
  <trkpt lat="12.68042705" lon="77.94801352"><ele>662.295</ele><time>2026-02-23T07:19:43Z</time><speed>6.660</speed><sat>21</sat></trkpt>
  <trkpt lat="12.68043068" lon="77.94807551"><ele>662.280</ele><time>2026-02-23T07:19:44Z</time><speed>6.730</speed><sat>21</sat></trkpt>
  <trkpt lat="12.68044494" lon="77.94811209"><ele>665.422</ele><time>2026-02-23T07:19:45Z</time><speed>6.500</speed><sat>18</sat></trkpt>
  <trkpt lat="12.68046050" lon="77.94816830"><ele>666.078</ele><time>2026-02-23T07:19:46Z</time><speed>6.330</speed><sat>37</sat></trkpt>
  <trkpt lat="12.68046970" lon="77.94822955"><ele>666.347</ele><time>2026-02-23T07:19:47Z</time><speed>6.510</speed><sat>39</sat></trkpt>
  <trkpt lat="12.68047205" lon="77.94830011"><ele>665.788</ele><time>2026-02-23T07:19:48Z</time><speed>6.710</speed><sat>41</sat></trkpt>
  <trkpt lat="12.68048164" lon="77.94837386"><ele>666.997</ele><time>2026-02-23T07:19:49Z</time><speed>6.960</speed><sat>45</sat></trkpt>
  <trkpt lat="12.68049283" lon="77.94843867"><ele>667.752</ele><time>2026-02-23T07:19:50Z</time><speed>7.060</speed><sat>47</sat></trkpt>
  <trkpt lat="12.68050385" lon="77.94850797"><ele>668.425</ele><time>2026-02-23T07:19:51Z</time><speed>7.150</speed><sat>47</sat></trkpt>
  <trkpt lat="12.68051126" lon="77.94857372"><ele>669.417</ele><time>2026-02-23T07:19:52Z</time><speed>6.950</speed><sat>46</sat></trkpt>
  <trkpt lat="12.68051792" lon="77.94863770"><ele>669.112</ele><time>2026-02-23T07:19:53Z</time><speed>7.080</speed><sat>46</sat></trkpt>
  <trkpt lat="12.68052963" lon="77.94870699"><ele>669.672</ele><time>2026-02-23T07:19:54Z</time><speed>6.770</speed><sat>46</sat></trkpt>
  <trkpt lat="12.68053675" lon="77.94875873"><ele>670.215</ele><time>2026-02-23T07:19:55Z</time><speed>6.440</speed><sat>44</sat></trkpt>
  <trkpt lat="12.68054615" lon="77.94881816"><ele>670.762</ele><time>2026-02-23T07:19:56Z</time><speed>6.550</speed><sat>44</sat></trkpt>
  <trkpt lat="12.68056144" lon="77.94888480"><ele>671.314</ele><time>2026-02-23T07:19:57Z</time><speed>6.870</speed><sat>44</sat></trkpt>
  <trkpt lat="12.68057344" lon="77.94895156"><ele>671.837</ele><time>2026-02-23T07:19:58Z</time><speed>6.910</speed><sat>44</sat></trkpt>
  <trkpt lat="12.68058932" lon="77.94902029"><ele>672.445</ele><time>2026-02-23T07:19:59Z</time><speed>7.010</speed><sat>45</sat></trkpt>
  <trkpt lat="12.68059905" lon="77.94908553"><ele>672.735</ele><time>2026-02-23T07:20:00Z</time><speed>7.340</speed><sat>45</sat></trkpt>
  <trkpt lat="12.68061126" lon="77.94915389"><ele>672.777</ele><time>2026-02-23T07:20:01Z</time><speed>7.590</speed><sat>44</sat></trkpt>
  <trkpt lat="12.68062429" lon="77.94922640"><ele>672.973</ele><time>2026-02-23T07:20:02Z</time><speed>7.890</speed><sat>43</sat></trkpt>
  <trkpt lat="12.68063426" lon="77.94929551"><ele>673.879</ele><time>2026-02-23T07:20:03Z</time><speed>8.150</speed><sat>45</sat></trkpt>
  <trkpt lat="12.68064721" lon="77.94936829"><ele>673.821</ele><time>2026-02-23T07:20:04Z</time><speed>8.170</speed><sat>46</sat></trkpt>
  <trkpt lat="12.68065576" lon="77.94944117"><ele>674.616</ele><time>2026-02-23T07:20:05Z</time><speed>8.280</speed><sat>45</sat></trkpt>
  <trkpt lat="12.68066302" lon="77.94951011"><ele>674.108</ele><time>2026-02-23T07:20:06Z</time><speed>8.180</speed><sat>45</sat></trkpt>
  <trkpt lat="12.68066511" lon="77.94958115"><ele>674.222</ele><time>2026-02-23T07:20:07Z</time><speed>8.230</speed><sat>44</sat></trkpt>
  <trkpt lat="12.68067060" lon="77.94965749"><ele>674.329</ele><time>2026-02-23T07:20:08Z</time><speed>8.270</speed><sat>45</sat></trkpt>
  <trkpt lat="12.68067206" lon="77.94973768"><ele>674.949</ele><time>2026-02-23T07:20:09Z</time><speed>8.280</speed><sat>45</sat></trkpt>
  <trkpt lat="12.68067305" lon="77.94981731"><ele>675.115</ele><time>2026-02-23T07:20:10Z</time><speed>8.250</speed><sat>45</sat></trkpt>
  <trkpt lat="12.68066658" lon="77.94988778"><ele>675.081</ele><time>2026-02-23T07:20:11Z</time><speed>7.580</speed><sat>24</sat></trkpt>
  <trkpt lat="12.68066154" lon="77.94996166"><ele>674.656</ele><time>2026-02-23T07:20:12Z</time><speed>7.430</speed><sat>24</sat></trkpt>
  <trkpt lat="12.68066453" lon="77.95003956"><ele>674.686</ele><time>2026-02-23T07:20:13Z</time><speed>7.850</speed><sat>24</sat></trkpt>
  <trkpt lat="12.68065351" lon="77.95011453"><ele>674.444</ele><time>2026-02-23T07:20:14Z</time><speed>8.180</speed><sat>20</sat></trkpt>
  <trkpt lat="12.68064752" lon="77.95019489"><ele>674.474</ele><time>2026-02-23T07:20:15Z</time><speed>8.370</speed><sat>24</sat></trkpt>
  <trkpt lat="12.68062589" lon="77.95026838"><ele>673.568</ele><time>2026-02-23T07:20:16Z</time><speed>8.290</speed><sat>24</sat></trkpt>
  <trkpt lat="12.68061948" lon="77.95034465"><ele>673.738</ele><time>2026-02-23T07:20:17Z</time><speed>8.230</speed><sat>23</sat></trkpt>
  <trkpt lat="12.68060723" lon="77.95042301"><ele>674.226</ele><time>2026-02-23T07:20:18Z</time><speed>8.830</speed><sat>41</sat></trkpt>
  <trkpt lat="12.68060051" lon="77.95050276"><ele>673.821</ele><time>2026-02-23T07:20:19Z</time><speed>8.760</speed><sat>42</sat></trkpt>
  <trkpt lat="12.68059216" lon="77.95058439"><ele>674.089</ele><time>2026-02-23T07:20:20Z</time><speed>8.720</speed><sat>46</sat></trkpt>
  <trkpt lat="12.68058186" lon="77.95066697"><ele>674.158</ele><time>2026-02-23T07:20:21Z</time><speed>8.750</speed><sat>46</sat></trkpt>
  <trkpt lat="12.68057275" lon="77.95074784"><ele>674.229</ele><time>2026-02-23T07:20:22Z</time><speed>8.810</speed><sat>47</sat></trkpt>
  <trkpt lat="12.68056243" lon="77.95082860"><ele>674.170</ele><time>2026-02-23T07:20:23Z</time><speed>8.890</speed><sat>47</sat></trkpt>
  <trkpt lat="12.68055220" lon="77.95091450"><ele>675.581</ele><time>2026-02-23T07:20:24Z</time><speed>8.850</speed><sat>25</sat></trkpt>
  <trkpt lat="12.68054824" lon="77.95099069"><ele>675.711</ele><time>2026-02-23T07:20:25Z</time><speed>8.810</speed><sat>23</sat></trkpt>
  <trkpt lat="12.68053643" lon="77.95107123"><ele>675.335</ele><time>2026-02-23T07:20:26Z</time><speed>8.780</speed><sat>19</sat></trkpt>
  <trkpt lat="12.68051919" lon="77.95115071"><ele>673.658</ele><time>2026-02-23T07:20:27Z</time><speed>8.910</speed><sat>21</sat></trkpt>
  <trkpt lat="12.68050923" lon="77.95122969"><ele>673.594</ele><time>2026-02-23T07:20:28Z</time><speed>8.990</speed><sat>20</sat></trkpt>
  <trkpt lat="12.68049646" lon="77.95131761"><ele>674.042</ele><time>2026-02-23T07:20:29Z</time><speed>9.050</speed><sat>24</sat></trkpt>
  <trkpt lat="12.68048717" lon="77.95140258"><ele>674.005</ele><time>2026-02-23T07:20:30Z</time><speed>9.160</speed><sat>20</sat></trkpt>
  <trkpt lat="12.68047347" lon="77.95148970"><ele>673.667</ele><time>2026-02-23T07:20:31Z</time><speed>9.240</speed><sat>19</sat></trkpt>
  <trkpt lat="12.68045760" lon="77.95156732"><ele>674.021</ele><time>2026-02-23T07:20:32Z</time><speed>9.210</speed><sat>17</sat></trkpt>
  <trkpt lat="12.68044944" lon="77.95165064"><ele>674.301</ele><time>2026-02-23T07:20:33Z</time><speed>9.320</speed><sat>21</sat></trkpt>
  <trkpt lat="12.68044414" lon="77.95173277"><ele>674.523</ele><time>2026-02-23T07:20:34Z</time><speed>9.320</speed><sat>19</sat></trkpt>
  <trkpt lat="12.68043655" lon="77.95181767"><ele>675.438</ele><time>2026-02-23T07:20:35Z</time><speed>9.240</speed><sat>20</sat></trkpt>
  <trkpt lat="12.68042273" lon="77.95190546"><ele>676.906</ele><time>2026-02-23T07:20:36Z</time><speed>9.440</speed><sat>24</sat></trkpt>
  <trkpt lat="12.68041208" lon="77.95199127"><ele>676.828</ele><time>2026-02-23T07:20:37Z</time><speed>9.380</speed><sat>16</sat></trkpt>
  <trkpt lat="12.68040064" lon="77.95207606"><ele>676.014</ele><time>2026-02-23T07:20:38Z</time><speed>9.140</speed><sat>18</sat></trkpt>
  <trkpt lat="12.68040608" lon="77.95214806"><ele>675.454</ele><time>2026-02-23T07:20:39Z</time><speed>8.950</speed><sat>21</sat></trkpt>
  <trkpt lat="12.68039649" lon="77.95223118"><ele>676.255</ele><time>2026-02-23T07:20:40Z</time><speed>8.900</speed><sat>19</sat></trkpt>
  <trkpt lat="12.68038320" lon="77.95230935"><ele>676.458</ele><time>2026-02-23T07:20:41Z</time><speed>8.800</speed><sat>21</sat></trkpt>
  <trkpt lat="12.68037307" lon="77.95238519"><ele>676.789</ele><time>2026-02-23T07:20:42Z</time><speed>8.620</speed><sat>20</sat></trkpt>
  <trkpt lat="12.68036930" lon="77.95245413"><ele>676.627</ele><time>2026-02-23T07:20:43Z</time><speed>8.440</speed><sat>21</sat></trkpt>
  <trkpt lat="12.68035540" lon="77.95253261"><ele>677.171</ele><time>2026-02-23T07:20:44Z</time><speed>8.370</speed><sat>20</sat></trkpt>
  <trkpt lat="12.68034329" lon="77.95261399"><ele>677.650</ele><time>2026-02-23T07:20:45Z</time><speed>8.340</speed><sat>17</sat></trkpt>
  <trkpt lat="12.68033046" lon="77.95269367"><ele>677.688</ele><time>2026-02-23T07:20:46Z</time><speed>8.410</speed><sat>18</sat></trkpt>
  <trkpt lat="12.68032435" lon="77.95277048"><ele>678.502</ele><time>2026-02-23T07:20:47Z</time><speed>8.640</speed><sat>19</sat></trkpt>
  <trkpt lat="12.68031840" lon="77.95285230"><ele>678.571</ele><time>2026-02-23T07:20:48Z</time><speed>8.760</speed><sat>17</sat></trkpt>
  <trkpt lat="12.68030552" lon="77.95293049"><ele>679.622</ele><time>2026-02-23T07:20:49Z</time><speed>8.740</speed><sat>18</sat></trkpt>
  <trkpt lat="12.68030019" lon="77.95301160"><ele>680.066</ele><time>2026-02-23T07:20:50Z</time><speed>8.840</speed><sat>18</sat></trkpt>
  <trkpt lat="12.68029158" lon="77.95310008"><ele>680.332</ele><time>2026-02-23T07:20:51Z</time><speed>8.770</speed><sat>18</sat></trkpt>
  <trkpt lat="12.68028283" lon="77.95318763"><ele>680.579</ele><time>2026-02-23T07:20:52Z</time><speed>8.910</speed><sat>15</sat></trkpt>
  <trkpt lat="12.68027703" lon="77.95326686"><ele>679.842</ele><time>2026-02-23T07:20:53Z</time><speed>8.980</speed><sat>16</sat></trkpt>
  <trkpt lat="12.68027078" lon="77.95334939"><ele>680.126</ele><time>2026-02-23T07:20:54Z</time><speed>8.970</speed><sat>19</sat></trkpt>
  <trkpt lat="12.68026548" lon="77.95343575"><ele>679.923</ele><time>2026-02-23T07:20:55Z</time><speed>9.100</speed><sat>22</sat></trkpt>
  <trkpt lat="12.68026052" lon="77.95351500"><ele>680.709</ele><time>2026-02-23T07:20:56Z</time><speed>9.150</speed><sat>23</sat></trkpt>
  <trkpt lat="12.68025695" lon="77.95359873"><ele>680.291</ele><time>2026-02-23T07:20:57Z</time><speed>9.180</speed><sat>20</sat></trkpt>
  <trkpt lat="12.68025036" lon="77.95368530"><ele>680.226</ele><time>2026-02-23T07:20:58Z</time><speed>9.150</speed><sat>21</sat></trkpt>
  <trkpt lat="12.68024704" lon="77.95377321"><ele>680.382</ele><time>2026-02-23T07:20:59Z</time><speed>9.160</speed><sat>20</sat></trkpt>
  <trkpt lat="12.68024488" lon="77.95385900"><ele>680.314</ele><time>2026-02-23T07:21:00Z</time><speed>9.160</speed><sat>20</sat></trkpt>
  <trkpt lat="12.68023186" lon="77.95394200"><ele>680.063</ele><time>2026-02-23T07:21:01Z</time><speed>9.000</speed><sat>18</sat></trkpt>
  <trkpt lat="12.68022189" lon="77.95402170"><ele>676.193</ele><time>2026-02-23T07:21:02Z</time><speed>9.280</speed><sat>21</sat></trkpt>
  <trkpt lat="12.68021746" lon="77.95411103"><ele>675.079</ele><time>2026-02-23T07:21:03Z</time><speed>9.190</speed><sat>19</sat></trkpt>
  <trkpt lat="12.68020182" lon="77.95419534"><ele>675.804</ele><time>2026-02-23T07:21:04Z</time><speed>9.200</speed><sat>20</sat></trkpt>
  <trkpt lat="12.68019384" lon="77.95428189"><ele>676.696</ele><time>2026-02-23T07:21:05Z</time><speed>9.170</speed><sat>19</sat></trkpt>
  <trkpt lat="12.68017627" lon="77.95436668"><ele>677.937</ele><time>2026-02-23T07:21:06Z</time><speed>9.080</speed><sat>18</sat></trkpt>
  <trkpt lat="12.68016807" lon="77.95445535"><ele>676.201</ele><time>2026-02-23T07:21:07Z</time><speed>9.120</speed><sat>24</sat></trkpt>
  <trkpt lat="12.68015338" lon="77.95454061"><ele>676.046</ele><time>2026-02-23T07:21:08Z</time><speed>9.100</speed><sat>22</sat></trkpt>
  <trkpt lat="12.68013720" lon="77.95462835"><ele>675.367</ele><time>2026-02-23T07:21:09Z</time><speed>9.120</speed><sat>22</sat></trkpt>
  <trkpt lat="12.68012335" lon="77.95471507"><ele>675.096</ele><time>2026-02-23T07:21:10Z</time><speed>9.040</speed><sat>22</sat></trkpt>
  <trkpt lat="12.68011149" lon="77.95479505"><ele>674.773</ele><time>2026-02-23T07:21:11Z</time><speed>8.880</speed><sat>22</sat></trkpt>
  <trkpt lat="12.68009715" lon="77.95488066"><ele>674.230</ele><time>2026-02-23T07:21:12Z</time><speed>8.830</speed><sat>20</sat></trkpt>
  <trkpt lat="12.68008274" lon="77.95496159"><ele>673.795</ele><time>2026-02-23T07:21:13Z</time><speed>8.860</speed><sat>21</sat></trkpt>
  <trkpt lat="12.68005992" lon="77.95504383"><ele>673.829</ele><time>2026-02-23T07:21:14Z</time><speed>9.020</speed><sat>21</sat></trkpt>
  <trkpt lat="12.68004455" lon="77.95511679"><ele>672.588</ele><time>2026-02-23T07:21:15Z</time><speed>9.230</speed><sat>21</sat></trkpt>
  <trkpt lat="12.68002895" lon="77.95519573"><ele>671.715</ele><time>2026-02-23T07:21:16Z</time><speed>9.080</speed><sat>20</sat></trkpt>
  <trkpt lat="12.68000517" lon="77.95527021"><ele>671.640</ele><time>2026-02-23T07:21:17Z</time><speed>9.160</speed><sat>24</sat></trkpt>
  <trkpt lat="12.67998180" lon="77.95534832"><ele>671.494</ele><time>2026-02-23T07:21:18Z</time><speed>9.410</speed><sat>25</sat></trkpt>
  <trkpt lat="12.67995680" lon="77.95543090"><ele>672.060</ele><time>2026-02-23T07:21:19Z</time><speed>9.260</speed><sat>22</sat></trkpt>
  <trkpt lat="12.67993757" lon="77.95551528"><ele>671.734</ele><time>2026-02-23T07:21:20Z</time><speed>9.130</speed><sat>20</sat></trkpt>
  <trkpt lat="12.67992026" lon="77.95559720"><ele>670.487</ele><time>2026-02-23T07:21:21Z</time><speed>9.220</speed><sat>22</sat></trkpt>
  <trkpt lat="12.67990493" lon="77.95568174"><ele>670.116</ele><time>2026-02-23T07:21:22Z</time><speed>9.330</speed><sat>20</sat></trkpt>
  <trkpt lat="12.67988609" lon="77.95576434"><ele>670.293</ele><time>2026-02-23T07:21:23Z</time><speed>9.430</speed><sat>23</sat></trkpt>
  <trkpt lat="12.67987149" lon="77.95585091"><ele>671.027</ele><time>2026-02-23T07:21:24Z</time><speed>9.190</speed><sat>21</sat></trkpt>
  <trkpt lat="12.67984943" lon="77.95593067"><ele>671.364</ele><time>2026-02-23T07:21:25Z</time><speed>9.300</speed><sat>20</sat></trkpt>
  <trkpt lat="12.67982608" lon="77.95601372"><ele>671.582</ele><time>2026-02-23T07:21:26Z</time><speed>9.430</speed><sat>22</sat></trkpt>
  <trkpt lat="12.67980990" lon="77.95608733"><ele>671.677</ele><time>2026-02-23T07:21:27Z</time><speed>9.530</speed><sat>22</sat></trkpt>
  <trkpt lat="12.67978846" lon="77.95617652"><ele>671.542</ele><time>2026-02-23T07:21:28Z</time><speed>9.450</speed><sat>22</sat></trkpt>
  <trkpt lat="12.67976672" lon="77.95626487"><ele>671.792</ele><time>2026-02-23T07:21:29Z</time><speed>9.300</speed><sat>19</sat></trkpt>
  <trkpt lat="12.67974673" lon="77.95634614"><ele>672.128</ele><time>2026-02-23T07:21:30Z</time><speed>9.230</speed><sat>21</sat></trkpt>
  <trkpt lat="12.67972364" lon="77.95643097"><ele>671.496</ele><time>2026-02-23T07:21:31Z</time><speed>9.230</speed><sat>18</sat></trkpt>
  <trkpt lat="12.67970512" lon="77.95650624"><ele>671.450</ele><time>2026-02-23T07:21:32Z</time><speed>9.240</speed><sat>21</sat></trkpt>
  <trkpt lat="12.67968705" lon="77.95659014"><ele>671.214</ele><time>2026-02-23T07:21:33Z</time><speed>9.280</speed><sat>19</sat></trkpt>
  <trkpt lat="12.67966802" lon="77.95667795"><ele>671.293</ele><time>2026-02-23T07:21:34Z</time><speed>9.280</speed><sat>21</sat></trkpt>
  <trkpt lat="12.67964947" lon="77.95676572"><ele>671.450</ele><time>2026-02-23T07:21:35Z</time><speed>9.220</speed><sat>18</sat></trkpt>
  <trkpt lat="12.67962966" lon="77.95685044"><ele>671.056</ele><time>2026-02-23T07:21:36Z</time><speed>9.120</speed><sat>19</sat></trkpt>
  <trkpt lat="12.67960668" lon="77.95693227"><ele>671.316</ele><time>2026-02-23T07:21:37Z</time><speed>9.020</speed><sat>18</sat></trkpt>
  <trkpt lat="12.67958833" lon="77.95700662"><ele>670.920</ele><time>2026-02-23T07:21:38Z</time><speed>8.980</speed><sat>18</sat></trkpt>
  <trkpt lat="12.67957336" lon="77.95708567"><ele>670.893</ele><time>2026-02-23T07:21:39Z</time><speed>9.010</speed><sat>19</sat></trkpt>
  <trkpt lat="12.67956078" lon="77.95716615"><ele>671.237</ele><time>2026-02-23T07:21:40Z</time><speed>8.950</speed><sat>17</sat></trkpt>
  <trkpt lat="12.67954443" lon="77.95724746"><ele>671.387</ele><time>2026-02-23T07:21:41Z</time><speed>9.150</speed><sat>20</sat></trkpt>
  <trkpt lat="12.67951683" lon="77.95733331"><ele>671.819</ele><time>2026-02-23T07:21:42Z</time><speed>9.270</speed><sat>19</sat></trkpt>
  <trkpt lat="12.67949313" lon="77.95741905"><ele>671.466</ele><time>2026-02-23T07:21:43Z</time><speed>9.330</speed><sat>19</sat></trkpt>
  <trkpt lat="12.67947887" lon="77.95750848"><ele>671.305</ele><time>2026-02-23T07:21:44Z</time><speed>9.380</speed><sat>20</sat></trkpt>
  <trkpt lat="12.67945134" lon="77.95758081"><ele>671.009</ele><time>2026-02-23T07:21:45Z</time><speed>9.280</speed><sat>21</sat></trkpt>
  <trkpt lat="12.67943215" lon="77.95766073"><ele>670.770</ele><time>2026-02-23T07:21:46Z</time><speed>9.340</speed><sat>20</sat></trkpt>
  <trkpt lat="12.67941971" lon="77.95774834"><ele>670.665</ele><time>2026-02-23T07:21:47Z</time><speed>9.270</speed><sat>22</sat></trkpt>
  <trkpt lat="12.67939590" lon="77.95783682"><ele>670.155</ele><time>2026-02-23T07:21:48Z</time><speed>9.330</speed><sat>20</sat></trkpt>
  <trkpt lat="12.67937146" lon="77.95792393"><ele>669.766</ele><time>2026-02-23T07:21:49Z</time><speed>9.300</speed><sat>24</sat></trkpt>
  <trkpt lat="12.67935365" lon="77.95800998"><ele>669.506</ele><time>2026-02-23T07:21:50Z</time><speed>9.480</speed><sat>24</sat></trkpt>
  <trkpt lat="12.67932970" lon="77.95809132"><ele>670.224</ele><time>2026-02-23T07:21:51Z</time><speed>9.500</speed><sat>22</sat></trkpt>
  <trkpt lat="12.67931137" lon="77.95817955"><ele>670.779</ele><time>2026-02-23T07:21:52Z</time><speed>9.570</speed><sat>23</sat></trkpt>
  <trkpt lat="12.67929388" lon="77.95826530"><ele>670.680</ele><time>2026-02-23T07:21:53Z</time><speed>9.530</speed><sat>24</sat></trkpt>
  <trkpt lat="12.67926593" lon="77.95834701"><ele>671.012</ele><time>2026-02-23T07:21:54Z</time><speed>9.550</speed><sat>20</sat></trkpt>
  <trkpt lat="12.67924960" lon="77.95843591"><ele>670.701</ele><time>2026-02-23T07:21:55Z</time><speed>9.690</speed><sat>23</sat></trkpt>
  <trkpt lat="12.67923562" lon="77.95851626"><ele>670.425</ele><time>2026-02-23T07:21:56Z</time><speed>9.670</speed><sat>24</sat></trkpt>
  <trkpt lat="12.67921610" lon="77.95860648"><ele>670.683</ele><time>2026-02-23T07:21:57Z</time><speed>9.780</speed><sat>23</sat></trkpt>
  <trkpt lat="12.67919264" lon="77.95869356"><ele>670.643</ele><time>2026-02-23T07:21:58Z</time><speed>9.920</speed><sat>22</sat></trkpt>
  <trkpt lat="12.67917376" lon="77.95877857"><ele>671.178</ele><time>2026-02-23T07:21:59Z</time><speed>9.880</speed><sat>23</sat></trkpt>
  <trkpt lat="12.67915772" lon="77.95886116"><ele>671.255</ele><time>2026-02-23T07:22:00Z</time><speed>9.990</speed><sat>23</sat></trkpt>
  <trkpt lat="12.67913756" lon="77.95895537"><ele>671.576</ele><time>2026-02-23T07:22:01Z</time><speed>9.810</speed><sat>23</sat></trkpt>
  <trkpt lat="12.67911463" lon="77.95903835"><ele>672.556</ele><time>2026-02-23T07:22:02Z</time><speed>9.730</speed><sat>24</sat></trkpt>
  <trkpt lat="12.67909412" lon="77.95912736"><ele>673.429</ele><time>2026-02-23T07:22:03Z</time><speed>9.710</speed><sat>26</sat></trkpt>
  <trkpt lat="12.67907701" lon="77.95921909"><ele>673.326</ele><time>2026-02-23T07:22:04Z</time><speed>9.800</speed><sat>25</sat></trkpt>
  <trkpt lat="12.67905450" lon="77.95930962"><ele>673.452</ele><time>2026-02-23T07:22:05Z</time><speed>9.740</speed><sat>25</sat></trkpt>
  <trkpt lat="12.67902675" lon="77.95939504"><ele>673.512</ele><time>2026-02-23T07:22:06Z</time><speed>9.630</speed><sat>22</sat></trkpt>
  <trkpt lat="12.67900564" lon="77.95948202"><ele>673.653</ele><time>2026-02-23T07:22:07Z</time><speed>9.690</speed><sat>22</sat></trkpt>
  <trkpt lat="12.67898341" lon="77.95957088"><ele>673.754</ele><time>2026-02-23T07:22:08Z</time><speed>9.700</speed><sat>22</sat></trkpt>
  <trkpt lat="12.67896601" lon="77.95965682"><ele>673.567</ele><time>2026-02-23T07:22:09Z</time><speed>9.840</speed><sat>22</sat></trkpt>
  <trkpt lat="12.67894384" lon="77.95974683"><ele>673.615</ele><time>2026-02-23T07:22:10Z</time><speed>9.800</speed><sat>23</sat></trkpt>
  <trkpt lat="12.67892634" lon="77.95983399"><ele>673.190</ele><time>2026-02-23T07:22:11Z</time><speed>9.880</speed><sat>24</sat></trkpt>
  <trkpt lat="12.67890504" lon="77.95992600"><ele>672.991</ele><time>2026-02-23T07:22:12Z</time><speed>9.910</speed><sat>22</sat></trkpt>
  <trkpt lat="12.67888227" lon="77.96001010"><ele>673.196</ele><time>2026-02-23T07:22:13Z</time><speed>9.840</speed><sat>21</sat></trkpt>
  <trkpt lat="12.67885766" lon="77.96010104"><ele>672.607</ele><time>2026-02-23T07:22:14Z</time><speed>9.860</speed><sat>20</sat></trkpt>
  <trkpt lat="12.67883746" lon="77.96018951"><ele>672.977</ele><time>2026-02-23T07:22:15Z</time><speed>9.900</speed><sat>19</sat></trkpt>
  <trkpt lat="12.67882109" lon="77.96027487"><ele>672.927</ele><time>2026-02-23T07:22:16Z</time><speed>10.090</speed><sat>23</sat></trkpt>
  <trkpt lat="12.67879969" lon="77.96036383"><ele>672.810</ele><time>2026-02-23T07:22:17Z</time><speed>9.970</speed><sat>22</sat></trkpt>
  <trkpt lat="12.67877996" lon="77.96045441"><ele>673.286</ele><time>2026-02-23T07:22:18Z</time><speed>10.050</speed><sat>24</sat></trkpt>
  <trkpt lat="12.67876301" lon="77.96054361"><ele>673.390</ele><time>2026-02-23T07:22:19Z</time><speed>10.050</speed><sat>22</sat></trkpt>
  <trkpt lat="12.67874067" lon="77.96063365"><ele>674.007</ele><time>2026-02-23T07:22:20Z</time><speed>9.990</speed><sat>22</sat></trkpt>
  <trkpt lat="12.67872009" lon="77.96072174"><ele>674.374</ele><time>2026-02-23T07:22:21Z</time><speed>9.850</speed><sat>24</sat></trkpt>
  <trkpt lat="12.67869839" lon="77.96081406"><ele>674.329</ele><time>2026-02-23T07:22:22Z</time><speed>9.880</speed><sat>24</sat></trkpt>
  <trkpt lat="12.67868612" lon="77.96089898"><ele>674.105</ele><time>2026-02-23T07:22:23Z</time><speed>9.660</speed><sat>23</sat></trkpt>
  <trkpt lat="12.67866321" lon="77.96097258"><ele>673.330</ele><time>2026-02-23T07:22:24Z</time><speed>9.420</speed><sat>20</sat></trkpt>
  <trkpt lat="12.67864239" lon="77.96105724"><ele>673.714</ele><time>2026-02-23T07:22:25Z</time><speed>9.380</speed><sat>23</sat></trkpt>
  <trkpt lat="12.67862205" lon="77.96113751"><ele>673.487</ele><time>2026-02-23T07:22:26Z</time><speed>9.390</speed><sat>24</sat></trkpt>
  <trkpt lat="12.67860513" lon="77.96121887"><ele>673.723</ele><time>2026-02-23T07:22:27Z</time><speed>9.160</speed><sat>23</sat></trkpt>
  <trkpt lat="12.67858802" lon="77.96130034"><ele>673.514</ele><time>2026-02-23T07:22:28Z</time><speed>8.990</speed><sat>23</sat></trkpt>
  <trkpt lat="12.67857011" lon="77.96138444"><ele>673.858</ele><time>2026-02-23T07:22:29Z</time><speed>8.920</speed><sat>24</sat></trkpt>
  <trkpt lat="12.67855225" lon="77.96146556"><ele>673.349</ele><time>2026-02-23T07:22:30Z</time><speed>8.820</speed><sat>23</sat></trkpt>
  <trkpt lat="12.67853026" lon="77.96154175"><ele>671.742</ele><time>2026-02-23T07:22:31Z</time><speed>8.890</speed><sat>22</sat></trkpt>
  <trkpt lat="12.67851735" lon="77.96162664"><ele>671.947</ele><time>2026-02-23T07:22:32Z</time><speed>9.060</speed><sat>22</sat></trkpt>
  <trkpt lat="12.67850062" lon="77.96170923"><ele>671.612</ele><time>2026-02-23T07:22:33Z</time><speed>9.030</speed><sat>19</sat></trkpt>
  <trkpt lat="12.67848269" lon="77.96178911"><ele>672.313</ele><time>2026-02-23T07:22:34Z</time><speed>9.170</speed><sat>21</sat></trkpt>
  <trkpt lat="12.67846777" lon="77.96186935"><ele>672.561</ele><time>2026-02-23T07:22:35Z</time><speed>9.170</speed><sat>23</sat></trkpt>
  <trkpt lat="12.67845483" lon="77.96195416"><ele>672.453</ele><time>2026-02-23T07:22:36Z</time><speed>9.260</speed><sat>18</sat></trkpt>
  <trkpt lat="12.67843872" lon="77.96203917"><ele>672.470</ele><time>2026-02-23T07:22:37Z</time><speed>9.320</speed><sat>20</sat></trkpt>
  <trkpt lat="12.67842622" lon="77.96212801"><ele>671.969</ele><time>2026-02-23T07:22:38Z</time><speed>9.330</speed><sat>21</sat></trkpt>
  <trkpt lat="12.67841436" lon="77.96221623"><ele>671.854</ele><time>2026-02-23T07:22:39Z</time><speed>9.380</speed><sat>22</sat></trkpt>
  <trkpt lat="12.67840675" lon="77.96230687"><ele>671.205</ele><time>2026-02-23T07:22:40Z</time><speed>9.650</speed><sat>20</sat></trkpt>
  <trkpt lat="12.67839631" lon="77.96239911"><ele>671.949</ele><time>2026-02-23T07:22:41Z</time><speed>9.830</speed><sat>21</sat></trkpt>
  <trkpt lat="12.67838896" lon="77.96248976"><ele>671.899</ele><time>2026-02-23T07:22:42Z</time><speed>9.880</speed><sat>19</sat></trkpt>
  <trkpt lat="12.67837888" lon="77.96258008"><ele>672.124</ele><time>2026-02-23T07:22:43Z</time><speed>9.930</speed><sat>20</sat></trkpt>
  <trkpt lat="12.67837590" lon="77.96267136"><ele>671.613</ele><time>2026-02-23T07:22:44Z</time><speed>10.150</speed><sat>19</sat></trkpt>
  <trkpt lat="12.67837303" lon="77.96275885"><ele>671.590</ele><time>2026-02-23T07:22:45Z</time><speed>10.130</speed><sat>20</sat></trkpt>
  <trkpt lat="12.67836732" lon="77.96285584"><ele>671.956</ele><time>2026-02-23T07:22:46Z</time><speed>10.090</speed><sat>20</sat></trkpt>
  <trkpt lat="12.67835718" lon="77.96294851"><ele>671.505</ele><time>2026-02-23T07:22:47Z</time><speed>10.060</speed><sat>21</sat></trkpt>
  <trkpt lat="12.67835250" lon="77.96304138"><ele>670.583</ele><time>2026-02-23T07:22:48Z</time><speed>10.210</speed><sat>16</sat></trkpt>
  <trkpt lat="12.67834376" lon="77.96313253"><ele>670.369</ele><time>2026-02-23T07:22:49Z</time><speed>10.070</speed><sat>18</sat></trkpt>
  <trkpt lat="12.67834284" lon="77.96322813"><ele>669.340</ele><time>2026-02-23T07:22:50Z</time><speed>10.260</speed><sat>21</sat></trkpt>
  <trkpt lat="12.67833891" lon="77.96332027"><ele>670.044</ele><time>2026-02-23T07:22:51Z</time><speed>10.140</speed><sat>21</sat></trkpt>
  <trkpt lat="12.67833074" lon="77.96341146"><ele>670.000</ele><time>2026-02-23T07:22:52Z</time><speed>10.010</speed><sat>22</sat></trkpt>
  <trkpt lat="12.67832053" lon="77.96350510"><ele>668.896</ele><time>2026-02-23T07:22:53Z</time><speed>9.840</speed><sat>21</sat></trkpt>
  <trkpt lat="12.67830573" lon="77.96358753"><ele>668.819</ele><time>2026-02-23T07:22:54Z</time><speed>9.580</speed><sat>21</sat></trkpt>
  <trkpt lat="12.67828812" lon="77.96367721"><ele>667.962</ele><time>2026-02-23T07:22:55Z</time><speed>9.400</speed><sat>20</sat></trkpt>
  <trkpt lat="12.67827508" lon="77.96375986"><ele>668.021</ele><time>2026-02-23T07:22:56Z</time><speed>9.300</speed><sat>21</sat></trkpt>
  <trkpt lat="12.67825863" lon="77.96385257"><ele>666.407</ele><time>2026-02-23T07:22:57Z</time><speed>9.320</speed><sat>19</sat></trkpt>
  <trkpt lat="12.67824905" lon="77.96393776"><ele>665.452</ele><time>2026-02-23T07:22:58Z</time><speed>9.730</speed><sat>20</sat></trkpt>
  <trkpt lat="12.67822597" lon="77.96402137"><ele>665.207</ele><time>2026-02-23T07:22:59Z</time><speed>9.500</speed><sat>22</sat></trkpt>
  <trkpt lat="12.67821567" lon="77.96410993"><ele>664.908</ele><time>2026-02-23T07:23:00Z</time><speed>9.520</speed><sat>21</sat></trkpt>
  <trkpt lat="12.67820138" lon="77.96419430"><ele>665.193</ele><time>2026-02-23T07:23:01Z</time><speed>9.600</speed><sat>19</sat></trkpt>
  <trkpt lat="12.67818788" lon="77.96428685"><ele>664.770</ele><time>2026-02-23T07:23:02Z</time><speed>9.610</speed><sat>22</sat></trkpt>
  <trkpt lat="12.67817244" lon="77.96436498"><ele>663.153</ele><time>2026-02-23T07:23:03Z</time><speed>9.610</speed><sat>20</sat></trkpt>
  <trkpt lat="12.67815333" lon="77.96445966"><ele>662.648</ele><time>2026-02-23T07:23:04Z</time><speed>9.600</speed><sat>17</sat></trkpt>
  <trkpt lat="12.67812716" lon="77.96454420"><ele>662.074</ele><time>2026-02-23T07:23:05Z</time><speed>9.560</speed><sat>18</sat></trkpt>
  <trkpt lat="12.67810366" lon="77.96462825"><ele>662.334</ele><time>2026-02-23T07:23:06Z</time><speed>9.440</speed><sat>19</sat></trkpt>
  <trkpt lat="12.67807782" lon="77.96471149"><ele>661.257</ele><time>2026-02-23T07:23:07Z</time><speed>9.360</speed><sat>19</sat></trkpt>
  <trkpt lat="12.67804862" lon="77.96478727"><ele>660.848</ele><time>2026-02-23T07:23:08Z</time><speed>9.190</speed><sat>19</sat></trkpt>
  <trkpt lat="12.67802322" lon="77.96486668"><ele>660.287</ele><time>2026-02-23T07:23:09Z</time><speed>9.170</speed><sat>18</sat></trkpt>
  <trkpt lat="12.67799638" lon="77.96494756"><ele>660.414</ele><time>2026-02-23T07:23:10Z</time><speed>9.200</speed><sat>17</sat></trkpt>
  <trkpt lat="12.67796771" lon="77.96503782"><ele>659.429</ele><time>2026-02-23T07:23:11Z</time><speed>9.700</speed><sat>18</sat></trkpt>
  <trkpt lat="12.67793560" lon="77.96512161"><ele>659.386</ele><time>2026-02-23T07:23:12Z</time><speed>9.480</speed><sat>17</sat></trkpt>
  <trkpt lat="12.67790929" lon="77.96520407"><ele>658.972</ele><time>2026-02-23T07:23:13Z</time><speed>9.560</speed><sat>18</sat></trkpt>
  <trkpt lat="12.67787934" lon="77.96528761"><ele>658.172</ele><time>2026-02-23T07:23:14Z</time><speed>9.240</speed><sat>20</sat></trkpt>
  <trkpt lat="12.67785158" lon="77.96536533"><ele>657.707</ele><time>2026-02-23T07:23:15Z</time><speed>9.150</speed><sat>16</sat></trkpt>
  <trkpt lat="12.67782053" lon="77.96544450"><ele>657.582</ele><time>2026-02-23T07:23:16Z</time><speed>8.990</speed><sat>19</sat></trkpt>
  <trkpt lat="12.67778873" lon="77.96552106"><ele>657.698</ele><time>2026-02-23T07:23:17Z</time><speed>8.860</speed><sat>19</sat></trkpt>
  <trkpt lat="12.67776108" lon="77.96559249"><ele>658.045</ele><time>2026-02-23T07:23:18Z</time><speed>9.120</speed><sat>17</sat></trkpt>
  <trkpt lat="12.67772206" lon="77.96566992"><ele>658.722</ele><time>2026-02-23T07:23:19Z</time><speed>9.240</speed><sat>19</sat></trkpt>
  <trkpt lat="12.67768818" lon="77.96574224"><ele>659.804</ele><time>2026-02-23T07:23:20Z</time><speed>9.660</speed><sat>22</sat></trkpt>
  <trkpt lat="12.67765056" lon="77.96582517"><ele>660.058</ele><time>2026-02-23T07:23:21Z</time><speed>9.640</speed><sat>21</sat></trkpt>
  <trkpt lat="12.67760600" lon="77.96589048"><ele>658.887</ele><time>2026-02-23T07:23:22Z</time><speed>9.660</speed><sat>23</sat></trkpt>
  <trkpt lat="12.67755740" lon="77.96596585"><ele>658.834</ele><time>2026-02-23T07:23:23Z</time><speed>9.760</speed><sat>22</sat></trkpt>
  <trkpt lat="12.67751801" lon="77.96605232"><ele>659.518</ele><time>2026-02-23T07:23:24Z</time><speed>9.910</speed><sat>20</sat></trkpt>
  <trkpt lat="12.67746480" lon="77.96612862"><ele>659.113</ele><time>2026-02-23T07:23:25Z</time><speed>10.010</speed><sat>19</sat></trkpt>
  <trkpt lat="12.67741701" lon="77.96620304"><ele>659.654</ele><time>2026-02-23T07:23:26Z</time><speed>9.850</speed><sat>21</sat></trkpt>
  <trkpt lat="12.67736798" lon="77.96628194"><ele>659.678</ele><time>2026-02-23T07:23:27Z</time><speed>10.010</speed><sat>21</sat></trkpt>
  <trkpt lat="12.67731357" lon="77.96635744"><ele>659.519</ele><time>2026-02-23T07:23:28Z</time><speed>9.870</speed><sat>21</sat></trkpt>
  <trkpt lat="12.67726733" lon="77.96642766"><ele>659.462</ele><time>2026-02-23T07:23:29Z</time><speed>9.750</speed><sat>21</sat></trkpt>
  <trkpt lat="12.67721383" lon="77.96649773"><ele>660.458</ele><time>2026-02-23T07:23:30Z</time><speed>9.650</speed><sat>20</sat></trkpt>
  <trkpt lat="12.67715625" lon="77.96656347"><ele>659.880</ele><time>2026-02-23T07:23:31Z</time><speed>9.600</speed><sat>21</sat></trkpt>
  <trkpt lat="12.67710821" lon="77.96664321"><ele>660.034</ele><time>2026-02-23T07:23:32Z</time><speed>9.550</speed><sat>19</sat></trkpt>
  <trkpt lat="12.67705861" lon="77.96670938"><ele>660.236</ele><time>2026-02-23T07:23:33Z</time><speed>9.410</speed><sat>23</sat></trkpt>
  <trkpt lat="12.67700537" lon="77.96678113"><ele>659.047</ele><time>2026-02-23T07:23:34Z</time><speed>9.350</speed><sat>21</sat></trkpt>
  <trkpt lat="12.67695426" lon="77.96685453"><ele>659.341</ele><time>2026-02-23T07:23:35Z</time><speed>9.510</speed><sat>17</sat></trkpt>
  <trkpt lat="12.67690185" lon="77.96692303"><ele>659.397</ele><time>2026-02-23T07:23:36Z</time><speed>9.440</speed><sat>19</sat></trkpt>
  <trkpt lat="12.67684877" lon="77.96698977"><ele>659.102</ele><time>2026-02-23T07:23:37Z</time><speed>9.450</speed><sat>19</sat></trkpt>
  <trkpt lat="12.67679609" lon="77.96705198"><ele>659.440</ele><time>2026-02-23T07:23:38Z</time><speed>9.300</speed><sat>21</sat></trkpt>
  <trkpt lat="12.67673870" lon="77.96712202"><ele>659.270</ele><time>2026-02-23T07:23:39Z</time><speed>9.190</speed><sat>20</sat></trkpt>
  <trkpt lat="12.67668101" lon="77.96719418"><ele>659.225</ele><time>2026-02-23T07:23:40Z</time><speed>9.120</speed><sat>19</sat></trkpt>
  <trkpt lat="12.67662760" lon="77.96725577"><ele>659.408</ele><time>2026-02-23T07:23:41Z</time><speed>9.050</speed><sat>19</sat></trkpt>
  <trkpt lat="12.67657198" lon="77.96731487"><ele>659.487</ele><time>2026-02-23T07:23:42Z</time><speed>9.200</speed><sat>16</sat></trkpt>
  <trkpt lat="12.67650877" lon="77.96737379"><ele>659.731</ele><time>2026-02-23T07:23:43Z</time><speed>9.190</speed><sat>17</sat></trkpt>
  <trkpt lat="12.67645346" lon="77.96742896"><ele>659.952</ele><time>2026-02-23T07:23:44Z</time><speed>9.170</speed><sat>16</sat></trkpt>
  <trkpt lat="12.67639645" lon="77.96749126"><ele>659.429</ele><time>2026-02-23T07:23:45Z</time><speed>9.190</speed><sat>21</sat></trkpt>
  <trkpt lat="12.67634455" lon="77.96754987"><ele>659.795</ele><time>2026-02-23T07:23:46Z</time><speed>9.130</speed><sat>16</sat></trkpt>
  <trkpt lat="12.67628609" lon="77.96760887"><ele>659.267</ele><time>2026-02-23T07:23:47Z</time><speed>8.980</speed><sat>19</sat></trkpt>
  <trkpt lat="12.67622919" lon="77.96766035"><ele>659.130</ele><time>2026-02-23T07:23:48Z</time><speed>8.900</speed><sat>19</sat></trkpt>
  <trkpt lat="12.67616624" lon="77.96771116"><ele>658.664</ele><time>2026-02-23T07:23:49Z</time><speed>8.900</speed><sat>18</sat></trkpt>
  <trkpt lat="12.67610340" lon="77.96777028"><ele>659.165</ele><time>2026-02-23T07:23:50Z</time><speed>8.900</speed><sat>20</sat></trkpt>
  <trkpt lat="12.67603934" lon="77.96782141"><ele>659.019</ele><time>2026-02-23T07:23:51Z</time><speed>8.900</speed><sat>18</sat></trkpt>
  <trkpt lat="12.67597339" lon="77.96787595"><ele>659.542</ele><time>2026-02-23T07:23:52Z</time><speed>8.970</speed><sat>21</sat></trkpt>
  <trkpt lat="12.67591260" lon="77.96792990"><ele>659.464</ele><time>2026-02-23T07:23:53Z</time><speed>9.090</speed><sat>19</sat></trkpt>
  <trkpt lat="12.67584476" lon="77.96797832"><ele>659.907</ele><time>2026-02-23T07:23:54Z</time><speed>9.150</speed><sat>21</sat></trkpt>
  <trkpt lat="12.67577621" lon="77.96803233"><ele>659.436</ele><time>2026-02-23T07:23:55Z</time><speed>9.130</speed><sat>22</sat></trkpt>
  <trkpt lat="12.67571096" lon="77.96808787"><ele>659.029</ele><time>2026-02-23T07:23:56Z</time><speed>9.210</speed><sat>21</sat></trkpt>
  <trkpt lat="12.67564738" lon="77.96813998"><ele>659.557</ele><time>2026-02-23T07:23:57Z</time><speed>8.960</speed><sat>19</sat></trkpt>
  <trkpt lat="12.67558625" lon="77.96819268"><ele>659.461</ele><time>2026-02-23T07:23:58Z</time><speed>8.970</speed><sat>22</sat></trkpt>
  <trkpt lat="12.67552454" lon="77.96823967"><ele>660.176</ele><time>2026-02-23T07:23:59Z</time><speed>8.840</speed><sat>20</sat></trkpt>
  <trkpt lat="12.67545967" lon="77.96828702"><ele>660.124</ele><time>2026-02-23T07:24:00Z</time><speed>8.760</speed><sat>18</sat></trkpt>
  <trkpt lat="12.67539648" lon="77.96834431"><ele>660.295</ele><time>2026-02-23T07:24:01Z</time><speed>8.750</speed><sat>20</sat></trkpt>
  <trkpt lat="12.67534076" lon="77.96839600"><ele>659.914</ele><time>2026-02-23T07:24:02Z</time><speed>8.840</speed><sat>21</sat></trkpt>
  <trkpt lat="12.67528215" lon="77.96844449"><ele>659.086</ele><time>2026-02-23T07:24:03Z</time><speed>8.990</speed><sat>17</sat></trkpt>
  <trkpt lat="12.67521966" lon="77.96849638"><ele>658.576</ele><time>2026-02-23T07:24:04Z</time><speed>9.030</speed><sat>17</sat></trkpt>
  <trkpt lat="12.67515437" lon="77.96855515"><ele>658.091</ele><time>2026-02-23T07:24:05Z</time><speed>9.280</speed><sat>17</sat></trkpt>
  <trkpt lat="12.67509213" lon="77.96861230"><ele>657.614</ele><time>2026-02-23T07:24:06Z</time><speed>9.410</speed><sat>16</sat></trkpt>
  <trkpt lat="12.67502233" lon="77.96866486"><ele>657.424</ele><time>2026-02-23T07:24:07Z</time><speed>9.390</speed><sat>17</sat></trkpt>
  <trkpt lat="12.67495461" lon="77.96872048"><ele>656.870</ele><time>2026-02-23T07:24:08Z</time><speed>9.640</speed><sat>17</sat></trkpt>
  <trkpt lat="12.67487382" lon="77.96877648"><ele>654.809</ele><time>2026-02-23T07:24:09Z</time><speed>9.710</speed><sat>19</sat></trkpt>
  <trkpt lat="12.67480186" lon="77.96883824"><ele>653.643</ele><time>2026-02-23T07:24:10Z</time><speed>9.970</speed><sat>17</sat></trkpt>
  <trkpt lat="12.67473888" lon="77.96889338"><ele>654.275</ele><time>2026-02-23T07:24:11Z</time><speed>10.110</speed><sat>18</sat></trkpt>
  <trkpt lat="12.67467444" lon="77.96895213"><ele>654.114</ele><time>2026-02-23T07:24:12Z</time><speed>10.150</speed><sat>18</sat></trkpt>
  <trkpt lat="12.67460263" lon="77.96901422"><ele>653.850</ele><time>2026-02-23T07:24:13Z</time><speed>10.230</speed><sat>17</sat></trkpt>
  <trkpt lat="12.67452815" lon="77.96907939"><ele>653.566</ele><time>2026-02-23T07:24:14Z</time><speed>10.320</speed><sat>17</sat></trkpt>
  <trkpt lat="12.67445545" lon="77.96914217"><ele>652.869</ele><time>2026-02-23T07:24:15Z</time><speed>10.360</speed><sat>18</sat></trkpt>
  <trkpt lat="12.67438468" lon="77.96920661"><ele>652.258</ele><time>2026-02-23T07:24:16Z</time><speed>10.470</speed><sat>17</sat></trkpt>
  <trkpt lat="12.67431790" lon="77.96926694"><ele>651.800</ele><time>2026-02-23T07:24:17Z</time><speed>10.430</speed><sat>19</sat></trkpt>
  <trkpt lat="12.67424894" lon="77.96933154"><ele>652.596</ele><time>2026-02-23T07:24:18Z</time><speed>10.330</speed><sat>19</sat></trkpt>
  <trkpt lat="12.67418774" lon="77.96939438"><ele>652.692</ele><time>2026-02-23T07:24:19Z</time><speed>10.410</speed><sat>21</sat></trkpt>
  <trkpt lat="12.67413211" lon="77.96944603"><ele>652.156</ele><time>2026-02-23T07:24:20Z</time><speed>10.220</speed><sat>20</sat></trkpt>
  <trkpt lat="12.67406617" lon="77.96951462"><ele>652.146</ele><time>2026-02-23T07:24:21Z</time><speed>10.000</speed><sat>19</sat></trkpt>
  <trkpt lat="12.67400830" lon="77.96957741"><ele>651.890</ele><time>2026-02-23T07:24:22Z</time><speed>9.850</speed><sat>20</sat></trkpt>
  <trkpt lat="12.67394755" lon="77.96964675"><ele>651.567</ele><time>2026-02-23T07:24:23Z</time><speed>9.630</speed><sat>21</sat></trkpt>
  <trkpt lat="12.67389665" lon="77.96971474"><ele>651.766</ele><time>2026-02-23T07:24:24Z</time><speed>9.660</speed><sat>22</sat></trkpt>
  <trkpt lat="12.67384623" lon="77.96978333"><ele>651.881</ele><time>2026-02-23T07:24:25Z</time><speed>9.620</speed><sat>18</sat></trkpt>
  <trkpt lat="12.67379585" lon="77.96986099"><ele>651.421</ele><time>2026-02-23T07:24:26Z</time><speed>9.650</speed><sat>21</sat></trkpt>
  <trkpt lat="12.67374642" lon="77.96993655"><ele>651.282</ele><time>2026-02-23T07:24:27Z</time><speed>9.640</speed><sat>18</sat></trkpt>
  <trkpt lat="12.67369929" lon="77.97001036"><ele>650.649</ele><time>2026-02-23T07:24:28Z</time><speed>9.650</speed><sat>20</sat></trkpt>
  <trkpt lat="12.67365137" lon="77.97007917"><ele>650.879</ele><time>2026-02-23T07:24:29Z</time><speed>9.500</speed><sat>20</sat></trkpt>
  <trkpt lat="12.67360504" lon="77.97014968"><ele>650.959</ele><time>2026-02-23T07:24:30Z</time><speed>9.480</speed><sat>20</sat></trkpt>
  <trkpt lat="12.67355872" lon="77.97022273"><ele>651.781</ele><time>2026-02-23T07:24:31Z</time><speed>9.430</speed><sat>20</sat></trkpt>
  <trkpt lat="12.67351365" lon="77.97029980"><ele>651.704</ele><time>2026-02-23T07:24:32Z</time><speed>9.440</speed><sat>20</sat></trkpt>
  <trkpt lat="12.67346614" lon="77.97037353"><ele>652.688</ele><time>2026-02-23T07:24:33Z</time><speed>9.470</speed><sat>18</sat></trkpt>
  <trkpt lat="12.67341946" lon="77.97045192"><ele>652.860</ele><time>2026-02-23T07:24:34Z</time><speed>9.500</speed><sat>21</sat></trkpt>
  <trkpt lat="12.67338036" lon="77.97052838"><ele>652.571</ele><time>2026-02-23T07:24:35Z</time><speed>9.420</speed><sat>15</sat></trkpt>
  <trkpt lat="12.67333688" lon="77.97060377"><ele>652.978</ele><time>2026-02-23T07:24:36Z</time><speed>9.200</speed><sat>20</sat></trkpt>
  <trkpt lat="12.67329566" lon="77.97068151"><ele>653.059</ele><time>2026-02-23T07:24:37Z</time><speed>9.250</speed><sat>20</sat></trkpt>
  <trkpt lat="12.67324952" lon="77.97075528"><ele>652.629</ele><time>2026-02-23T07:24:38Z</time><speed>9.240</speed><sat>21</sat></trkpt>
  <trkpt lat="12.67320874" lon="77.97082877"><ele>652.983</ele><time>2026-02-23T07:24:39Z</time><speed>8.990</speed><sat>21</sat></trkpt>
  <trkpt lat="12.67316805" lon="77.97090482"><ele>653.042</ele><time>2026-02-23T07:24:40Z</time><speed>8.880</speed><sat>20</sat></trkpt>
  <trkpt lat="12.67312627" lon="77.97098318"><ele>651.939</ele><time>2026-02-23T07:24:41Z</time><speed>8.980</speed><sat>12</sat></trkpt>
  <trkpt lat="12.67309097" lon="77.97105610"><ele>651.851</ele><time>2026-02-23T07:24:42Z</time><speed>8.900</speed><sat>18</sat></trkpt>
  <trkpt lat="12.67305243" lon="77.97112536"><ele>651.990</ele><time>2026-02-23T07:24:43Z</time><speed>8.580</speed><sat>20</sat></trkpt>
  <trkpt lat="12.67301385" lon="77.97119535"><ele>652.459</ele><time>2026-02-23T07:24:44Z</time><speed>8.380</speed><sat>20</sat></trkpt>
  <trkpt lat="12.67297412" lon="77.97127177"><ele>652.323</ele><time>2026-02-23T07:24:45Z</time><speed>8.810</speed><sat>22</sat></trkpt>
  <trkpt lat="12.67294086" lon="77.97133756"><ele>652.139</ele><time>2026-02-23T07:24:46Z</time><speed>8.210</speed><sat>21</sat></trkpt>
  <trkpt lat="12.67290634" lon="77.97140500"><ele>652.421</ele><time>2026-02-23T07:24:47Z</time><speed>8.210</speed><sat>20</sat></trkpt>
  <trkpt lat="12.67286910" lon="77.97147307"><ele>652.658</ele><time>2026-02-23T07:24:48Z</time><speed>8.160</speed><sat>22</sat></trkpt>
  <trkpt lat="12.67283862" lon="77.97153531"><ele>653.070</ele><time>2026-02-23T07:24:49Z</time><speed>8.480</speed><sat>22</sat></trkpt>
  <trkpt lat="12.67280468" lon="77.97160316"><ele>654.297</ele><time>2026-02-23T07:24:50Z</time><speed>8.410</speed><sat>21</sat></trkpt>
  <trkpt lat="12.67277095" lon="77.97167365"><ele>654.992</ele><time>2026-02-23T07:24:51Z</time><speed>8.640</speed><sat>21</sat></trkpt>
  <trkpt lat="12.67273384" lon="77.97174705"><ele>654.877</ele><time>2026-02-23T07:24:52Z</time><speed>8.760</speed><sat>17</sat></trkpt>
  <trkpt lat="12.67269747" lon="77.97181587"><ele>656.171</ele><time>2026-02-23T07:24:53Z</time><speed>8.470</speed><sat>19</sat></trkpt>
  <trkpt lat="12.67266224" lon="77.97188081"><ele>657.126</ele><time>2026-02-23T07:24:54Z</time><speed>8.630</speed><sat>19</sat></trkpt>
  <trkpt lat="12.67262120" lon="77.97194702"><ele>657.790</ele><time>2026-02-23T07:24:55Z</time><speed>8.460</speed><sat>19</sat></trkpt>
  <trkpt lat="12.67259046" lon="77.97201519"><ele>658.793</ele><time>2026-02-23T07:24:56Z</time><speed>8.420</speed><sat>20</sat></trkpt>
  <trkpt lat="12.67256085" lon="77.97209734"><ele>659.362</ele><time>2026-02-23T07:24:57Z</time><speed>8.990</speed><sat>16</sat></trkpt>
  <trkpt lat="12.67252575" lon="77.97216464"><ele>660.049</ele><time>2026-02-23T07:24:58Z</time><speed>8.760</speed><sat>20</sat></trkpt>
  <trkpt lat="12.67248861" lon="77.97222910"><ele>658.793</ele><time>2026-02-23T07:24:59Z</time><speed>8.850</speed><sat>16</sat></trkpt>
  <trkpt lat="12.67244905" lon="77.97229764"><ele>659.071</ele><time>2026-02-23T07:25:00Z</time><speed>8.940</speed><sat>17</sat></trkpt>
  <trkpt lat="12.67241052" lon="77.97237216"><ele>659.095</ele><time>2026-02-23T07:25:01Z</time><speed>8.930</speed><sat>16</sat></trkpt>
  <trkpt lat="12.67237059" lon="77.97244821"><ele>659.318</ele><time>2026-02-23T07:25:02Z</time><speed>8.900</speed><sat>17</sat></trkpt>
  <trkpt lat="12.67233018" lon="77.97250518"><ele>657.637</ele><time>2026-02-23T07:25:03Z</time><speed>8.790</speed><sat>19</sat></trkpt>
  <trkpt lat="12.67229267" lon="77.97256971"><ele>657.628</ele><time>2026-02-23T07:25:04Z</time><speed>8.690</speed><sat>18</sat></trkpt>
  <trkpt lat="12.67225902" lon="77.97263855"><ele>658.131</ele><time>2026-02-23T07:25:05Z</time><speed>8.520</speed><sat>20</sat></trkpt>
  <trkpt lat="12.67222309" lon="77.97270390"><ele>656.948</ele><time>2026-02-23T07:25:06Z</time><speed>8.500</speed><sat>18</sat></trkpt>
  <trkpt lat="12.67218574" lon="77.97277423"><ele>656.773</ele><time>2026-02-23T07:25:07Z</time><speed>8.470</speed><sat>18</sat></trkpt>
  <trkpt lat="12.67214263" lon="77.97284749"><ele>656.956</ele><time>2026-02-23T07:25:08Z</time><speed>8.720</speed><sat>19</sat></trkpt>
  <trkpt lat="12.67210063" lon="77.97291709"><ele>657.180</ele><time>2026-02-23T07:25:09Z</time><speed>8.970</speed><sat>18</sat></trkpt>
  <trkpt lat="12.67206461" lon="77.97298977"><ele>656.568</ele><time>2026-02-23T07:25:10Z</time><speed>9.240</speed><sat>18</sat></trkpt>
  <trkpt lat="12.67201909" lon="77.97306499"><ele>656.545</ele><time>2026-02-23T07:25:11Z</time><speed>9.190</speed><sat>18</sat></trkpt>
  <trkpt lat="12.67198478" lon="77.97314326"><ele>656.510</ele><time>2026-02-23T07:25:12Z</time><speed>9.270</speed><sat>18</sat></trkpt>
  <trkpt lat="12.67194137" lon="77.97321392"><ele>655.145</ele><time>2026-02-23T07:25:13Z</time><speed>9.430</speed><sat>17</sat></trkpt>
  <trkpt lat="12.67189773" lon="77.97329081"><ele>654.329</ele><time>2026-02-23T07:25:14Z</time><speed>9.480</speed><sat>19</sat></trkpt>
  <trkpt lat="12.67185752" lon="77.97336986"><ele>653.852</ele><time>2026-02-23T07:25:15Z</time><speed>9.500</speed><sat>18</sat></trkpt>
  <trkpt lat="12.67181831" lon="77.97345259"><ele>654.158</ele><time>2026-02-23T07:25:16Z</time><speed>9.650</speed><sat>18</sat></trkpt>
  <trkpt lat="12.67178196" lon="77.97353925"><ele>654.232</ele><time>2026-02-23T07:25:17Z</time><speed>9.760</speed><sat>15</sat></trkpt>
  <trkpt lat="12.67174955" lon="77.97361876"><ele>654.237</ele><time>2026-02-23T07:25:18Z</time><speed>9.820</speed><sat>18</sat></trkpt>
  <trkpt lat="12.67171497" lon="77.97370213"><ele>654.047</ele><time>2026-02-23T07:25:19Z</time><speed>9.820</speed><sat>16</sat></trkpt>
  <trkpt lat="12.67166708" lon="77.97378161"><ele>652.167</ele><time>2026-02-23T07:25:20Z</time><speed>9.840</speed><sat>21</sat></trkpt>
  <trkpt lat="12.67163671" lon="77.97386435"><ele>652.296</ele><time>2026-02-23T07:25:21Z</time><speed>10.040</speed><sat>20</sat></trkpt>
  <trkpt lat="12.67160757" lon="77.97396416"><ele>650.757</ele><time>2026-02-23T07:25:22Z</time><speed>10.270</speed><sat>21</sat></trkpt>
  <trkpt lat="12.67157743" lon="77.97405752"><ele>650.817</ele><time>2026-02-23T07:25:23Z</time><speed>10.340</speed><sat>20</sat></trkpt>
  <trkpt lat="12.67154848" lon="77.97414587"><ele>649.981</ele><time>2026-02-23T07:25:24Z</time><speed>10.250</speed><sat>20</sat></trkpt>
  <trkpt lat="12.67152300" lon="77.97423529"><ele>650.079</ele><time>2026-02-23T07:25:25Z</time><speed>10.180</speed><sat>19</sat></trkpt>
  <trkpt lat="12.67149019" lon="77.97430661"><ele>649.490</ele><time>2026-02-23T07:25:26Z</time><speed>10.210</speed><sat>19</sat></trkpt>
  <trkpt lat="12.67146465" lon="77.97440001"><ele>649.749</ele><time>2026-02-23T07:25:27Z</time><speed>10.190</speed><sat>20</sat></trkpt>
  <trkpt lat="12.67144390" lon="77.97448919"><ele>649.299</ele><time>2026-02-23T07:25:28Z</time><speed>9.990</speed><sat>23</sat></trkpt>
  <trkpt lat="12.67142616" lon="77.97458329"><ele>649.582</ele><time>2026-02-23T07:25:29Z</time><speed>10.060</speed><sat>23</sat></trkpt>
  <trkpt lat="12.67141052" lon="77.97468342"><ele>647.198</ele><time>2026-02-23T07:25:30Z</time><speed>10.020</speed><sat>22</sat></trkpt>
  <trkpt lat="12.67140693" lon="77.97477144"><ele>647.777</ele><time>2026-02-23T07:25:31Z</time><speed>9.840</speed><sat>21</sat></trkpt>
  <trkpt lat="12.67139889" lon="77.97487634"><ele>647.114</ele><time>2026-02-23T07:25:32Z</time><speed>9.800</speed><sat>19</sat></trkpt>
  <trkpt lat="12.67138922" lon="77.97496548"><ele>646.705</ele><time>2026-02-23T07:25:33Z</time><speed>9.370</speed><sat>21</sat></trkpt>
  <trkpt lat="12.67138081" lon="77.97505002"><ele>646.563</ele><time>2026-02-23T07:25:34Z</time><speed>9.070</speed><sat>20</sat></trkpt>
  <trkpt lat="12.67138322" lon="77.97513038"><ele>646.026</ele><time>2026-02-23T07:25:35Z</time><speed>8.900</speed><sat>17</sat></trkpt>
  <trkpt lat="12.67138367" lon="77.97520768"><ele>645.930</ele><time>2026-02-23T07:25:36Z</time><speed>8.680</speed><sat>18</sat></trkpt>
  <trkpt lat="12.67138212" lon="77.97528599"><ele>645.747</ele><time>2026-02-23T07:25:37Z</time><speed>8.610</speed><sat>17</sat></trkpt>
  <trkpt lat="12.67138366" lon="77.97536586"><ele>644.967</ele><time>2026-02-23T07:25:38Z</time><speed>8.580</speed><sat>17</sat></trkpt>
  <trkpt lat="12.67136901" lon="77.97544270"><ele>645.619</ele><time>2026-02-23T07:25:39Z</time><speed>8.500</speed><sat>19</sat></trkpt>
  <trkpt lat="12.67136787" lon="77.97552534"><ele>645.639</ele><time>2026-02-23T07:25:40Z</time><speed>8.350</speed><sat>20</sat></trkpt>
  <trkpt lat="12.67136791" lon="77.97561429"><ele>644.102</ele><time>2026-02-23T07:25:41Z</time><speed>8.460</speed><sat>20</sat></trkpt>
  <trkpt lat="12.67136800" lon="77.97569917"><ele>643.100</ele><time>2026-02-23T07:25:42Z</time><speed>8.320</speed><sat>17</sat></trkpt>
  <trkpt lat="12.67137619" lon="77.97576764"><ele>642.597</ele><time>2026-02-23T07:25:43Z</time><speed>8.500</speed><sat>17</sat></trkpt>
  <trkpt lat="12.67137051" lon="77.97583426"><ele>641.459</ele><time>2026-02-23T07:25:44Z</time><speed>8.880</speed><sat>19</sat></trkpt>
  <trkpt lat="12.67137243" lon="77.97592398"><ele>640.660</ele><time>2026-02-23T07:25:45Z</time><speed>9.130</speed><sat>17</sat></trkpt>
  <trkpt lat="12.67137576" lon="77.97600830"><ele>640.553</ele><time>2026-02-23T07:25:46Z</time><speed>8.990</speed><sat>20</sat></trkpt>
  <trkpt lat="12.67137826" lon="77.97610051"><ele>640.190</ele><time>2026-02-23T07:25:47Z</time><speed>9.150</speed><sat>21</sat></trkpt>
  <trkpt lat="12.67138540" lon="77.97618624"><ele>640.078</ele><time>2026-02-23T07:25:48Z</time><speed>9.030</speed><sat>21</sat></trkpt>
  <trkpt lat="12.67138562" lon="77.97626492"><ele>640.685</ele><time>2026-02-23T07:25:49Z</time><speed>8.590</speed><sat>20</sat></trkpt>
  <trkpt lat="12.67138888" lon="77.97634609"><ele>641.048</ele><time>2026-02-23T07:25:50Z</time><speed>8.740</speed><sat>20</sat></trkpt>
  <trkpt lat="12.67140028" lon="77.97643193"><ele>641.040</ele><time>2026-02-23T07:25:51Z</time><speed>8.950</speed><sat>18</sat></trkpt>
  <trkpt lat="12.67140502" lon="77.97651667"><ele>641.038</ele><time>2026-02-23T07:25:52Z</time><speed>9.300</speed><sat>17</sat></trkpt>
  <trkpt lat="12.67140741" lon="77.97659955"><ele>641.046</ele><time>2026-02-23T07:25:53Z</time><speed>9.350</speed><sat>18</sat></trkpt>
  <trkpt lat="12.67140880" lon="77.97668540"><ele>639.958</ele><time>2026-02-23T07:25:54Z</time><speed>9.680</speed><sat>18</sat></trkpt>
  <trkpt lat="12.67141298" lon="77.97677202"><ele>639.664</ele><time>2026-02-23T07:25:55Z</time><speed>9.600</speed><sat>20</sat></trkpt>
  <trkpt lat="12.67141822" lon="77.97684866"><ele>639.592</ele><time>2026-02-23T07:25:56Z</time><speed>9.640</speed><sat>18</sat></trkpt>
  <trkpt lat="12.67142435" lon="77.97693531"><ele>639.745</ele><time>2026-02-23T07:25:57Z</time><speed>9.610</speed><sat>19</sat></trkpt>
  <trkpt lat="12.67142837" lon="77.97702390"><ele>639.586</ele><time>2026-02-23T07:25:58Z</time><speed>9.730</speed><sat>17</sat></trkpt>
  <trkpt lat="12.67143003" lon="77.97711341"><ele>639.415</ele><time>2026-02-23T07:25:59Z</time><speed>9.470</speed><sat>18</sat></trkpt>
  <trkpt lat="12.67142875" lon="77.97719886"><ele>638.521</ele><time>2026-02-23T07:26:00Z</time><speed>9.460</speed><sat>18</sat></trkpt>
  <trkpt lat="12.67143396" lon="77.97729430"><ele>638.311</ele><time>2026-02-23T07:26:01Z</time><speed>9.350</speed><sat>20</sat></trkpt>
  <trkpt lat="12.67143604" lon="77.97738659"><ele>637.714</ele><time>2026-02-23T07:26:02Z</time><speed>9.190</speed><sat>17</sat></trkpt>
  <trkpt lat="12.67143214" lon="77.97748151"><ele>636.456</ele><time>2026-02-23T07:26:03Z</time><speed>9.080</speed><sat>17</sat></trkpt>
  <trkpt lat="12.67142819" lon="77.97756639"><ele>634.815</ele><time>2026-02-23T07:26:04Z</time><speed>8.770</speed><sat>19</sat></trkpt>
  <trkpt lat="12.67142787" lon="77.97765517"><ele>635.523</ele><time>2026-02-23T07:26:05Z</time><speed>8.910</speed><sat>16</sat></trkpt>
  <trkpt lat="12.67143131" lon="77.97773578"><ele>636.092</ele><time>2026-02-23T07:26:06Z</time><speed>8.860</speed><sat>19</sat></trkpt>
  <trkpt lat="12.67143234" lon="77.97780964"><ele>636.276</ele><time>2026-02-23T07:26:07Z</time><speed>9.050</speed><sat>19</sat></trkpt>
  <trkpt lat="12.67143451" lon="77.97790516"><ele>636.740</ele><time>2026-02-23T07:26:08Z</time><speed>9.150</speed><sat>19</sat></trkpt>
  <trkpt lat="12.67144013" lon="77.97798565"><ele>637.467</ele><time>2026-02-23T07:26:09Z</time><speed>9.050</speed><sat>16</sat></trkpt>
  <trkpt lat="12.67144658" lon="77.97806527"><ele>637.255</ele><time>2026-02-23T07:26:10Z</time><speed>8.840</speed><sat>19</sat></trkpt>
  <trkpt lat="12.67144551" lon="77.97814822"><ele>637.714</ele><time>2026-02-23T07:26:11Z</time><speed>8.740</speed><sat>17</sat></trkpt>
  <trkpt lat="12.67144805" lon="77.97823643"><ele>637.912</ele><time>2026-02-23T07:26:12Z</time><speed>8.520</speed><sat>15</sat></trkpt>
  <trkpt lat="12.67145185" lon="77.97831621"><ele>638.223</ele><time>2026-02-23T07:26:13Z</time><speed>8.640</speed><sat>17</sat></trkpt>
  <trkpt lat="12.67145553" lon="77.97839099"><ele>640.384</ele><time>2026-02-23T07:26:14Z</time><speed>8.690</speed><sat>15</sat></trkpt>
  <trkpt lat="12.67145778" lon="77.97847890"><ele>640.643</ele><time>2026-02-23T07:26:15Z</time><speed>8.780</speed><sat>18</sat></trkpt>
  <trkpt lat="12.67146169" lon="77.97855190"><ele>640.493</ele><time>2026-02-23T07:26:16Z</time><speed>8.830</speed><sat>20</sat></trkpt>
  <trkpt lat="12.67146970" lon="77.97862786"><ele>640.489</ele><time>2026-02-23T07:26:17Z</time><speed>8.740</speed><sat>20</sat></trkpt>
  <trkpt lat="12.67146988" lon="77.97870633"><ele>642.226</ele><time>2026-02-23T07:26:18Z</time><speed>8.880</speed><sat>20</sat></trkpt>
  <trkpt lat="12.67147431" lon="77.97878186"><ele>643.187</ele><time>2026-02-23T07:26:19Z</time><speed>8.990</speed><sat>17</sat></trkpt>
  <trkpt lat="12.67148166" lon="77.97885865"><ele>643.484</ele><time>2026-02-23T07:26:20Z</time><speed>9.040</speed><sat>20</sat></trkpt>
  <trkpt lat="12.67147758" lon="77.97893818"><ele>644.014</ele><time>2026-02-23T07:26:21Z</time><speed>9.130</speed><sat>18</sat></trkpt>
  <trkpt lat="12.67148269" lon="77.97902411"><ele>644.490</ele><time>2026-02-23T07:26:22Z</time><speed>9.210</speed><sat>19</sat></trkpt>
  <trkpt lat="12.67148399" lon="77.97910967"><ele>644.676</ele><time>2026-02-23T07:26:23Z</time><speed>9.290</speed><sat>18</sat></trkpt>
  <trkpt lat="12.67148513" lon="77.97919792"><ele>644.867</ele><time>2026-02-23T07:26:24Z</time><speed>9.240</speed><sat>20</sat></trkpt>
  <trkpt lat="12.67148776" lon="77.97928593"><ele>645.197</ele><time>2026-02-23T07:26:25Z</time><speed>9.470</speed><sat>20</sat></trkpt>
  <trkpt lat="12.67148967" lon="77.97937202"><ele>645.724</ele><time>2026-02-23T07:26:26Z</time><speed>9.330</speed><sat>20</sat></trkpt>
  <trkpt lat="12.67149586" lon="77.97945608"><ele>646.052</ele><time>2026-02-23T07:26:27Z</time><speed>9.090</speed><sat>20</sat></trkpt>
  <trkpt lat="12.67149937" lon="77.97954032"><ele>645.918</ele><time>2026-02-23T07:26:28Z</time><speed>9.220</speed><sat>19</sat></trkpt>
  <trkpt lat="12.67150503" lon="77.97962301"><ele>645.662</ele><time>2026-02-23T07:26:29Z</time><speed>9.190</speed><sat>19</sat></trkpt>
  <trkpt lat="12.67151416" lon="77.97970713"><ele>645.453</ele><time>2026-02-23T07:26:30Z</time><speed>9.090</speed><sat>18</sat></trkpt>
  <trkpt lat="12.67152103" lon="77.97979167"><ele>645.256</ele><time>2026-02-23T07:26:31Z</time><speed>9.030</speed><sat>20</sat></trkpt>
  <trkpt lat="12.67152165" lon="77.97987565"><ele>644.676</ele><time>2026-02-23T07:26:32Z</time><speed>9.110</speed><sat>15</sat></trkpt>
  <trkpt lat="12.67152651" lon="77.97995587"><ele>644.867</ele><time>2026-02-23T07:26:33Z</time><speed>9.010</speed><sat>19</sat></trkpt>
  <trkpt lat="12.67152579" lon="77.98003839"><ele>644.815</ele><time>2026-02-23T07:26:34Z</time><speed>8.890</speed><sat>21</sat></trkpt>
  <trkpt lat="12.67152747" lon="77.98011096"><ele>645.007</ele><time>2026-02-23T07:26:35Z</time><speed>8.660</speed><sat>19</sat></trkpt>
  <trkpt lat="12.67152938" lon="77.98019203"><ele>644.922</ele><time>2026-02-23T07:26:36Z</time><speed>8.980</speed><sat>20</sat></trkpt>
  <trkpt lat="12.67153377" lon="77.98027987"><ele>644.087</ele><time>2026-02-23T07:26:37Z</time><speed>9.040</speed><sat>20</sat></trkpt>
  <trkpt lat="12.67153809" lon="77.98037084"><ele>645.023</ele><time>2026-02-23T07:26:38Z</time><speed>9.260</speed><sat>17</sat></trkpt>
  <trkpt lat="12.67154646" lon="77.98044149"><ele>641.453</ele><time>2026-02-23T07:26:39Z</time><speed>8.970</speed><sat>16</sat></trkpt>
  <trkpt lat="12.67155261" lon="77.98052884"><ele>640.898</ele><time>2026-02-23T07:26:40Z</time><speed>9.020</speed><sat>17</sat></trkpt>
  <trkpt lat="12.67155126" lon="77.98062367"><ele>639.572</ele><time>2026-02-23T07:26:41Z</time><speed>9.230</speed><sat>15</sat></trkpt>
  <trkpt lat="12.67154921" lon="77.98070629"><ele>639.677</ele><time>2026-02-23T07:26:42Z</time><speed>9.410</speed><sat>20</sat></trkpt>
  <trkpt lat="12.67155512" lon="77.98079165"><ele>639.768</ele><time>2026-02-23T07:26:43Z</time><speed>9.350</speed><sat>17</sat></trkpt>
  <trkpt lat="12.67155836" lon="77.98088713"><ele>638.929</ele><time>2026-02-23T07:26:44Z</time><speed>9.460</speed><sat>21</sat></trkpt>
  <trkpt lat="12.67156629" lon="77.98097328"><ele>638.649</ele><time>2026-02-23T07:26:45Z</time><speed>9.510</speed><sat>22</sat></trkpt>
  <trkpt lat="12.67157122" lon="77.98106262"><ele>639.092</ele><time>2026-02-23T07:26:46Z</time><speed>9.760</speed><sat>21</sat></trkpt>
  <trkpt lat="12.67157457" lon="77.98115332"><ele>637.724</ele><time>2026-02-23T07:26:47Z</time><speed>9.930</speed><sat>20</sat></trkpt>
  <trkpt lat="12.67157249" lon="77.98124675"><ele>638.100</ele><time>2026-02-23T07:26:48Z</time><speed>10.020</speed><sat>18</sat></trkpt>
  <trkpt lat="12.67157604" lon="77.98133506"><ele>639.471</ele><time>2026-02-23T07:26:49Z</time><speed>10.140</speed><sat>20</sat></trkpt>
  <trkpt lat="12.67157581" lon="77.98143803"><ele>638.783</ele><time>2026-02-23T07:26:50Z</time><speed>10.300</speed><sat>19</sat></trkpt>
  <trkpt lat="12.67156420" lon="77.98152907"><ele>638.610</ele><time>2026-02-23T07:26:51Z</time><speed>10.340</speed><sat>20</sat></trkpt>
  <trkpt lat="12.67156081" lon="77.98162243"><ele>638.090</ele><time>2026-02-23T07:26:52Z</time><speed>10.290</speed><sat>20</sat></trkpt>
  <trkpt lat="12.67155491" lon="77.98171690"><ele>637.689</ele><time>2026-02-23T07:26:53Z</time><speed>10.340</speed><sat>19</sat></trkpt>
  <trkpt lat="12.67154728" lon="77.98180872"><ele>638.457</ele><time>2026-02-23T07:26:54Z</time><speed>10.370</speed><sat>21</sat></trkpt>
  <trkpt lat="12.67153545" lon="77.98190366"><ele>639.015</ele><time>2026-02-23T07:26:55Z</time><speed>10.410</speed><sat>19</sat></trkpt>
  <trkpt lat="12.67151930" lon="77.98199786"><ele>639.381</ele><time>2026-02-23T07:26:56Z</time><speed>10.440</speed><sat>19</sat></trkpt>
  <trkpt lat="12.67149936" lon="77.98209205"><ele>639.545</ele><time>2026-02-23T07:26:57Z</time><speed>10.260</speed><sat>18</sat></trkpt>
  <trkpt lat="12.67148064" lon="77.98218806"><ele>639.451</ele><time>2026-02-23T07:26:58Z</time><speed>10.380</speed><sat>18</sat></trkpt>
  <trkpt lat="12.67145670" lon="77.98228371"><ele>639.400</ele><time>2026-02-23T07:26:59Z</time><speed>10.440</speed><sat>20</sat></trkpt>
  <trkpt lat="12.67143362" lon="77.98237026"><ele>640.992</ele><time>2026-02-23T07:27:00Z</time><speed>10.290</speed><sat>20</sat></trkpt>
  <trkpt lat="12.67140122" lon="77.98246349"><ele>641.830</ele><time>2026-02-23T07:27:01Z</time><speed>10.130</speed><sat>17</sat></trkpt>
  <trkpt lat="12.67137835" lon="77.98255230"><ele>642.343</ele><time>2026-02-23T07:27:02Z</time><speed>10.060</speed><sat>18</sat></trkpt>
  <trkpt lat="12.67135108" lon="77.98262141"><ele>642.391</ele><time>2026-02-23T07:27:03Z</time><speed>9.980</speed><sat>19</sat></trkpt>
  <trkpt lat="12.67131463" lon="77.98269117"><ele>641.072</ele><time>2026-02-23T07:27:04Z</time><speed>9.710</speed><sat>20</sat></trkpt>
  <trkpt lat="12.67129302" lon="77.98279186"><ele>641.587</ele><time>2026-02-23T07:27:05Z</time><speed>9.910</speed><sat>12</sat></trkpt>
  <trkpt lat="12.67126753" lon="77.98287232"><ele>641.730</ele><time>2026-02-23T07:27:06Z</time><speed>9.640</speed><sat>20</sat></trkpt>
  <trkpt lat="12.67124104" lon="77.98295645"><ele>641.761</ele><time>2026-02-23T07:27:07Z</time><speed>9.600</speed><sat>20</sat></trkpt>
  <trkpt lat="12.67120900" lon="77.98302463"><ele>643.051</ele><time>2026-02-23T07:27:08Z</time><speed>9.110</speed><sat>17</sat></trkpt>
  <trkpt lat="12.67119005" lon="77.98309999"><ele>642.479</ele><time>2026-02-23T07:27:09Z</time><speed>9.260</speed><sat>20</sat></trkpt>
  <trkpt lat="12.67116841" lon="77.98318126"><ele>642.654</ele><time>2026-02-23T07:27:10Z</time><speed>9.280</speed><sat>23</sat></trkpt>
  <trkpt lat="12.67114575" lon="77.98325848"><ele>643.132</ele><time>2026-02-23T07:27:11Z</time><speed>8.750</speed><sat>21</sat></trkpt>
  <trkpt lat="12.67112516" lon="77.98332470"><ele>643.058</ele><time>2026-02-23T07:27:12Z</time><speed>8.590</speed><sat>17</sat></trkpt>
  <trkpt lat="12.67110246" lon="77.98340576"><ele>643.805</ele><time>2026-02-23T07:27:13Z</time><speed>8.400</speed><sat>20</sat></trkpt>
  <trkpt lat="12.67108407" lon="77.98348082"><ele>643.099</ele><time>2026-02-23T07:27:14Z</time><speed>8.260</speed><sat>22</sat></trkpt>
  <trkpt lat="12.67106276" lon="77.98355053"><ele>644.288</ele><time>2026-02-23T07:27:15Z</time><speed>8.070</speed><sat>21</sat></trkpt>
  <trkpt lat="12.67103917" lon="77.98362082"><ele>644.533</ele><time>2026-02-23T07:27:16Z</time><speed>8.060</speed><sat>21</sat></trkpt>
  <trkpt lat="12.67101309" lon="77.98370332"><ele>645.473</ele><time>2026-02-23T07:27:17Z</time><speed>8.670</speed><sat>16</sat></trkpt>
  <trkpt lat="12.67098763" lon="77.98378121"><ele>645.900</ele><time>2026-02-23T07:27:18Z</time><speed>9.040</speed><sat>19</sat></trkpt>
  <trkpt lat="12.67096006" lon="77.98385585"><ele>646.008</ele><time>2026-02-23T07:27:19Z</time><speed>9.140</speed><sat>14</sat></trkpt>
  <trkpt lat="12.67092679" lon="77.98393379"><ele>646.665</ele><time>2026-02-23T07:27:20Z</time><speed>9.240</speed><sat>18</sat></trkpt>
  <trkpt lat="12.67089592" lon="77.98401136"><ele>648.045</ele><time>2026-02-23T07:27:21Z</time><speed>9.400</speed><sat>19</sat></trkpt>
  <trkpt lat="12.67086415" lon="77.98408982"><ele>649.609</ele><time>2026-02-23T07:27:22Z</time><speed>9.300</speed><sat>18</sat></trkpt>
  <trkpt lat="12.67083601" lon="77.98417029"><ele>649.163</ele><time>2026-02-23T07:27:23Z</time><speed>9.250</speed><sat>15</sat></trkpt>
  <trkpt lat="12.67080991" lon="77.98425119"><ele>649.135</ele><time>2026-02-23T07:27:24Z</time><speed>9.240</speed><sat>15</sat></trkpt>
  <trkpt lat="12.67079652" lon="77.98433343"><ele>649.447</ele><time>2026-02-23T07:27:25Z</time><speed>9.180</speed><sat>16</sat></trkpt>
  <trkpt lat="12.67077586" lon="77.98441333"><ele>651.493</ele><time>2026-02-23T07:27:26Z</time><speed>9.260</speed><sat>19</sat></trkpt>
  <trkpt lat="12.67075092" lon="77.98449878"><ele>650.921</ele><time>2026-02-23T07:27:27Z</time><speed>9.620</speed><sat>17</sat></trkpt>
  <trkpt lat="12.67072752" lon="77.98459351"><ele>650.927</ele><time>2026-02-23T07:27:28Z</time><speed>9.770</speed><sat>18</sat></trkpt>
  <trkpt lat="12.67069861" lon="77.98467273"><ele>651.667</ele><time>2026-02-23T07:27:29Z</time><speed>9.980</speed><sat>19</sat></trkpt>
  <trkpt lat="12.67067202" lon="77.98475802"><ele>651.676</ele><time>2026-02-23T07:27:30Z</time><speed>10.000</speed><sat>20</sat></trkpt>
  <trkpt lat="12.67063977" lon="77.98484815"><ele>651.398</ele><time>2026-02-23T07:27:31Z</time><speed>10.060</speed><sat>19</sat></trkpt>
  <trkpt lat="12.67060778" lon="77.98493524"><ele>651.235</ele><time>2026-02-23T07:27:32Z</time><speed>10.170</speed><sat>20</sat></trkpt>
  <trkpt lat="12.67057934" lon="77.98502749"><ele>651.180</ele><time>2026-02-23T07:27:33Z</time><speed>10.220</speed><sat>19</sat></trkpt>
  <trkpt lat="12.67054885" lon="77.98511239"><ele>651.153</ele><time>2026-02-23T07:27:34Z</time><speed>10.150</speed><sat>20</sat></trkpt>
  <trkpt lat="12.67052622" lon="77.98520183"><ele>651.079</ele><time>2026-02-23T07:27:35Z</time><speed>10.050</speed><sat>23</sat></trkpt>
  <trkpt lat="12.67049792" lon="77.98528874"><ele>651.641</ele><time>2026-02-23T07:27:36Z</time><speed>10.010</speed><sat>20</sat></trkpt>
  <trkpt lat="12.67046691" lon="77.98537324"><ele>651.743</ele><time>2026-02-23T07:27:37Z</time><speed>9.780</speed><sat>21</sat></trkpt>
  <trkpt lat="12.67043718" lon="77.98546023"><ele>651.272</ele><time>2026-02-23T07:27:38Z</time><speed>9.970</speed><sat>15</sat></trkpt>
  <trkpt lat="12.67040795" lon="77.98554949"><ele>652.509</ele><time>2026-02-23T07:27:39Z</time><speed>10.130</speed><sat>23</sat></trkpt>
  <trkpt lat="12.67037055" lon="77.98563698"><ele>652.959</ele><time>2026-02-23T07:27:40Z</time><speed>10.000</speed><sat>23</sat></trkpt>
  <trkpt lat="12.67034547" lon="77.98572102"><ele>653.068</ele><time>2026-02-23T07:27:41Z</time><speed>10.150</speed><sat>23</sat></trkpt>
  <trkpt lat="12.67031605" lon="77.98581209"><ele>652.687</ele><time>2026-02-23T07:27:42Z</time><speed>10.110</speed><sat>22</sat></trkpt>
  <trkpt lat="12.67029278" lon="77.98590317"><ele>652.322</ele><time>2026-02-23T07:27:43Z</time><speed>10.250</speed><sat>20</sat></trkpt>
  <trkpt lat="12.67026284" lon="77.98599498"><ele>651.984</ele><time>2026-02-23T07:27:44Z</time><speed>10.350</speed><sat>23</sat></trkpt>
  <trkpt lat="12.67023811" lon="77.98609065"><ele>651.866</ele><time>2026-02-23T07:27:45Z</time><speed>10.270</speed><sat>24</sat></trkpt>
  <trkpt lat="12.67020956" lon="77.98618096"><ele>651.194</ele><time>2026-02-23T07:27:46Z</time><speed>10.170</speed><sat>22</sat></trkpt>
  <trkpt lat="12.67018279" lon="77.98626843"><ele>650.679</ele><time>2026-02-23T07:27:47Z</time><speed>10.200</speed><sat>21</sat></trkpt>
  <trkpt lat="12.67015702" lon="77.98635341"><ele>650.131</ele><time>2026-02-23T07:27:48Z</time><speed>10.230</speed><sat>22</sat></trkpt>
  <trkpt lat="12.67012421" lon="77.98644484"><ele>648.975</ele><time>2026-02-23T07:27:49Z</time><speed>10.340</speed><sat>24</sat></trkpt>
  <trkpt lat="12.67009504" lon="77.98653700"><ele>647.926</ele><time>2026-02-23T07:27:50Z</time><speed>10.460</speed><sat>20</sat></trkpt>
  <trkpt lat="12.67006106" lon="77.98662014"><ele>646.730</ele><time>2026-02-23T07:27:51Z</time><speed>10.550</speed><sat>23</sat></trkpt>
  <trkpt lat="12.67003201" lon="77.98670960"><ele>645.903</ele><time>2026-02-23T07:27:52Z</time><speed>10.610</speed><sat>21</sat></trkpt>
  <trkpt lat="12.67000311" lon="77.98679722"><ele>645.169</ele><time>2026-02-23T07:27:53Z</time><speed>10.620</speed><sat>20</sat></trkpt>
  <trkpt lat="12.66996401" lon="77.98689215"><ele>644.343</ele><time>2026-02-23T07:27:54Z</time><speed>10.790</speed><sat>22</sat></trkpt>
  <trkpt lat="12.66992899" lon="77.98698773"><ele>643.701</ele><time>2026-02-23T07:27:55Z</time><speed>10.630</speed><sat>23</sat></trkpt>
  <trkpt lat="12.66989783" lon="77.98706951"><ele>643.127</ele><time>2026-02-23T07:27:56Z</time><speed>10.560</speed><sat>23</sat></trkpt>
  <trkpt lat="12.66986464" lon="77.98716161"><ele>643.081</ele><time>2026-02-23T07:27:57Z</time><speed>10.720</speed><sat>20</sat></trkpt>
  <trkpt lat="12.66982744" lon="77.98725214"><ele>642.315</ele><time>2026-02-23T07:27:58Z</time><speed>10.640</speed><sat>21</sat></trkpt>
  <trkpt lat="12.66979623" lon="77.98734243"><ele>641.828</ele><time>2026-02-23T07:27:59Z</time><speed>10.570</speed><sat>21</sat></trkpt>
  <trkpt lat="12.66976405" lon="77.98743440"><ele>641.385</ele><time>2026-02-23T07:28:00Z</time><speed>10.400</speed><sat>20</sat></trkpt>
  <trkpt lat="12.66972763" lon="77.98752907"><ele>640.830</ele><time>2026-02-23T07:28:01Z</time><speed>10.420</speed><sat>19</sat></trkpt>
  <trkpt lat="12.66969249" lon="77.98761652"><ele>640.597</ele><time>2026-02-23T07:28:02Z</time><speed>10.330</speed><sat>21</sat></trkpt>
  <trkpt lat="12.66966244" lon="77.98770893"><ele>640.200</ele><time>2026-02-23T07:28:03Z</time><speed>10.120</speed><sat>24</sat></trkpt>
  <trkpt lat="12.66962749" lon="77.98779789"><ele>640.135</ele><time>2026-02-23T07:28:04Z</time><speed>9.970</speed><sat>24</sat></trkpt>
  <trkpt lat="12.66959685" lon="77.98788381"><ele>639.729</ele><time>2026-02-23T07:28:05Z</time><speed>10.010</speed><sat>22</sat></trkpt>
  <trkpt lat="12.66956342" lon="77.98797087"><ele>639.580</ele><time>2026-02-23T07:28:06Z</time><speed>9.970</speed><sat>22</sat></trkpt>
  <trkpt lat="12.66953658" lon="77.98806074"><ele>638.515</ele><time>2026-02-23T07:28:07Z</time><speed>10.020</speed><sat>23</sat></trkpt>
  <trkpt lat="12.66950762" lon="77.98814575"><ele>638.212</ele><time>2026-02-23T07:28:08Z</time><speed>9.960</speed><sat>20</sat></trkpt>
  <trkpt lat="12.66947391" lon="77.98823164"><ele>637.927</ele><time>2026-02-23T07:28:09Z</time><speed>9.830</speed><sat>21</sat></trkpt>
  <trkpt lat="12.66944367" lon="77.98831884"><ele>637.469</ele><time>2026-02-23T07:28:10Z</time><speed>9.660</speed><sat>22</sat></trkpt>
  <trkpt lat="12.66940948" lon="77.98840264"><ele>637.358</ele><time>2026-02-23T07:28:11Z</time><speed>9.730</speed><sat>22</sat></trkpt>
  <trkpt lat="12.66937688" lon="77.98848586"><ele>636.859</ele><time>2026-02-23T07:28:12Z</time><speed>9.650</speed><sat>22</sat></trkpt>
  <trkpt lat="12.66934581" lon="77.98856522"><ele>636.391</ele><time>2026-02-23T07:28:13Z</time><speed>9.710</speed><sat>24</sat></trkpt>
  <trkpt lat="12.66931066" lon="77.98864599"><ele>636.042</ele><time>2026-02-23T07:28:14Z</time><speed>9.780</speed><sat>21</sat></trkpt>
  <trkpt lat="12.66927689" lon="77.98872594"><ele>634.496</ele><time>2026-02-23T07:28:15Z</time><speed>9.630</speed><sat>22</sat></trkpt>
  <trkpt lat="12.66924570" lon="77.98880958"><ele>634.225</ele><time>2026-02-23T07:28:16Z</time><speed>9.450</speed><sat>21</sat></trkpt>
  <trkpt lat="12.66921132" lon="77.98888968"><ele>634.645</ele><time>2026-02-23T07:28:17Z</time><speed>9.450</speed><sat>21</sat></trkpt>
  <trkpt lat="12.66917896" lon="77.98897446"><ele>634.894</ele><time>2026-02-23T07:28:18Z</time><speed>9.570</speed><sat>19</sat></trkpt>
  <trkpt lat="12.66915261" lon="77.98905803"><ele>634.326</ele><time>2026-02-23T07:28:19Z</time><speed>9.530</speed><sat>21</sat></trkpt>
  <trkpt lat="12.66912487" lon="77.98914072"><ele>634.332</ele><time>2026-02-23T07:28:20Z</time><speed>9.580</speed><sat>22</sat></trkpt>
  <trkpt lat="12.66909427" lon="77.98922255"><ele>634.526</ele><time>2026-02-23T07:28:21Z</time><speed>9.550</speed><sat>22</sat></trkpt>
  <trkpt lat="12.66906717" lon="77.98930617"><ele>634.389</ele><time>2026-02-23T07:28:22Z</time><speed>9.610</speed><sat>22</sat></trkpt>
  <trkpt lat="12.66903541" lon="77.98939142"><ele>634.381</ele><time>2026-02-23T07:28:23Z</time><speed>9.690</speed><sat>24</sat></trkpt>
  <trkpt lat="12.66900353" lon="77.98947626"><ele>634.201</ele><time>2026-02-23T07:28:24Z</time><speed>9.840</speed><sat>22</sat></trkpt>
  <trkpt lat="12.66896923" lon="77.98956106"><ele>633.957</ele><time>2026-02-23T07:28:25Z</time><speed>9.870</speed><sat>20</sat></trkpt>
  <trkpt lat="12.66893751" lon="77.98964917"><ele>633.794</ele><time>2026-02-23T07:28:26Z</time><speed>9.820</speed><sat>21</sat></trkpt>
  <trkpt lat="12.66890517" lon="77.98972863"><ele>633.982</ele><time>2026-02-23T07:28:27Z</time><speed>9.920</speed><sat>22</sat></trkpt>
  <trkpt lat="12.66886897" lon="77.98981210"><ele>633.913</ele><time>2026-02-23T07:28:28Z</time><speed>10.070</speed><sat>23</sat></trkpt>
  <trkpt lat="12.66883306" lon="77.98990065"><ele>633.770</ele><time>2026-02-23T07:28:29Z</time><speed>10.280</speed><sat>22</sat></trkpt>
  <trkpt lat="12.66880052" lon="77.98999073"><ele>633.807</ele><time>2026-02-23T07:28:30Z</time><speed>10.190</speed><sat>22</sat></trkpt>
  <trkpt lat="12.66876504" lon="77.99007772"><ele>634.000</ele><time>2026-02-23T07:28:31Z</time><speed>9.690</speed><sat>17</sat></trkpt>
  <trkpt lat="12.66873361" lon="77.99016433"><ele>634.121</ele><time>2026-02-23T07:28:32Z</time><speed>10.050</speed><sat>19</sat></trkpt>
  <trkpt lat="12.66869852" lon="77.99024441"><ele>633.391</ele><time>2026-02-23T07:28:33Z</time><speed>9.860</speed><sat>22</sat></trkpt>
  <trkpt lat="12.66866575" lon="77.99032885"><ele>633.398</ele><time>2026-02-23T07:28:34Z</time><speed>9.860</speed><sat>22</sat></trkpt>
  <trkpt lat="12.66863960" lon="77.99040665"><ele>633.417</ele><time>2026-02-23T07:28:35Z</time><speed>9.170</speed><sat>23</sat></trkpt>
  <trkpt lat="12.66861346" lon="77.99048811"><ele>633.687</ele><time>2026-02-23T07:28:36Z</time><speed>8.970</speed><sat>23</sat></trkpt>
  <trkpt lat="12.66858473" lon="77.99056817"><ele>633.682</ele><time>2026-02-23T07:28:37Z</time><speed>8.790</speed><sat>16</sat></trkpt>
  <trkpt lat="12.66855626" lon="77.99064375"><ele>633.668</ele><time>2026-02-23T07:28:38Z</time><speed>8.790</speed><sat>16</sat></trkpt>
  <trkpt lat="12.66852489" lon="77.99073305"><ele>633.526</ele><time>2026-02-23T07:28:39Z</time><speed>9.100</speed><sat>18</sat></trkpt>
  <trkpt lat="12.66849828" lon="77.99081204"><ele>633.455</ele><time>2026-02-23T07:28:40Z</time><speed>9.000</speed><sat>30</sat></trkpt>
  <trkpt lat="12.66846927" lon="77.99088837"><ele>633.413</ele><time>2026-02-23T07:28:41Z</time><speed>9.030</speed><sat>43</sat></trkpt>
  <trkpt lat="12.66844189" lon="77.99096639"><ele>633.730</ele><time>2026-02-23T07:28:42Z</time><speed>9.030</speed><sat>44</sat></trkpt>
  <trkpt lat="12.66840973" lon="77.99104493"><ele>634.162</ele><time>2026-02-23T07:28:43Z</time><speed>8.950</speed><sat>47</sat></trkpt>
  <trkpt lat="12.66838303" lon="77.99112140"><ele>634.042</ele><time>2026-02-23T07:28:44Z</time><speed>8.870</speed><sat>47</sat></trkpt>
  <trkpt lat="12.66835862" lon="77.99119750"><ele>634.149</ele><time>2026-02-23T07:28:45Z</time><speed>8.840</speed><sat>47</sat></trkpt>
  <trkpt lat="12.66833136" lon="77.99127376"><ele>634.115</ele><time>2026-02-23T07:28:46Z</time><speed>8.770</speed><sat>47</sat></trkpt>
  <trkpt lat="12.66830377" lon="77.99135005"><ele>634.051</ele><time>2026-02-23T07:28:47Z</time><speed>8.670</speed><sat>47</sat></trkpt>
  <trkpt lat="12.66828133" lon="77.99142498"><ele>634.220</ele><time>2026-02-23T07:28:48Z</time><speed>8.590</speed><sat>47</sat></trkpt>
  <trkpt lat="12.66825414" lon="77.99149612"><ele>634.129</ele><time>2026-02-23T07:28:49Z</time><speed>8.540</speed><sat>24</sat></trkpt>
  <trkpt lat="12.66823030" lon="77.99156884"><ele>634.366</ele><time>2026-02-23T07:28:50Z</time><speed>8.480</speed><sat>21</sat></trkpt>
  <trkpt lat="12.66820260" lon="77.99164241"><ele>634.740</ele><time>2026-02-23T07:28:51Z</time><speed>8.640</speed><sat>17</sat></trkpt>
  <trkpt lat="12.66817477" lon="77.99171539"><ele>634.673</ele><time>2026-02-23T07:28:52Z</time><speed>8.670</speed><sat>23</sat></trkpt>
  <trkpt lat="12.66814660" lon="77.99178887"><ele>634.803</ele><time>2026-02-23T07:28:53Z</time><speed>8.790</speed><sat>21</sat></trkpt>
  <trkpt lat="12.66811844" lon="77.99186251"><ele>635.026</ele><time>2026-02-23T07:28:54Z</time><speed>8.960</speed><sat>24</sat></trkpt>
  <trkpt lat="12.66809232" lon="77.99193959"><ele>634.652</ele><time>2026-02-23T07:28:55Z</time><speed>9.070</speed><sat>20</sat></trkpt>
  <trkpt lat="12.66806029" lon="77.99201492"><ele>633.724</ele><time>2026-02-23T07:28:56Z</time><speed>9.190</speed><sat>23</sat></trkpt>
  <trkpt lat="12.66802664" lon="77.99209128"><ele>634.966</ele><time>2026-02-23T07:28:57Z</time><speed>9.240</speed><sat>22</sat></trkpt>
  <trkpt lat="12.66799530" lon="77.99216866"><ele>634.798</ele><time>2026-02-23T07:28:58Z</time><speed>9.260</speed><sat>20</sat></trkpt>
  <trkpt lat="12.66796277" lon="77.99225162"><ele>634.929</ele><time>2026-02-23T07:28:59Z</time><speed>9.330</speed><sat>21</sat></trkpt>
  <trkpt lat="12.66793421" lon="77.99233331"><ele>634.685</ele><time>2026-02-23T07:29:00Z</time><speed>9.370</speed><sat>20</sat></trkpt>
  <trkpt lat="12.66790526" lon="77.99241529"><ele>634.283</ele><time>2026-02-23T07:29:01Z</time><speed>9.400</speed><sat>20</sat></trkpt>
  <trkpt lat="12.66787325" lon="77.99249480"><ele>634.128</ele><time>2026-02-23T07:29:02Z</time><speed>9.370</speed><sat>19</sat></trkpt>
  <trkpt lat="12.66784517" lon="77.99257158"><ele>633.456</ele><time>2026-02-23T07:29:03Z</time><speed>9.390</speed><sat>21</sat></trkpt>
  <trkpt lat="12.66782321" lon="77.99265017"><ele>633.111</ele><time>2026-02-23T07:29:04Z</time><speed>9.180</speed><sat>22</sat></trkpt>
  <trkpt lat="12.66780058" lon="77.99272883"><ele>633.688</ele><time>2026-02-23T07:29:05Z</time><speed>9.190</speed><sat>21</sat></trkpt>
  <trkpt lat="12.66777675" lon="77.99280892"><ele>634.237</ele><time>2026-02-23T07:29:06Z</time><speed>9.240</speed><sat>20</sat></trkpt>
  <trkpt lat="12.66775654" lon="77.99288647"><ele>635.092</ele><time>2026-02-23T07:29:07Z</time><speed>9.260</speed><sat>23</sat></trkpt>
  <trkpt lat="12.66773392" lon="77.99296828"><ele>635.412</ele><time>2026-02-23T07:29:08Z</time><speed>9.370</speed><sat>22</sat></trkpt>
  <trkpt lat="12.66771629" lon="77.99305164"><ele>634.741</ele><time>2026-02-23T07:29:09Z</time><speed>9.410</speed><sat>21</sat></trkpt>
  <trkpt lat="12.66769344" lon="77.99313263"><ele>634.221</ele><time>2026-02-23T07:29:10Z</time><speed>9.410</speed><sat>23</sat></trkpt>
  <trkpt lat="12.66767097" lon="77.99321825"><ele>634.660</ele><time>2026-02-23T07:29:11Z</time><speed>9.440</speed><sat>22</sat></trkpt>
  <trkpt lat="12.66764677" lon="77.99330338"><ele>635.227</ele><time>2026-02-23T07:29:12Z</time><speed>9.400</speed><sat>20</sat></trkpt>
  <trkpt lat="12.66762611" lon="77.99338236"><ele>635.949</ele><time>2026-02-23T07:29:13Z</time><speed>9.380</speed><sat>19</sat></trkpt>
  <trkpt lat="12.66760643" lon="77.99346960"><ele>635.966</ele><time>2026-02-23T07:29:14Z</time><speed>9.460</speed><sat>21</sat></trkpt>
  <trkpt lat="12.66758474" lon="77.99355558"><ele>635.586</ele><time>2026-02-23T07:29:15Z</time><speed>9.450</speed><sat>23</sat></trkpt>
  <trkpt lat="12.66756748" lon="77.99363684"><ele>635.248</ele><time>2026-02-23T07:29:16Z</time><speed>9.420</speed><sat>22</sat></trkpt>
  <trkpt lat="12.66754710" lon="77.99372216"><ele>635.197</ele><time>2026-02-23T07:29:17Z</time><speed>9.430</speed><sat>22</sat></trkpt>
  <trkpt lat="12.66752935" lon="77.99380935"><ele>634.311</ele><time>2026-02-23T07:29:18Z</time><speed>9.440</speed><sat>22</sat></trkpt>
  <trkpt lat="12.66751252" lon="77.99389235"><ele>634.153</ele><time>2026-02-23T07:29:19Z</time><speed>9.380</speed><sat>22</sat></trkpt>
  <trkpt lat="12.66749483" lon="77.99396737"><ele>635.179</ele><time>2026-02-23T07:29:20Z</time><speed>9.400</speed><sat>22</sat></trkpt>
  <trkpt lat="12.66748002" lon="77.99405678"><ele>634.897</ele><time>2026-02-23T07:29:21Z</time><speed>9.370</speed><sat>24</sat></trkpt>
  <trkpt lat="12.66745757" lon="77.99413728"><ele>635.313</ele><time>2026-02-23T07:29:22Z</time><speed>9.200</speed><sat>25</sat></trkpt>
  <trkpt lat="12.66744428" lon="77.99422560"><ele>635.010</ele><time>2026-02-23T07:29:23Z</time><speed>9.160</speed><sat>24</sat></trkpt>
  <trkpt lat="12.66742108" lon="77.99430789"><ele>635.478</ele><time>2026-02-23T07:29:24Z</time><speed>9.190</speed><sat>24</sat></trkpt>
  <trkpt lat="12.66740105" lon="77.99439346"><ele>634.760</ele><time>2026-02-23T07:29:25Z</time><speed>9.080</speed><sat>23</sat></trkpt>
  <trkpt lat="12.66739127" lon="77.99447293"><ele>634.356</ele><time>2026-02-23T07:29:26Z</time><speed>8.950</speed><sat>21</sat></trkpt>
  <trkpt lat="12.66737626" lon="77.99454527"><ele>633.390</ele><time>2026-02-23T07:29:27Z</time><speed>8.880</speed><sat>23</sat></trkpt>
  <trkpt lat="12.66736784" lon="77.99462179"><ele>634.194</ele><time>2026-02-23T07:29:28Z</time><speed>8.940</speed><sat>23</sat></trkpt>
  <trkpt lat="12.66736210" lon="77.99470117"><ele>634.500</ele><time>2026-02-23T07:29:29Z</time><speed>8.930</speed><sat>22</sat></trkpt>
  <trkpt lat="12.66734700" lon="77.99478200"><ele>634.933</ele><time>2026-02-23T07:29:30Z</time><speed>8.830</speed><sat>22</sat></trkpt>
  <trkpt lat="12.66732987" lon="77.99486147"><ele>635.186</ele><time>2026-02-23T07:29:31Z</time><speed>8.680</speed><sat>21</sat></trkpt>
  <trkpt lat="12.66731788" lon="77.99494293"><ele>635.102</ele><time>2026-02-23T07:29:32Z</time><speed>8.680</speed><sat>23</sat></trkpt>
  <trkpt lat="12.66729865" lon="77.99501952"><ele>636.103</ele><time>2026-02-23T07:29:33Z</time><speed>8.770</speed><sat>23</sat></trkpt>
  <trkpt lat="12.66728335" lon="77.99509515"><ele>635.776</ele><time>2026-02-23T07:29:34Z</time><speed>8.830</speed><sat>24</sat></trkpt>
  <trkpt lat="12.66726501" lon="77.99517551"><ele>636.247</ele><time>2026-02-23T07:29:35Z</time><speed>8.930</speed><sat>23</sat></trkpt>
  <trkpt lat="12.66725111" lon="77.99525852"><ele>636.134</ele><time>2026-02-23T07:29:36Z</time><speed>9.160</speed><sat>23</sat></trkpt>
  <trkpt lat="12.66723730" lon="77.99534274"><ele>635.523</ele><time>2026-02-23T07:29:37Z</time><speed>9.280</speed><sat>19</sat></trkpt>
  <trkpt lat="12.66722141" lon="77.99542833"><ele>634.596</ele><time>2026-02-23T07:29:38Z</time><speed>9.510</speed><sat>20</sat></trkpt>
  <trkpt lat="12.66719950" lon="77.99552105"><ele>634.239</ele><time>2026-02-23T07:29:39Z</time><speed>9.750</speed><sat>21</sat></trkpt>
  <trkpt lat="12.66718411" lon="77.99561472"><ele>633.621</ele><time>2026-02-23T07:29:40Z</time><speed>9.880</speed><sat>23</sat></trkpt>
  <trkpt lat="12.66716519" lon="77.99570400"><ele>633.103</ele><time>2026-02-23T07:29:41Z</time><speed>10.010</speed><sat>24</sat></trkpt>
  <trkpt lat="12.66713617" lon="77.99579500"><ele>631.453</ele><time>2026-02-23T07:29:42Z</time><speed>10.270</speed><sat>24</sat></trkpt>
  <trkpt lat="12.66711993" lon="77.99588899"><ele>630.848</ele><time>2026-02-23T07:29:43Z</time><speed>10.490</speed><sat>24</sat></trkpt>
  <trkpt lat="12.66710744" lon="77.99598567"><ele>630.572</ele><time>2026-02-23T07:29:44Z</time><speed>10.370</speed><sat>22</sat></trkpt>
  <trkpt lat="12.66708959" lon="77.99607665"><ele>630.035</ele><time>2026-02-23T07:29:45Z</time><speed>10.330</speed><sat>21</sat></trkpt>
  <trkpt lat="12.66707797" lon="77.99616706"><ele>629.598</ele><time>2026-02-23T07:29:46Z</time><speed>10.180</speed><sat>18</sat></trkpt>
  <trkpt lat="12.66706013" lon="77.99625865"><ele>629.566</ele><time>2026-02-23T07:29:47Z</time><speed>10.080</speed><sat>20</sat></trkpt>
  <trkpt lat="12.66704267" lon="77.99634817"><ele>628.995</ele><time>2026-02-23T07:29:48Z</time><speed>9.960</speed><sat>23</sat></trkpt>
  <trkpt lat="12.66703074" lon="77.99643714"><ele>628.522</ele><time>2026-02-23T07:29:49Z</time><speed>9.920</speed><sat>20</sat></trkpt>
  <trkpt lat="12.66701487" lon="77.99653059"><ele>628.118</ele><time>2026-02-23T07:29:50Z</time><speed>9.940</speed><sat>21</sat></trkpt>
  <trkpt lat="12.66700083" lon="77.99662169"><ele>627.749</ele><time>2026-02-23T07:29:51Z</time><speed>9.950</speed><sat>24</sat></trkpt>
  <trkpt lat="12.66698580" lon="77.99671850"><ele>627.388</ele><time>2026-02-23T07:29:52Z</time><speed>10.080</speed><sat>23</sat></trkpt>
  <trkpt lat="12.66697077" lon="77.99680786"><ele>626.878</ele><time>2026-02-23T07:29:53Z</time><speed>10.050</speed><sat>22</sat></trkpt>
  <trkpt lat="12.66694247" lon="77.99689754"><ele>626.295</ele><time>2026-02-23T07:29:54Z</time><speed>10.040</speed><sat>23</sat></trkpt>
  <trkpt lat="12.66691393" lon="77.99698456"><ele>625.698</ele><time>2026-02-23T07:29:55Z</time><speed>10.030</speed><sat>24</sat></trkpt>
  <trkpt lat="12.66690457" lon="77.99707263"><ele>625.546</ele><time>2026-02-23T07:29:56Z</time><speed>9.980</speed><sat>22</sat></trkpt>
  <trkpt lat="12.66688944" lon="77.99716234"><ele>625.046</ele><time>2026-02-23T07:29:57Z</time><speed>9.930</speed><sat>23</sat></trkpt>
  <trkpt lat="12.66687080" lon="77.99725194"><ele>625.321</ele><time>2026-02-23T07:29:58Z</time><speed>9.930</speed><sat>18</sat></trkpt>
  <trkpt lat="12.66684953" lon="77.99734133"><ele>624.333</ele><time>2026-02-23T07:29:59Z</time><speed>9.880</speed><sat>22</sat></trkpt>
  <trkpt lat="12.66684236" lon="77.99742821"><ele>624.573</ele><time>2026-02-23T07:30:00Z</time><speed>9.650</speed><sat>21</sat></trkpt>
  <trkpt lat="12.66682890" lon="77.99751395"><ele>624.403</ele><time>2026-02-23T07:30:01Z</time><speed>9.510</speed><sat>23</sat></trkpt>
  <trkpt lat="12.66681698" lon="77.99759861"><ele>624.222</ele><time>2026-02-23T07:30:02Z</time><speed>9.610</speed><sat>23</sat></trkpt>
  <trkpt lat="12.66680140" lon="77.99768621"><ele>623.799</ele><time>2026-02-23T07:30:03Z</time><speed>9.620</speed><sat>22</sat></trkpt>
  <trkpt lat="12.66678353" lon="77.99776745"><ele>623.806</ele><time>2026-02-23T07:30:04Z</time><speed>9.660</speed><sat>23</sat></trkpt>
  <trkpt lat="12.66676258" lon="77.99785740"><ele>623.677</ele><time>2026-02-23T07:30:05Z</time><speed>9.690</speed><sat>22</sat></trkpt>
  <trkpt lat="12.66674051" lon="77.99794526"><ele>624.243</ele><time>2026-02-23T07:30:06Z</time><speed>9.710</speed><sat>22</sat></trkpt>
  <trkpt lat="12.66672737" lon="77.99803057"><ele>623.765</ele><time>2026-02-23T07:30:07Z</time><speed>9.680</speed><sat>19</sat></trkpt>
  <trkpt lat="12.66670855" lon="77.99811699"><ele>623.878</ele><time>2026-02-23T07:30:08Z</time><speed>9.480</speed><sat>20</sat></trkpt>
  <trkpt lat="12.66669582" lon="77.99820596"><ele>623.879</ele><time>2026-02-23T07:30:09Z</time><speed>9.270</speed><sat>23</sat></trkpt>
  <trkpt lat="12.66668542" lon="77.99829239"><ele>624.234</ele><time>2026-02-23T07:30:10Z</time><speed>9.260</speed><sat>24</sat></trkpt>
  <trkpt lat="12.66667538" lon="77.99837818"><ele>623.968</ele><time>2026-02-23T07:30:11Z</time><speed>9.060</speed><sat>25</sat></trkpt>
  <trkpt lat="12.66666206" lon="77.99845810"><ele>624.152</ele><time>2026-02-23T07:30:12Z</time><speed>9.060</speed><sat>22</sat></trkpt>
  <trkpt lat="12.66664674" lon="77.99854906"><ele>623.375</ele><time>2026-02-23T07:30:13Z</time><speed>9.070</speed><sat>21</sat></trkpt>
  <trkpt lat="12.66663347" lon="77.99862730"><ele>623.825</ele><time>2026-02-23T07:30:14Z</time><speed>9.010</speed><sat>20</sat></trkpt>
  <trkpt lat="12.66661714" lon="77.99870567"><ele>623.308</ele><time>2026-02-23T07:30:15Z</time><speed>9.090</speed><sat>21</sat></trkpt>
  <trkpt lat="12.66659175" lon="77.99878783"><ele>622.719</ele><time>2026-02-23T07:30:16Z</time><speed>9.110</speed><sat>22</sat></trkpt>
  <trkpt lat="12.66657537" lon="77.99886925"><ele>622.975</ele><time>2026-02-23T07:30:17Z</time><speed>9.220</speed><sat>22</sat></trkpt>
  <trkpt lat="12.66656163" lon="77.99895442"><ele>623.092</ele><time>2026-02-23T07:30:18Z</time><speed>9.190</speed><sat>21</sat></trkpt>
  <trkpt lat="12.66654725" lon="77.99903695"><ele>623.334</ele><time>2026-02-23T07:30:19Z</time><speed>9.180</speed><sat>21</sat></trkpt>
  <trkpt lat="12.66653512" lon="77.99912123"><ele>623.341</ele><time>2026-02-23T07:30:20Z</time><speed>9.330</speed><sat>24</sat></trkpt>
  <trkpt lat="12.66652199" lon="77.99920906"><ele>623.631</ele><time>2026-02-23T07:30:21Z</time><speed>9.380</speed><sat>21</sat></trkpt>
  <trkpt lat="12.66650159" lon="77.99929428"><ele>623.419</ele><time>2026-02-23T07:30:22Z</time><speed>9.390</speed><sat>23</sat></trkpt>
  <trkpt lat="12.66649167" lon="77.99938291"><ele>623.522</ele><time>2026-02-23T07:30:23Z</time><speed>9.480</speed><sat>22</sat></trkpt>
  <trkpt lat="12.66648023" lon="77.99946640"><ele>622.855</ele><time>2026-02-23T07:30:24Z</time><speed>9.530</speed><sat>24</sat></trkpt>
  <trkpt lat="12.66646512" lon="77.99955466"><ele>622.707</ele><time>2026-02-23T07:30:25Z</time><speed>9.800</speed><sat>20</sat></trkpt>
  <trkpt lat="12.66644904" lon="77.99964244"><ele>623.063</ele><time>2026-02-23T07:30:26Z</time><speed>9.940</speed><sat>23</sat></trkpt>
  <trkpt lat="12.66643623" lon="77.99973715"><ele>623.257</ele><time>2026-02-23T07:30:27Z</time><speed>9.740</speed><sat>23</sat></trkpt>
  <trkpt lat="12.66642262" lon="77.99982630"><ele>623.527</ele><time>2026-02-23T07:30:28Z</time><speed>9.830</speed><sat>24</sat></trkpt>
  <trkpt lat="12.66640601" lon="77.99991394"><ele>623.805</ele><time>2026-02-23T07:30:29Z</time><speed>9.900</speed><sat>20</sat></trkpt>
  <trkpt lat="12.66638891" lon="78.00000356"><ele>623.701</ele><time>2026-02-23T07:30:30Z</time><speed>9.920</speed><sat>24</sat></trkpt>
  <trkpt lat="12.66637801" lon="78.00009235"><ele>624.043</ele><time>2026-02-23T07:30:31Z</time><speed>9.840</speed><sat>23</sat></trkpt>
  <trkpt lat="12.66636528" lon="78.00018054"><ele>624.614</ele><time>2026-02-23T07:30:32Z</time><speed>9.860</speed><sat>25</sat></trkpt>
  <trkpt lat="12.66635267" lon="78.00027142"><ele>624.017</ele><time>2026-02-23T07:30:33Z</time><speed>9.900</speed><sat>24</sat></trkpt>
  <trkpt lat="12.66633713" lon="78.00036329"><ele>623.716</ele><time>2026-02-23T07:30:34Z</time><speed>9.910</speed><sat>26</sat></trkpt>
  <trkpt lat="12.66631154" lon="78.00044938"><ele>623.593</ele><time>2026-02-23T07:30:35Z</time><speed>9.950</speed><sat>25</sat></trkpt>
  <trkpt lat="12.66629790" lon="78.00054083"><ele>623.484</ele><time>2026-02-23T07:30:36Z</time><speed>10.020</speed><sat>23</sat></trkpt>
  <trkpt lat="12.66628205" lon="78.00063020"><ele>623.246</ele><time>2026-02-23T07:30:37Z</time><speed>9.940</speed><sat>23</sat></trkpt>
  <trkpt lat="12.66626847" lon="78.00072349"><ele>623.819</ele><time>2026-02-23T07:30:38Z</time><speed>9.920</speed><sat>25</sat></trkpt>
  <trkpt lat="12.66625032" lon="78.00081143"><ele>624.421</ele><time>2026-02-23T07:30:39Z</time><speed>9.780</speed><sat>24</sat></trkpt>
  <trkpt lat="12.66623870" lon="78.00090311"><ele>624.573</ele><time>2026-02-23T07:30:40Z</time><speed>9.900</speed><sat>21</sat></trkpt>
  <trkpt lat="12.66621378" lon="78.00099323"><ele>625.019</ele><time>2026-02-23T07:30:41Z</time><speed>9.810</speed><sat>25</sat></trkpt>
  <trkpt lat="12.66619551" lon="78.00108547"><ele>625.192</ele><time>2026-02-23T07:30:42Z</time><speed>9.780</speed><sat>18</sat></trkpt>
  <trkpt lat="12.66618007" lon="78.00117460"><ele>625.658</ele><time>2026-02-23T07:30:43Z</time><speed>9.700</speed><sat>23</sat></trkpt>
  <trkpt lat="12.66616502" lon="78.00125856"><ele>625.716</ele><time>2026-02-23T07:30:44Z</time><speed>9.600</speed><sat>25</sat></trkpt>
  <trkpt lat="12.66614125" lon="78.00135268"><ele>624.875</ele><time>2026-02-23T07:30:45Z</time><speed>9.440</speed><sat>22</sat></trkpt>
  <trkpt lat="12.66612915" lon="78.00143849"><ele>624.289</ele><time>2026-02-23T07:30:46Z</time><speed>9.500</speed><sat>22</sat></trkpt>
  <trkpt lat="12.66611135" lon="78.00152703"><ele>623.971</ele><time>2026-02-23T07:30:47Z</time><speed>9.410</speed><sat>26</sat></trkpt>
  <trkpt lat="12.66609545" lon="78.00160833"><ele>624.215</ele><time>2026-02-23T07:30:48Z</time><speed>9.430</speed><sat>22</sat></trkpt>
  <trkpt lat="12.66607636" lon="78.00168815"><ele>623.588</ele><time>2026-02-23T07:30:49Z</time><speed>9.460</speed><sat>24</sat></trkpt>
  <trkpt lat="12.66605828" lon="78.00177507"><ele>623.818</ele><time>2026-02-23T07:30:50Z</time><speed>9.460</speed><sat>24</sat></trkpt>
  <trkpt lat="12.66604213" lon="78.00186146"><ele>623.845</ele><time>2026-02-23T07:30:51Z</time><speed>9.730</speed><sat>22</sat></trkpt>
  <trkpt lat="12.66602230" lon="78.00195236"><ele>624.166</ele><time>2026-02-23T07:30:52Z</time><speed>9.810</speed><sat>19</sat></trkpt>
  <trkpt lat="12.66599502" lon="78.00203830"><ele>624.030</ele><time>2026-02-23T07:30:53Z</time><speed>9.880</speed><sat>21</sat></trkpt>
  <trkpt lat="12.66596967" lon="78.00212424"><ele>624.283</ele><time>2026-02-23T07:30:54Z</time><speed>10.020</speed><sat>22</sat></trkpt>
  <trkpt lat="12.66594710" lon="78.00221386"><ele>624.670</ele><time>2026-02-23T07:30:55Z</time><speed>10.180</speed><sat>22</sat></trkpt>
  <trkpt lat="12.66592581" lon="78.00230366"><ele>625.260</ele><time>2026-02-23T07:30:56Z</time><speed>10.250</speed><sat>25</sat></trkpt>
  <trkpt lat="12.66589924" lon="78.00239128"><ele>625.599</ele><time>2026-02-23T07:30:57Z</time><speed>10.300</speed><sat>24</sat></trkpt>
  <trkpt lat="12.66587051" lon="78.00247878"><ele>626.009</ele><time>2026-02-23T07:30:58Z</time><speed>10.190</speed><sat>21</sat></trkpt>
  <trkpt lat="12.66584344" lon="78.00256970"><ele>626.313</ele><time>2026-02-23T07:30:59Z</time><speed>10.190</speed><sat>23</sat></trkpt>
  <trkpt lat="12.66581600" lon="78.00265632"><ele>626.783</ele><time>2026-02-23T07:31:00Z</time><speed>10.070</speed><sat>22</sat></trkpt>
  <trkpt lat="12.66578937" lon="78.00274258"><ele>627.898</ele><time>2026-02-23T07:31:01Z</time><speed>10.050</speed><sat>22</sat></trkpt>
  <trkpt lat="12.66575952" lon="78.00282671"><ele>628.595</ele><time>2026-02-23T07:31:02Z</time><speed>10.020</speed><sat>24</sat></trkpt>
  <trkpt lat="12.66573026" lon="78.00291095"><ele>629.477</ele><time>2026-02-23T07:31:03Z</time><speed>9.860</speed><sat>22</sat></trkpt>
  <trkpt lat="12.66569880" lon="78.00299096"><ele>629.500</ele><time>2026-02-23T07:31:04Z</time><speed>9.770</speed><sat>23</sat></trkpt>
  <trkpt lat="12.66566703" lon="78.00307048"><ele>630.034</ele><time>2026-02-23T07:31:05Z</time><speed>9.740</speed><sat>22</sat></trkpt>
  <trkpt lat="12.66563837" lon="78.00315640"><ele>630.374</ele><time>2026-02-23T07:31:06Z</time><speed>9.750</speed><sat>23</sat></trkpt>
  <trkpt lat="12.66560675" lon="78.00324339"><ele>630.429</ele><time>2026-02-23T07:31:07Z</time><speed>9.890</speed><sat>22</sat></trkpt>
  <trkpt lat="12.66557039" lon="78.00333033"><ele>630.752</ele><time>2026-02-23T07:31:08Z</time><speed>9.930</speed><sat>20</sat></trkpt>
  <trkpt lat="12.66553586" lon="78.00341492"><ele>631.132</ele><time>2026-02-23T07:31:09Z</time><speed>9.880</speed><sat>23</sat></trkpt>
  <trkpt lat="12.66550447" lon="78.00350163"><ele>631.588</ele><time>2026-02-23T07:31:10Z</time><speed>9.960</speed><sat>22</sat></trkpt>
  <trkpt lat="12.66546740" lon="78.00359090"><ele>631.727</ele><time>2026-02-23T07:31:11Z</time><speed>10.020</speed><sat>23</sat></trkpt>
  <trkpt lat="12.66543110" lon="78.00368127"><ele>631.164</ele><time>2026-02-23T07:31:12Z</time><speed>10.160</speed><sat>21</sat></trkpt>
  <trkpt lat="12.66539699" lon="78.00376908"><ele>631.417</ele><time>2026-02-23T07:31:13Z</time><speed>10.040</speed><sat>24</sat></trkpt>
  <trkpt lat="12.66536229" lon="78.00385729"><ele>631.264</ele><time>2026-02-23T07:31:14Z</time><speed>10.400</speed><sat>23</sat></trkpt>
  <trkpt lat="12.66532409" lon="78.00394487"><ele>630.931</ele><time>2026-02-23T07:31:15Z</time><speed>10.280</speed><sat>19</sat></trkpt>
  <trkpt lat="12.66528316" lon="78.00402839"><ele>631.002</ele><time>2026-02-23T07:31:16Z</time><speed>10.130</speed><sat>23</sat></trkpt>
  <trkpt lat="12.66524332" lon="78.00411836"><ele>630.589</ele><time>2026-02-23T07:31:17Z</time><speed>10.410</speed><sat>22</sat></trkpt>
  <trkpt lat="12.66520247" lon="78.00420960"><ele>631.109</ele><time>2026-02-23T07:31:18Z</time><speed>10.360</speed><sat>23</sat></trkpt>
  <trkpt lat="12.66514900" lon="78.00430112"><ele>630.961</ele><time>2026-02-23T07:31:19Z</time><speed>10.420</speed><sat>21</sat></trkpt>
  <trkpt lat="12.66510665" lon="78.00438780"><ele>630.520</ele><time>2026-02-23T07:31:20Z</time><speed>10.230</speed><sat>23</sat></trkpt>
  <trkpt lat="12.66507495" lon="78.00447446"><ele>631.217</ele><time>2026-02-23T07:31:21Z</time><speed>10.370</speed><sat>16</sat></trkpt>
  <trkpt lat="12.66503886" lon="78.00456147"><ele>631.616</ele><time>2026-02-23T07:31:22Z</time><speed>10.290</speed><sat>17</sat></trkpt>
  <trkpt lat="12.66499864" lon="78.00464927"><ele>631.641</ele><time>2026-02-23T07:31:23Z</time><speed>10.240</speed><sat>16</sat></trkpt>
  <trkpt lat="12.66495760" lon="78.00473105"><ele>632.096</ele><time>2026-02-23T07:31:24Z</time><speed>10.340</speed><sat>18</sat></trkpt>
  <trkpt lat="12.66491880" lon="78.00481529"><ele>632.374</ele><time>2026-02-23T07:31:25Z</time><speed>10.440</speed><sat>19</sat></trkpt>
  <trkpt lat="12.66488427" lon="78.00490008"><ele>632.223</ele><time>2026-02-23T07:31:26Z</time><speed>10.390</speed><sat>21</sat></trkpt>
  <trkpt lat="12.66484382" lon="78.00498462"><ele>631.911</ele><time>2026-02-23T07:31:27Z</time><speed>10.290</speed><sat>19</sat></trkpt>
  <trkpt lat="12.66480583" lon="78.00507594"><ele>630.700</ele><time>2026-02-23T07:31:28Z</time><speed>10.360</speed><sat>20</sat></trkpt>
  <trkpt lat="12.66476763" lon="78.00517165"><ele>629.314</ele><time>2026-02-23T07:31:29Z</time><speed>10.440</speed><sat>17</sat></trkpt>
  <trkpt lat="12.66473530" lon="78.00526408"><ele>628.341</ele><time>2026-02-23T07:31:30Z</time><speed>10.640</speed><sat>18</sat></trkpt>
  <trkpt lat="12.66469679" lon="78.00536053"><ele>627.729</ele><time>2026-02-23T07:31:31Z</time><speed>10.610</speed><sat>17</sat></trkpt>
  <trkpt lat="12.66465805" lon="78.00544418"><ele>627.531</ele><time>2026-02-23T07:31:32Z</time><speed>10.560</speed><sat>10</sat></trkpt>
  <trkpt lat="12.66461844" lon="78.00553247"><ele>627.409</ele><time>2026-02-23T07:31:33Z</time><speed>10.570</speed><sat>19</sat></trkpt>
  <trkpt lat="12.66457824" lon="78.00562079"><ele>627.319</ele><time>2026-02-23T07:31:34Z</time><speed>10.570</speed><sat>19</sat></trkpt>
  <trkpt lat="12.66454388" lon="78.00570352"><ele>627.965</ele><time>2026-02-23T07:31:35Z</time><speed>9.970</speed><sat>17</sat></trkpt>
  <trkpt lat="12.66451256" lon="78.00578414"><ele>627.979</ele><time>2026-02-23T07:31:36Z</time><speed>9.940</speed><sat>16</sat></trkpt>
  <trkpt lat="12.66447627" lon="78.00586170"><ele>627.547</ele><time>2026-02-23T07:31:37Z</time><speed>10.010</speed><sat>16</sat></trkpt>
  <trkpt lat="12.66443623" lon="78.00594997"><ele>628.187</ele><time>2026-02-23T07:31:38Z</time><speed>10.200</speed><sat>17</sat></trkpt>
  <trkpt lat="12.66439539" lon="78.00603527"><ele>628.000</ele><time>2026-02-23T07:31:39Z</time><speed>10.280</speed><sat>13</sat></trkpt>
  <trkpt lat="12.66435730" lon="78.00612157"><ele>627.931</ele><time>2026-02-23T07:31:40Z</time><speed>10.270</speed><sat>13</sat></trkpt>
  <trkpt lat="12.66431428" lon="78.00620833"><ele>627.066</ele><time>2026-02-23T07:31:41Z</time><speed>10.230</speed><sat>14</sat></trkpt>
  <trkpt lat="12.66427855" lon="78.00629463"><ele>626.284</ele><time>2026-02-23T07:31:42Z</time><speed>10.120</speed><sat>16</sat></trkpt>
  <trkpt lat="12.66423833" lon="78.00637799"><ele>626.604</ele><time>2026-02-23T07:31:43Z</time><speed>9.870</speed><sat>15</sat></trkpt>
  <trkpt lat="12.66420120" lon="78.00647158"><ele>627.577</ele><time>2026-02-23T07:31:44Z</time><speed>9.890</speed><sat>13</sat></trkpt>
  <trkpt lat="12.66416997" lon="78.00655748"><ele>627.635</ele><time>2026-02-23T07:31:45Z</time><speed>9.750</speed><sat>16</sat></trkpt>
  <trkpt lat="12.66413254" lon="78.00663611"><ele>628.698</ele><time>2026-02-23T07:31:46Z</time><speed>9.620</speed><sat>14</sat></trkpt>
  <trkpt lat="12.66409635" lon="78.00670710"><ele>628.005</ele><time>2026-02-23T07:31:47Z</time><speed>9.790</speed><sat>16</sat></trkpt>
  <trkpt lat="12.66405964" lon="78.00679279"><ele>626.464</ele><time>2026-02-23T07:31:48Z</time><speed>9.640</speed><sat>12</sat></trkpt>
  <trkpt lat="12.66402512" lon="78.00687432"><ele>626.349</ele><time>2026-02-23T07:31:49Z</time><speed>9.640</speed><sat>12</sat></trkpt>
  <trkpt lat="12.66399358" lon="78.00696134"><ele>625.561</ele><time>2026-02-23T07:31:50Z</time><speed>9.510</speed><sat>13</sat></trkpt>
  <trkpt lat="12.66395464" lon="78.00704221"><ele>625.566</ele><time>2026-02-23T07:31:51Z</time><speed>9.380</speed><sat>14</sat></trkpt>
  <trkpt lat="12.66393149" lon="78.00711338"><ele>626.081</ele><time>2026-02-23T07:31:52Z</time><speed>9.310</speed><sat>14</sat></trkpt>
  <trkpt lat="12.66389895" lon="78.00719060"><ele>626.184</ele><time>2026-02-23T07:31:53Z</time><speed>9.030</speed><sat>14</sat></trkpt>
  <trkpt lat="12.66387264" lon="78.00725733"><ele>625.431</ele><time>2026-02-23T07:31:54Z</time><speed>9.460</speed><sat>18</sat></trkpt>
  <trkpt lat="12.66383703" lon="78.00733376"><ele>625.566</ele><time>2026-02-23T07:31:55Z</time><speed>8.640</speed><sat>11</sat></trkpt>
  <trkpt lat="12.66379728" lon="78.00740260"><ele>624.580</ele><time>2026-02-23T07:31:56Z</time><speed>9.020</speed><sat>21</sat></trkpt>
  <trkpt lat="12.66376110" lon="78.00747604"><ele>624.417</ele><time>2026-02-23T07:31:57Z</time><speed>9.090</speed><sat>22</sat></trkpt>
  <trkpt lat="12.66372495" lon="78.00756169"><ele>625.493</ele><time>2026-02-23T07:31:58Z</time><speed>8.990</speed><sat>25</sat></trkpt>
  <trkpt lat="12.66369346" lon="78.00763659"><ele>625.497</ele><time>2026-02-23T07:31:59Z</time><speed>8.870</speed><sat>21</sat></trkpt>
  <trkpt lat="12.66366132" lon="78.00770991"><ele>625.267</ele><time>2026-02-23T07:32:00Z</time><speed>8.810</speed><sat>20</sat></trkpt>
  <trkpt lat="12.66363471" lon="78.00778405"><ele>625.168</ele><time>2026-02-23T07:32:01Z</time><speed>8.680</speed><sat>22</sat></trkpt>
  <trkpt lat="12.66360158" lon="78.00785760"><ele>625.154</ele><time>2026-02-23T07:32:02Z</time><speed>8.790</speed><sat>24</sat></trkpt>
  <trkpt lat="12.66356538" lon="78.00793595"><ele>624.789</ele><time>2026-02-23T07:32:03Z</time><speed>8.940</speed><sat>24</sat></trkpt>
  <trkpt lat="12.66353425" lon="78.00800260"><ele>625.073</ele><time>2026-02-23T07:32:04Z</time><speed>8.500</speed><sat>18</sat></trkpt>
  <trkpt lat="12.66350398" lon="78.00807616"><ele>625.916</ele><time>2026-02-23T07:32:05Z</time><speed>8.560</speed><sat>22</sat></trkpt>
  <trkpt lat="12.66347529" lon="78.00814575"><ele>626.613</ele><time>2026-02-23T07:32:06Z</time><speed>8.500</speed><sat>23</sat></trkpt>
  <trkpt lat="12.66344905" lon="78.00821758"><ele>626.242</ele><time>2026-02-23T07:32:07Z</time><speed>8.370</speed><sat>23</sat></trkpt>
  <trkpt lat="12.66342213" lon="78.00828062"><ele>626.503</ele><time>2026-02-23T07:32:08Z</time><speed>8.310</speed><sat>18</sat></trkpt>
  <trkpt lat="12.66339260" lon="78.00835838"><ele>625.863</ele><time>2026-02-23T07:32:09Z</time><speed>8.500</speed><sat>19</sat></trkpt>
  <trkpt lat="12.66335303" lon="78.00842621"><ele>625.769</ele><time>2026-02-23T07:32:10Z</time><speed>8.750</speed><sat>17</sat></trkpt>
  <trkpt lat="12.66332564" lon="78.00849684"><ele>626.015</ele><time>2026-02-23T07:32:11Z</time><speed>8.960</speed><sat>17</sat></trkpt>
  <trkpt lat="12.66329437" lon="78.00857244"><ele>626.045</ele><time>2026-02-23T07:32:12Z</time><speed>8.910</speed><sat>17</sat></trkpt>
  <trkpt lat="12.66326947" lon="78.00865642"><ele>625.650</ele><time>2026-02-23T07:32:13Z</time><speed>8.140</speed><sat>17</sat></trkpt>
  <trkpt lat="12.66324147" lon="78.00873432"><ele>625.433</ele><time>2026-02-23T07:32:14Z</time><speed>8.750</speed><sat>19</sat></trkpt>
  <trkpt lat="12.66320788" lon="78.00881066"><ele>626.099</ele><time>2026-02-23T07:32:15Z</time><speed>9.090</speed><sat>15</sat></trkpt>
  <trkpt lat="12.66317829" lon="78.00888701"><ele>626.427</ele><time>2026-02-23T07:32:16Z</time><speed>9.030</speed><sat>18</sat></trkpt>
  <trkpt lat="12.66314167" lon="78.00896460"><ele>626.132</ele><time>2026-02-23T07:32:17Z</time><speed>9.010</speed><sat>17</sat></trkpt>
  <trkpt lat="12.66310630" lon="78.00904227"><ele>626.788</ele><time>2026-02-23T07:32:18Z</time><speed>9.100</speed><sat>21</sat></trkpt>
  <trkpt lat="12.66307666" lon="78.00911077"><ele>627.770</ele><time>2026-02-23T07:32:19Z</time><speed>9.220</speed><sat>18</sat></trkpt>
  <trkpt lat="12.66304064" lon="78.00918849"><ele>627.181</ele><time>2026-02-23T07:32:20Z</time><speed>9.350</speed><sat>19</sat></trkpt>
  <trkpt lat="12.66300726" lon="78.00926893"><ele>626.789</ele><time>2026-02-23T07:32:21Z</time><speed>9.340</speed><sat>18</sat></trkpt>
  <trkpt lat="12.66296937" lon="78.00934203"><ele>626.460</ele><time>2026-02-23T07:32:22Z</time><speed>9.270</speed><sat>18</sat></trkpt>
  <trkpt lat="12.66293528" lon="78.00942442"><ele>626.491</ele><time>2026-02-23T07:32:23Z</time><speed>9.290</speed><sat>17</sat></trkpt>
  <trkpt lat="12.66290163" lon="78.00950218"><ele>626.475</ele><time>2026-02-23T07:32:24Z</time><speed>9.340</speed><sat>19</sat></trkpt>
  <trkpt lat="12.66286589" lon="78.00958069"><ele>628.387</ele><time>2026-02-23T07:32:25Z</time><speed>9.550</speed><sat>15</sat></trkpt>
  <trkpt lat="12.66282991" lon="78.00966061"><ele>628.490</ele><time>2026-02-23T07:32:26Z</time><speed>9.550</speed><sat>15</sat></trkpt>
  <trkpt lat="12.66279000" lon="78.00973721"><ele>626.428</ele><time>2026-02-23T07:32:27Z</time><speed>9.350</speed><sat>18</sat></trkpt>
  <trkpt lat="12.66275508" lon="78.00981742"><ele>626.291</ele><time>2026-02-23T07:32:28Z</time><speed>9.510</speed><sat>17</sat></trkpt>
  <trkpt lat="12.66271750" lon="78.00989388"><ele>626.788</ele><time>2026-02-23T07:32:29Z</time><speed>9.610</speed><sat>18</sat></trkpt>
  <trkpt lat="12.66268028" lon="78.00997549"><ele>626.391</ele><time>2026-02-23T07:32:30Z</time><speed>9.800</speed><sat>19</sat></trkpt>
  <trkpt lat="12.66264207" lon="78.01005424"><ele>626.365</ele><time>2026-02-23T07:32:31Z</time><speed>9.740</speed><sat>18</sat></trkpt>
  <trkpt lat="12.66260423" lon="78.01013949"><ele>625.752</ele><time>2026-02-23T07:32:32Z</time><speed>9.750</speed><sat>23</sat></trkpt>
  <trkpt lat="12.66257294" lon="78.01021327"><ele>625.388</ele><time>2026-02-23T07:32:33Z</time><speed>9.650</speed><sat>20</sat></trkpt>
  <trkpt lat="12.66255413" lon="78.01027956"><ele>625.688</ele><time>2026-02-23T07:32:34Z</time><speed>9.720</speed><sat>23</sat></trkpt>
  <trkpt lat="12.66251768" lon="78.01036081"><ele>625.589</ele><time>2026-02-23T07:32:35Z</time><speed>9.720</speed><sat>19</sat></trkpt>
  <trkpt lat="12.66248569" lon="78.01044406"><ele>627.870</ele><time>2026-02-23T07:32:36Z</time><speed>9.830</speed><sat>21</sat></trkpt>
  <trkpt lat="12.66244790" lon="78.01052926"><ele>627.484</ele><time>2026-02-23T07:32:37Z</time><speed>9.730</speed><sat>20</sat></trkpt>
  <trkpt lat="12.66241782" lon="78.01061411"><ele>627.291</ele><time>2026-02-23T07:32:38Z</time><speed>9.680</speed><sat>18</sat></trkpt>
  <trkpt lat="12.66238848" lon="78.01070115"><ele>626.928</ele><time>2026-02-23T07:32:39Z</time><speed>9.640</speed><sat>21</sat></trkpt>
  <trkpt lat="12.66235195" lon="78.01078537"><ele>627.127</ele><time>2026-02-23T07:32:40Z</time><speed>9.600</speed><sat>21</sat></trkpt>
  <trkpt lat="12.66231576" lon="78.01086470"><ele>626.952</ele><time>2026-02-23T07:32:41Z</time><speed>9.530</speed><sat>20</sat></trkpt>
  <trkpt lat="12.66228715" lon="78.01094522"><ele>626.608</ele><time>2026-02-23T07:32:42Z</time><speed>9.650</speed><sat>20</sat></trkpt>
  <trkpt lat="12.66226514" lon="78.01102818"><ele>626.448</ele><time>2026-02-23T07:32:43Z</time><speed>9.640</speed><sat>18</sat></trkpt>
  <trkpt lat="12.66221823" lon="78.01111267"><ele>625.721</ele><time>2026-02-23T07:32:44Z</time><speed>9.620</speed><sat>20</sat></trkpt>
  <trkpt lat="12.66218689" lon="78.01119526"><ele>625.220</ele><time>2026-02-23T07:32:45Z</time><speed>9.590</speed><sat>17</sat></trkpt>
  <trkpt lat="12.66215843" lon="78.01127975"><ele>625.058</ele><time>2026-02-23T07:32:46Z</time><speed>9.420</speed><sat>18</sat></trkpt>
  <trkpt lat="12.66213060" lon="78.01136666"><ele>625.013</ele><time>2026-02-23T07:32:47Z</time><speed>9.560</speed><sat>18</sat></trkpt>
  <trkpt lat="12.66210438" lon="78.01145554"><ele>625.736</ele><time>2026-02-23T07:32:48Z</time><speed>9.710</speed><sat>19</sat></trkpt>
  <trkpt lat="12.66208952" lon="78.01154319"><ele>626.079</ele><time>2026-02-23T07:32:49Z</time><speed>9.540</speed><sat>19</sat></trkpt>
  <trkpt lat="12.66207433" lon="78.01163096"><ele>626.269</ele><time>2026-02-23T07:32:50Z</time><speed>9.750</speed><sat>19</sat></trkpt>
  <trkpt lat="12.66206018" lon="78.01172246"><ele>626.487</ele><time>2026-02-23T07:32:51Z</time><speed>9.800</speed><sat>22</sat></trkpt>
  <trkpt lat="12.66204666" lon="78.01181090"><ele>626.815</ele><time>2026-02-23T07:32:52Z</time><speed>9.900</speed><sat>23</sat></trkpt>
  <trkpt lat="12.66204060" lon="78.01189179"><ele>625.536</ele><time>2026-02-23T07:32:53Z</time><speed>9.970</speed><sat>21</sat></trkpt>
  <trkpt lat="12.66202766" lon="78.01197844"><ele>624.630</ele><time>2026-02-23T07:32:54Z</time><speed>10.000</speed><sat>20</sat></trkpt>
  <trkpt lat="12.66200921" lon="78.01206617"><ele>623.178</ele><time>2026-02-23T07:32:55Z</time><speed>9.910</speed><sat>13</sat></trkpt>
  <trkpt lat="12.66199149" lon="78.01215462"><ele>623.245</ele><time>2026-02-23T07:32:56Z</time><speed>10.080</speed><sat>19</sat></trkpt>
  <trkpt lat="12.66198346" lon="78.01225069"><ele>623.525</ele><time>2026-02-23T07:32:57Z</time><speed>9.870</speed><sat>21</sat></trkpt>
  <trkpt lat="12.66197686" lon="78.01234044"><ele>623.599</ele><time>2026-02-23T07:32:58Z</time><speed>9.760</speed><sat>15</sat></trkpt>
  <trkpt lat="12.66197035" lon="78.01242114"><ele>622.536</ele><time>2026-02-23T07:32:59Z</time><speed>10.020</speed><sat>16</sat></trkpt>
  <trkpt lat="12.66196547" lon="78.01250108"><ele>621.975</ele><time>2026-02-23T07:33:00Z</time><speed>9.800</speed><sat>18</sat></trkpt>
  <trkpt lat="12.66195167" lon="78.01258990"><ele>621.978</ele><time>2026-02-23T07:33:01Z</time><speed>9.570</speed><sat>18</sat></trkpt>
  <trkpt lat="12.66194046" lon="78.01267998"><ele>621.916</ele><time>2026-02-23T07:33:02Z</time><speed>9.690</speed><sat>16</sat></trkpt>
  <trkpt lat="12.66193057" lon="78.01277451"><ele>622.379</ele><time>2026-02-23T07:33:03Z</time><speed>9.590</speed><sat>16</sat></trkpt>
  <trkpt lat="12.66192054" lon="78.01287118"><ele>621.984</ele><time>2026-02-23T07:33:04Z</time><speed>9.540</speed><sat>14</sat></trkpt>
  <trkpt lat="12.66191183" lon="78.01295857"><ele>621.891</ele><time>2026-02-23T07:33:05Z</time><speed>9.540</speed><sat>14</sat></trkpt>
  <trkpt lat="12.66190236" lon="78.01304457"><ele>620.534</ele><time>2026-02-23T07:33:06Z</time><speed>9.880</speed><sat>13</sat></trkpt>
  <trkpt lat="12.66188548" lon="78.01314607"><ele>620.186</ele><time>2026-02-23T07:33:07Z</time><speed>10.120</speed><sat>11</sat></trkpt>
  <trkpt lat="12.66187529" lon="78.01324306"><ele>620.927</ele><time>2026-02-23T07:33:08Z</time><speed>10.270</speed><sat>16</sat></trkpt>
  <trkpt lat="12.66186812" lon="78.01333787"><ele>621.702</ele><time>2026-02-23T07:33:09Z</time><speed>10.480</speed><sat>15</sat></trkpt>
  <trkpt lat="12.66185179" lon="78.01343478"><ele>622.245</ele><time>2026-02-23T07:33:10Z</time><speed>10.420</speed><sat>17</sat></trkpt>
  <trkpt lat="12.66182606" lon="78.01352681"><ele>621.120</ele><time>2026-02-23T07:33:11Z</time><speed>10.660</speed><sat>18</sat></trkpt>
  <trkpt lat="12.66180944" lon="78.01362350"><ele>621.161</ele><time>2026-02-23T07:33:12Z</time><speed>10.660</speed><sat>18</sat></trkpt>
  <trkpt lat="12.66179374" lon="78.01372408"><ele>621.590</ele><time>2026-02-23T07:33:13Z</time><speed>10.870</speed><sat>19</sat></trkpt>
  <trkpt lat="12.66177144" lon="78.01382061"><ele>620.006</ele><time>2026-02-23T07:33:14Z</time><speed>11.150</speed><sat>19</sat></trkpt>
  <trkpt lat="12.66175754" lon="78.01391340"><ele>620.699</ele><time>2026-02-23T07:33:15Z</time><speed>11.240</speed><sat>15</sat></trkpt>
  <trkpt lat="12.66173335" lon="78.01401393"><ele>620.748</ele><time>2026-02-23T07:33:16Z</time><speed>11.240</speed><sat>15</sat></trkpt>
  <trkpt lat="12.66172664" lon="78.01411949"><ele>622.246</ele><time>2026-02-23T07:33:17Z</time><speed>10.970</speed><sat>15</sat></trkpt>
  <trkpt lat="12.66169439" lon="78.01421681"><ele>621.971</ele><time>2026-02-23T07:33:18Z</time><speed>11.160</speed><sat>17</sat></trkpt>
  <trkpt lat="12.66166036" lon="78.01431670"><ele>621.676</ele><time>2026-02-23T07:33:19Z</time><speed>11.170</speed><sat>18</sat></trkpt>
  <trkpt lat="12.66161930" lon="78.01441638"><ele>621.755</ele><time>2026-02-23T07:33:20Z</time><speed>11.400</speed><sat>20</sat></trkpt>
  <trkpt lat="12.66157882" lon="78.01451243"><ele>622.190</ele><time>2026-02-23T07:33:21Z</time><speed>11.380</speed><sat>19</sat></trkpt>
  <trkpt lat="12.66153219" lon="78.01460861"><ele>621.813</ele><time>2026-02-23T07:33:22Z</time><speed>11.280</speed><sat>20</sat></trkpt>
  <trkpt lat="12.66148992" lon="78.01470206"><ele>621.695</ele><time>2026-02-23T07:33:23Z</time><speed>11.100</speed><sat>19</sat></trkpt>
  <trkpt lat="12.66144683" lon="78.01479389"><ele>621.689</ele><time>2026-02-23T07:33:24Z</time><speed>11.080</speed><sat>17</sat></trkpt>
  <trkpt lat="12.66140303" lon="78.01488294"><ele>621.762</ele><time>2026-02-23T07:33:25Z</time><speed>11.080</speed><sat>19</sat></trkpt>
  <trkpt lat="12.66135306" lon="78.01497078"><ele>622.009</ele><time>2026-02-23T07:33:26Z</time><speed>10.910</speed><sat>20</sat></trkpt>
  <trkpt lat="12.66130874" lon="78.01506078"><ele>622.122</ele><time>2026-02-23T07:33:27Z</time><speed>10.920</speed><sat>18</sat></trkpt>
  <trkpt lat="12.66125504" lon="78.01513749"><ele>621.614</ele><time>2026-02-23T07:33:28Z</time><speed>10.770</speed><sat>17</sat></trkpt>
  <trkpt lat="12.66119884" lon="78.01522421"><ele>621.206</ele><time>2026-02-23T07:33:29Z</time><speed>10.680</speed><sat>19</sat></trkpt>
  <trkpt lat="12.66114793" lon="78.01530880"><ele>621.736</ele><time>2026-02-23T07:33:30Z</time><speed>10.640</speed><sat>17</sat></trkpt>
  <trkpt lat="12.66109454" lon="78.01539511"><ele>622.167</ele><time>2026-02-23T07:33:31Z</time><speed>10.720</speed><sat>18</sat></trkpt>
  <trkpt lat="12.66103882" lon="78.01547964"><ele>622.380</ele><time>2026-02-23T07:33:32Z</time><speed>10.760</speed><sat>15</sat></trkpt>
  <trkpt lat="12.66098603" lon="78.01556515"><ele>622.749</ele><time>2026-02-23T07:33:33Z</time><speed>10.870</speed><sat>16</sat></trkpt>
  <trkpt lat="12.66093299" lon="78.01565673"><ele>622.575</ele><time>2026-02-23T07:33:34Z</time><speed>11.050</speed><sat>16</sat></trkpt>
  <trkpt lat="12.66087196" lon="78.01573538"><ele>623.418</ele><time>2026-02-23T07:33:35Z</time><speed>11.040</speed><sat>16</sat></trkpt>
  <trkpt lat="12.66081899" lon="78.01582530"><ele>623.524</ele><time>2026-02-23T07:33:36Z</time><speed>11.140</speed><sat>17</sat></trkpt>
  <trkpt lat="12.66076574" lon="78.01591581"><ele>623.301</ele><time>2026-02-23T07:33:37Z</time><speed>11.180</speed><sat>19</sat></trkpt>
  <trkpt lat="12.66070934" lon="78.01600206"><ele>622.513</ele><time>2026-02-23T07:33:38Z</time><speed>11.200</speed><sat>16</sat></trkpt>
  <trkpt lat="12.66065596" lon="78.01609783"><ele>623.244</ele><time>2026-02-23T07:33:39Z</time><speed>11.160</speed><sat>14</sat></trkpt>
  <trkpt lat="12.66060252" lon="78.01618505"><ele>623.193</ele><time>2026-02-23T07:33:40Z</time><speed>11.160</speed><sat>14</sat></trkpt>
  <trkpt lat="12.66054400" lon="78.01625403"><ele>623.660</ele><time>2026-02-23T07:33:41Z</time><speed>10.740</speed><sat>19</sat></trkpt>
  <trkpt lat="12.66049933" lon="78.01634345"><ele>623.115</ele><time>2026-02-23T07:33:42Z</time><speed>10.330</speed><sat>18</sat></trkpt>
  <trkpt lat="12.66045252" lon="78.01642518"><ele>622.797</ele><time>2026-02-23T07:33:43Z</time><speed>10.090</speed><sat>19</sat></trkpt>
  <trkpt lat="12.66040195" lon="78.01651126"><ele>623.084</ele><time>2026-02-23T07:33:44Z</time><speed>10.140</speed><sat>18</sat></trkpt>
  <trkpt lat="12.66035225" lon="78.01659495"><ele>623.551</ele><time>2026-02-23T07:33:45Z</time><speed>10.240</speed><sat>22</sat></trkpt>
  <trkpt lat="12.66030501" lon="78.01667580"><ele>623.905</ele><time>2026-02-23T07:33:46Z</time><speed>10.150</speed><sat>22</sat></trkpt>
  <trkpt lat="12.66025663" lon="78.01675511"><ele>623.605</ele><time>2026-02-23T07:33:47Z</time><speed>10.130</speed><sat>22</sat></trkpt>
  <trkpt lat="12.66021330" lon="78.01683690"><ele>622.919</ele><time>2026-02-23T07:33:48Z</time><speed>10.120</speed><sat>22</sat></trkpt>
  <trkpt lat="12.66016143" lon="78.01691391"><ele>623.228</ele><time>2026-02-23T07:33:49Z</time><speed>10.250</speed><sat>18</sat></trkpt>
  <trkpt lat="12.66011265" lon="78.01698449"><ele>621.976</ele><time>2026-02-23T07:33:50Z</time><speed>10.370</speed><sat>21</sat></trkpt>
  <trkpt lat="12.66006320" lon="78.01706607"><ele>621.493</ele><time>2026-02-23T07:33:51Z</time><speed>10.490</speed><sat>20</sat></trkpt>
  <trkpt lat="12.66000988" lon="78.01714557"><ele>621.108</ele><time>2026-02-23T07:33:52Z</time><speed>10.560</speed><sat>20</sat></trkpt>
  <trkpt lat="12.65995535" lon="78.01723072"><ele>621.388</ele><time>2026-02-23T07:33:53Z</time><speed>10.560</speed><sat>21</sat></trkpt>
  <trkpt lat="12.65990447" lon="78.01731270"><ele>621.553</ele><time>2026-02-23T07:33:54Z</time><speed>10.530</speed><sat>19</sat></trkpt>
  <trkpt lat="12.65985308" lon="78.01739714"><ele>621.009</ele><time>2026-02-23T07:33:55Z</time><speed>10.430</speed><sat>21</sat></trkpt>
  <trkpt lat="12.65980387" lon="78.01748543"><ele>621.282</ele><time>2026-02-23T07:33:56Z</time><speed>10.530</speed><sat>22</sat></trkpt>
  <trkpt lat="12.65975261" lon="78.01757344"><ele>621.100</ele><time>2026-02-23T07:33:57Z</time><speed>10.700</speed><sat>18</sat></trkpt>
  <trkpt lat="12.65970292" lon="78.01765917"><ele>621.118</ele><time>2026-02-23T07:33:58Z</time><speed>10.940</speed><sat>22</sat></trkpt>
  <trkpt lat="12.65964986" lon="78.01774675"><ele>620.687</ele><time>2026-02-23T07:33:59Z</time><speed>10.890</speed><sat>16</sat></trkpt>
  <trkpt lat="12.65959836" lon="78.01783378"><ele>621.069</ele><time>2026-02-23T07:34:00Z</time><speed>11.200</speed><sat>19</sat></trkpt>
  <trkpt lat="12.65954728" lon="78.01791836"><ele>620.677</ele><time>2026-02-23T07:34:01Z</time><speed>11.110</speed><sat>21</sat></trkpt>
  <trkpt lat="12.65949596" lon="78.01800328"><ele>620.347</ele><time>2026-02-23T07:34:02Z</time><speed>10.930</speed><sat>20</sat></trkpt>
  <trkpt lat="12.65944749" lon="78.01808563"><ele>620.309</ele><time>2026-02-23T07:34:03Z</time><speed>10.660</speed><sat>20</sat></trkpt>
  <trkpt lat="12.65939818" lon="78.01817259"><ele>620.704</ele><time>2026-02-23T07:34:04Z</time><speed>10.630</speed><sat>21</sat></trkpt>
  <trkpt lat="12.65935385" lon="78.01825993"><ele>620.793</ele><time>2026-02-23T07:34:05Z</time><speed>10.650</speed><sat>18</sat></trkpt>
  <trkpt lat="12.65930794" lon="78.01834232"><ele>621.043</ele><time>2026-02-23T07:34:06Z</time><speed>10.150</speed><sat>21</sat></trkpt>
  <trkpt lat="12.65926116" lon="78.01842847"><ele>620.946</ele><time>2026-02-23T07:34:07Z</time><speed>10.180</speed><sat>21</sat></trkpt>
  <trkpt lat="12.65921660" lon="78.01850639"><ele>621.334</ele><time>2026-02-23T07:34:08Z</time><speed>10.220</speed><sat>21</sat></trkpt>
  <trkpt lat="12.65917415" lon="78.01858266"><ele>621.786</ele><time>2026-02-23T07:34:09Z</time><speed>10.120</speed><sat>20</sat></trkpt>
  <trkpt lat="12.65912661" lon="78.01866798"><ele>621.673</ele><time>2026-02-23T07:34:10Z</time><speed>10.070</speed><sat>21</sat></trkpt>
  <trkpt lat="12.65907935" lon="78.01874711"><ele>621.028</ele><time>2026-02-23T07:34:11Z</time><speed>10.070</speed><sat>18</sat></trkpt>
  <trkpt lat="12.65903181" lon="78.01882437"><ele>621.135</ele><time>2026-02-23T07:34:12Z</time><speed>10.070</speed><sat>18</sat></trkpt>
  <trkpt lat="12.65898640" lon="78.01890619"><ele>621.098</ele><time>2026-02-23T07:34:13Z</time><speed>10.040</speed><sat>18</sat></trkpt>
  <trkpt lat="12.65894554" lon="78.01899020"><ele>620.224</ele><time>2026-02-23T07:34:14Z</time><speed>10.040</speed><sat>19</sat></trkpt>
  <trkpt lat="12.65890406" lon="78.01906444"><ele>620.257</ele><time>2026-02-23T07:34:15Z</time><speed>10.000</speed><sat>19</sat></trkpt>
  <trkpt lat="12.65886060" lon="78.01914037"><ele>620.252</ele><time>2026-02-23T07:34:16Z</time><speed>9.960</speed><sat>18</sat></trkpt>
  <trkpt lat="12.65880695" lon="78.01921974"><ele>619.712</ele><time>2026-02-23T07:34:17Z</time><speed>9.980</speed><sat>17</sat></trkpt>
  <trkpt lat="12.65875998" lon="78.01929950"><ele>619.269</ele><time>2026-02-23T07:34:18Z</time><speed>10.040</speed><sat>19</sat></trkpt>
  <trkpt lat="12.65871245" lon="78.01937933"><ele>618.972</ele><time>2026-02-23T07:34:19Z</time><speed>10.130</speed><sat>19</sat></trkpt>
  <trkpt lat="12.65867427" lon="78.01946278"><ele>617.824</ele><time>2026-02-23T07:34:20Z</time><speed>10.130</speed><sat>17</sat></trkpt>
  <trkpt lat="12.65862940" lon="78.01954701"><ele>617.317</ele><time>2026-02-23T07:34:21Z</time><speed>10.160</speed><sat>19</sat></trkpt>
  <trkpt lat="12.65858254" lon="78.01963519"><ele>617.297</ele><time>2026-02-23T07:34:22Z</time><speed>10.340</speed><sat>19</sat></trkpt>
  <trkpt lat="12.65853710" lon="78.01971879"><ele>617.021</ele><time>2026-02-23T07:34:23Z</time><speed>10.280</speed><sat>19</sat></trkpt>
  <trkpt lat="12.65849596" lon="78.01978965"><ele>616.249</ele><time>2026-02-23T07:34:24Z</time><speed>10.380</speed><sat>18</sat></trkpt>
  <trkpt lat="12.65844733" lon="78.01986869"><ele>616.272</ele><time>2026-02-23T07:34:25Z</time><speed>10.370</speed><sat>16</sat></trkpt>
  <trkpt lat="12.65840217" lon="78.01995162"><ele>615.758</ele><time>2026-02-23T07:34:26Z</time><speed>10.340</speed><sat>19</sat></trkpt>
  <trkpt lat="12.65835719" lon="78.02003447"><ele>615.172</ele><time>2026-02-23T07:34:27Z</time><speed>10.380</speed><sat>19</sat></trkpt>
  <trkpt lat="12.65831035" lon="78.02011700"><ele>614.996</ele><time>2026-02-23T07:34:28Z</time><speed>10.400</speed><sat>17</sat></trkpt>
  <trkpt lat="12.65826351" lon="78.02020188"><ele>615.276</ele><time>2026-02-23T07:34:29Z</time><speed>10.300</speed><sat>19</sat></trkpt>
  <trkpt lat="12.65821715" lon="78.02028526"><ele>615.216</ele><time>2026-02-23T07:34:30Z</time><speed>10.250</speed><sat>17</sat></trkpt>
  <trkpt lat="12.65816824" lon="78.02036886"><ele>615.038</ele><time>2026-02-23T07:34:31Z</time><speed>10.290</speed><sat>13</sat></trkpt>
  <trkpt lat="12.65811691" lon="78.02044800"><ele>615.220</ele><time>2026-02-23T07:34:32Z</time><speed>10.300</speed><sat>16</sat></trkpt>
  <trkpt lat="12.65806303" lon="78.02053241"><ele>614.969</ele><time>2026-02-23T07:34:33Z</time><speed>10.440</speed><sat>15</sat></trkpt>
  <trkpt lat="12.65801137" lon="78.02061426"><ele>614.342</ele><time>2026-02-23T07:34:34Z</time><speed>10.530</speed><sat>17</sat></trkpt>
  <trkpt lat="12.65795721" lon="78.02069833"><ele>613.604</ele><time>2026-02-23T07:34:35Z</time><speed>10.630</speed><sat>18</sat></trkpt>
  <trkpt lat="12.65790248" lon="78.02078053"><ele>613.299</ele><time>2026-02-23T07:34:36Z</time><speed>10.870</speed><sat>18</sat></trkpt>
  <trkpt lat="12.65784537" lon="78.02085851"><ele>613.091</ele><time>2026-02-23T07:34:37Z</time><speed>11.090</speed><sat>17</sat></trkpt>
  <trkpt lat="12.65778380" lon="78.02094059"><ele>612.362</ele><time>2026-02-23T07:34:38Z</time><speed>11.220</speed><sat>16</sat></trkpt>
  <trkpt lat="12.65772552" lon="78.02102926"><ele>611.943</ele><time>2026-02-23T07:34:39Z</time><speed>11.330</speed><sat>16</sat></trkpt>
  <trkpt lat="12.65766046" lon="78.02111113"><ele>611.938</ele><time>2026-02-23T07:34:40Z</time><speed>11.350</speed><sat>17</sat></trkpt>
  <trkpt lat="12.65759467" lon="78.02118768"><ele>611.315</ele><time>2026-02-23T07:34:41Z</time><speed>10.960</speed><sat>17</sat></trkpt>
  <trkpt lat="12.65753226" lon="78.02126697"><ele>611.065</ele><time>2026-02-23T07:34:42Z</time><speed>10.580</speed><sat>17</sat></trkpt>
  <trkpt lat="12.65746965" lon="78.02133926"><ele>609.726</ele><time>2026-02-23T07:34:43Z</time><speed>10.290</speed><sat>17</sat></trkpt>
  <trkpt lat="12.65740898" lon="78.02141164"><ele>608.917</ele><time>2026-02-23T07:34:44Z</time><speed>10.350</speed><sat>18</sat></trkpt>
  <trkpt lat="12.65734285" lon="78.02148193"><ele>608.337</ele><time>2026-02-23T07:34:45Z</time><speed>10.580</speed><sat>17</sat></trkpt>
  <trkpt lat="12.65728050" lon="78.02155401"><ele>607.524</ele><time>2026-02-23T07:34:46Z</time><speed>10.790</speed><sat>19</sat></trkpt>
  <trkpt lat="12.65721273" lon="78.02162427"><ele>607.575</ele><time>2026-02-23T07:34:47Z</time><speed>10.860</speed><sat>19</sat></trkpt>
  <trkpt lat="12.65714460" lon="78.02170321"><ele>606.223</ele><time>2026-02-23T07:34:48Z</time><speed>11.130</speed><sat>17</sat></trkpt>
  <trkpt lat="12.65707152" lon="78.02177237"><ele>604.779</ele><time>2026-02-23T07:34:49Z</time><speed>11.220</speed><sat>17</sat></trkpt>
  <trkpt lat="12.65700026" lon="78.02184472"><ele>604.391</ele><time>2026-02-23T07:34:50Z</time><speed>10.980</speed><sat>18</sat></trkpt>
  <trkpt lat="12.65693371" lon="78.02191551"><ele>604.228</ele><time>2026-02-23T07:34:51Z</time><speed>10.770</speed><sat>19</sat></trkpt>
  <trkpt lat="12.65686873" lon="78.02198057"><ele>603.314</ele><time>2026-02-23T07:34:52Z</time><speed>10.610</speed><sat>19</sat></trkpt>
  <trkpt lat="12.65680499" lon="78.02205385"><ele>602.905</ele><time>2026-02-23T07:34:53Z</time><speed>10.550</speed><sat>19</sat></trkpt>
  <trkpt lat="12.65673731" lon="78.02212671"><ele>602.809</ele><time>2026-02-23T07:34:54Z</time><speed>10.540</speed><sat>20</sat></trkpt>
  <trkpt lat="12.65667099" lon="78.02220175"><ele>601.861</ele><time>2026-02-23T07:34:55Z</time><speed>10.610</speed><sat>20</sat></trkpt>
  <trkpt lat="12.65660492" lon="78.02226883"><ele>601.366</ele><time>2026-02-23T07:34:56Z</time><speed>10.560</speed><sat>20</sat></trkpt>
  <trkpt lat="12.65653942" lon="78.02234075"><ele>601.514</ele><time>2026-02-23T07:34:57Z</time><speed>10.700</speed><sat>21</sat></trkpt>
  <trkpt lat="12.65647402" lon="78.02240795"><ele>601.500</ele><time>2026-02-23T07:34:58Z</time><speed>10.720</speed><sat>19</sat></trkpt>
  <trkpt lat="12.65640926" lon="78.02248248"><ele>600.906</ele><time>2026-02-23T07:34:59Z</time><speed>10.720</speed><sat>20</sat></trkpt>
  <trkpt lat="12.65634269" lon="78.02255540"><ele>600.499</ele><time>2026-02-23T07:35:00Z</time><speed>10.810</speed><sat>19</sat></trkpt>
  <trkpt lat="12.65627925" lon="78.02262865"><ele>600.134</ele><time>2026-02-23T07:35:01Z</time><speed>10.490</speed><sat>18</sat></trkpt>
  <trkpt lat="12.65621363" lon="78.02270234"><ele>599.287</ele><time>2026-02-23T07:35:02Z</time><speed>10.650</speed><sat>20</sat></trkpt>
  <trkpt lat="12.65615314" lon="78.02278248"><ele>598.482</ele><time>2026-02-23T07:35:03Z</time><speed>10.800</speed><sat>20</sat></trkpt>
  <trkpt lat="12.65609375" lon="78.02285956"><ele>597.866</ele><time>2026-02-23T07:35:04Z</time><speed>10.970</speed><sat>15</sat></trkpt>
  <trkpt lat="12.65602975" lon="78.02294023"><ele>597.176</ele><time>2026-02-23T07:35:05Z</time><speed>11.170</speed><sat>18</sat></trkpt>
  <trkpt lat="12.65596509" lon="78.02301950"><ele>597.288</ele><time>2026-02-23T07:35:06Z</time><speed>11.260</speed><sat>18</sat></trkpt>
  <trkpt lat="12.65590604" lon="78.02310385"><ele>597.549</ele><time>2026-02-23T07:35:07Z</time><speed>11.200</speed><sat>20</sat></trkpt>
  <trkpt lat="12.65584195" lon="78.02318465"><ele>597.245</ele><time>2026-02-23T07:35:08Z</time><speed>11.040</speed><sat>18</sat></trkpt>
  <trkpt lat="12.65578804" lon="78.02325548"><ele>596.720</ele><time>2026-02-23T07:35:09Z</time><speed>10.870</speed><sat>20</sat></trkpt>
  <trkpt lat="12.65573831" lon="78.02333659"><ele>596.413</ele><time>2026-02-23T07:35:10Z</time><speed>10.900</speed><sat>20</sat></trkpt>
  <trkpt lat="12.65568651" lon="78.02341643"><ele>595.815</ele><time>2026-02-23T07:35:11Z</time><speed>10.800</speed><sat>21</sat></trkpt>
  <trkpt lat="12.65563260" lon="78.02350130"><ele>595.292</ele><time>2026-02-23T07:35:12Z</time><speed>10.300</speed><sat>20</sat></trkpt>
  <trkpt lat="12.65558586" lon="78.02357811"><ele>595.056</ele><time>2026-02-23T07:35:13Z</time><speed>10.070</speed><sat>22</sat></trkpt>
  <trkpt lat="12.65553789" lon="78.02365667"><ele>594.991</ele><time>2026-02-23T07:35:14Z</time><speed>10.060</speed><sat>20</sat></trkpt>
  <trkpt lat="12.65549588" lon="78.02373808"><ele>594.838</ele><time>2026-02-23T07:35:15Z</time><speed>10.070</speed><sat>21</sat></trkpt>
  <trkpt lat="12.65544997" lon="78.02381681"><ele>594.521</ele><time>2026-02-23T07:35:16Z</time><speed>9.870</speed><sat>23</sat></trkpt>
  <trkpt lat="12.65539905" lon="78.02389748"><ele>594.792</ele><time>2026-02-23T07:35:17Z</time><speed>9.950</speed><sat>23</sat></trkpt>
  <trkpt lat="12.65535812" lon="78.02397686"><ele>594.966</ele><time>2026-02-23T07:35:18Z</time><speed>9.990</speed><sat>21</sat></trkpt>
  <trkpt lat="12.65530935" lon="78.02405970"><ele>594.847</ele><time>2026-02-23T07:35:19Z</time><speed>10.020</speed><sat>20</sat></trkpt>
  <trkpt lat="12.65526588" lon="78.02413985"><ele>593.881</ele><time>2026-02-23T07:35:20Z</time><speed>9.950</speed><sat>22</sat></trkpt>
  <trkpt lat="12.65521745" lon="78.02421084"><ele>594.006</ele><time>2026-02-23T07:35:21Z</time><speed>9.840</speed><sat>24</sat></trkpt>
  <trkpt lat="12.65517614" lon="78.02428929"><ele>593.602</ele><time>2026-02-23T07:35:22Z</time><speed>9.810</speed><sat>21</sat></trkpt>
  <trkpt lat="12.65513005" lon="78.02437041"><ele>594.141</ele><time>2026-02-23T07:35:23Z</time><speed>10.080</speed><sat>21</sat></trkpt>
  <trkpt lat="12.65508689" lon="78.02445119"><ele>593.593</ele><time>2026-02-23T07:35:24Z</time><speed>10.390</speed><sat>24</sat></trkpt>
  <trkpt lat="12.65503389" lon="78.02453773"><ele>593.909</ele><time>2026-02-23T07:35:25Z</time><speed>10.500</speed><sat>18</sat></trkpt>
  <trkpt lat="12.65498589" lon="78.02462166"><ele>593.379</ele><time>2026-02-23T07:35:26Z</time><speed>10.690</speed><sat>21</sat></trkpt>
  <trkpt lat="12.65493321" lon="78.02470528"><ele>592.883</ele><time>2026-02-23T07:35:27Z</time><speed>10.770</speed><sat>20</sat></trkpt>
  <trkpt lat="12.65487593" lon="78.02478738"><ele>592.837</ele><time>2026-02-23T07:35:28Z</time><speed>10.930</speed><sat>20</sat></trkpt>
  <trkpt lat="12.65482273" lon="78.02487170"><ele>592.874</ele><time>2026-02-23T07:35:29Z</time><speed>10.980</speed><sat>22</sat></trkpt>
  <trkpt lat="12.65477250" lon="78.02495355"><ele>592.214</ele><time>2026-02-23T07:35:30Z</time><speed>11.130</speed><sat>20</sat></trkpt>
  <trkpt lat="12.65472335" lon="78.02504461"><ele>591.578</ele><time>2026-02-23T07:35:31Z</time><speed>11.230</speed><sat>22</sat></trkpt>
  <trkpt lat="12.65467123" lon="78.02512792"><ele>591.079</ele><time>2026-02-23T07:35:32Z</time><speed>11.340</speed><sat>20</sat></trkpt>
  <trkpt lat="12.65461845" lon="78.02521954"><ele>591.126</ele><time>2026-02-23T07:35:33Z</time><speed>11.500</speed><sat>22</sat></trkpt>
  <trkpt lat="12.65456453" lon="78.02530864"><ele>591.038</ele><time>2026-02-23T07:35:34Z</time><speed>11.310</speed><sat>20</sat></trkpt>
  <trkpt lat="12.65451346" lon="78.02539597"><ele>591.473</ele><time>2026-02-23T07:35:35Z</time><speed>10.820</speed><sat>22</sat></trkpt>
  <trkpt lat="12.65446571" lon="78.02547967"><ele>590.935</ele><time>2026-02-23T07:35:36Z</time><speed>10.550</speed><sat>23</sat></trkpt>
  <trkpt lat="12.65441382" lon="78.02556759"><ele>590.786</ele><time>2026-02-23T07:35:37Z</time><speed>10.270</speed><sat>21</sat></trkpt>
  <trkpt lat="12.65436360" lon="78.02564442"><ele>591.308</ele><time>2026-02-23T07:35:38Z</time><speed>10.000</speed><sat>22</sat></trkpt>
  <trkpt lat="12.65431678" lon="78.02571549"><ele>591.619</ele><time>2026-02-23T07:35:39Z</time><speed>9.480</speed><sat>19</sat></trkpt>
  <trkpt lat="12.65427552" lon="78.02579022"><ele>591.335</ele><time>2026-02-23T07:35:40Z</time><speed>9.930</speed><sat>25</sat></trkpt>
  <trkpt lat="12.65422599" lon="78.02586809"><ele>592.087</ele><time>2026-02-23T07:35:41Z</time><speed>9.950</speed><sat>24</sat></trkpt>
  <trkpt lat="12.65417883" lon="78.02594935"><ele>592.295</ele><time>2026-02-23T07:35:42Z</time><speed>9.850</speed><sat>23</sat></trkpt>
  <trkpt lat="12.65412791" lon="78.02602743"><ele>592.729</ele><time>2026-02-23T07:35:43Z</time><speed>9.910</speed><sat>25</sat></trkpt>
  <trkpt lat="12.65407994" lon="78.02610444"><ele>593.268</ele><time>2026-02-23T07:35:44Z</time><speed>10.050</speed><sat>24</sat></trkpt>
  <trkpt lat="12.65403385" lon="78.02618413"><ele>593.159</ele><time>2026-02-23T07:35:45Z</time><speed>10.070</speed><sat>23</sat></trkpt>
  <trkpt lat="12.65398812" lon="78.02626270"><ele>593.349</ele><time>2026-02-23T07:35:46Z</time><speed>10.030</speed><sat>15</sat></trkpt>
  <trkpt lat="12.65394199" lon="78.02634881"><ele>593.614</ele><time>2026-02-23T07:35:47Z</time><speed>10.140</speed><sat>22</sat></trkpt>
  <trkpt lat="12.65389234" lon="78.02642693"><ele>593.922</ele><time>2026-02-23T07:35:48Z</time><speed>10.110</speed><sat>22</sat></trkpt>
  <trkpt lat="12.65384471" lon="78.02650029"><ele>594.071</ele><time>2026-02-23T07:35:49Z</time><speed>10.160</speed><sat>22</sat></trkpt>
  <trkpt lat="12.65379655" lon="78.02658144"><ele>594.217</ele><time>2026-02-23T07:35:50Z</time><speed>10.270</speed><sat>22</sat></trkpt>
  <trkpt lat="12.65375059" lon="78.02666067"><ele>594.887</ele><time>2026-02-23T07:35:51Z</time><speed>10.190</speed><sat>21</sat></trkpt>
  <trkpt lat="12.65369911" lon="78.02674418"><ele>595.167</ele><time>2026-02-23T07:35:52Z</time><speed>10.180</speed><sat>22</sat></trkpt>
  <trkpt lat="12.65364062" lon="78.02681570"><ele>595.285</ele><time>2026-02-23T07:35:53Z</time><speed>10.180</speed><sat>22</sat></trkpt>
  <trkpt lat="12.65359349" lon="78.02689309"><ele>596.025</ele><time>2026-02-23T07:35:54Z</time><speed>10.250</speed><sat>22</sat></trkpt>
  <trkpt lat="12.65354130" lon="78.02696955"><ele>596.325</ele><time>2026-02-23T07:35:55Z</time><speed>10.080</speed><sat>19</sat></trkpt>
  <trkpt lat="12.65348865" lon="78.02704313"><ele>596.950</ele><time>2026-02-23T07:35:56Z</time><speed>10.090</speed><sat>21</sat></trkpt>
  <trkpt lat="12.65344110" lon="78.02713200"><ele>597.082</ele><time>2026-02-23T07:35:57Z</time><speed>10.030</speed><sat>21</sat></trkpt>
  <trkpt lat="12.65339441" lon="78.02720920"><ele>597.425</ele><time>2026-02-23T07:35:58Z</time><speed>10.210</speed><sat>18</sat></trkpt>
  <trkpt lat="12.65334789" lon="78.02729012"><ele>597.676</ele><time>2026-02-23T07:35:59Z</time><speed>10.330</speed><sat>18</sat></trkpt>
  <trkpt lat="12.65330172" lon="78.02737505"><ele>597.821</ele><time>2026-02-23T07:36:00Z</time><speed>10.450</speed><sat>22</sat></trkpt>
  <trkpt lat="12.65325205" lon="78.02745477"><ele>597.363</ele><time>2026-02-23T07:36:01Z</time><speed>10.470</speed><sat>20</sat></trkpt>
  <trkpt lat="12.65320397" lon="78.02754686"><ele>597.862</ele><time>2026-02-23T07:36:02Z</time><speed>10.560</speed><sat>21</sat></trkpt>
  <trkpt lat="12.65315643" lon="78.02763890"><ele>598.310</ele><time>2026-02-23T07:36:03Z</time><speed>10.710</speed><sat>22</sat></trkpt>
  <trkpt lat="12.65311113" lon="78.02772660"><ele>598.534</ele><time>2026-02-23T07:36:04Z</time><speed>10.860</speed><sat>23</sat></trkpt>
  <trkpt lat="12.65306551" lon="78.02782059"><ele>598.739</ele><time>2026-02-23T07:36:05Z</time><speed>10.810</speed><sat>22</sat></trkpt>
  <trkpt lat="12.65302840" lon="78.02790901"><ele>598.692</ele><time>2026-02-23T07:36:06Z</time><speed>10.780</speed><sat>20</sat></trkpt>
  <trkpt lat="12.65299053" lon="78.02799849"><ele>599.342</ele><time>2026-02-23T07:36:07Z</time><speed>10.490</speed><sat>23</sat></trkpt>
  <trkpt lat="12.65295295" lon="78.02808298"><ele>599.952</ele><time>2026-02-23T07:36:08Z</time><speed>10.240</speed><sat>19</sat></trkpt>
  <trkpt lat="12.65291669" lon="78.02817267"><ele>600.077</ele><time>2026-02-23T07:36:09Z</time><speed>10.110</speed><sat>23</sat></trkpt>
  <trkpt lat="12.65288319" lon="78.02825701"><ele>599.841</ele><time>2026-02-23T07:36:10Z</time><speed>9.980</speed><sat>22</sat></trkpt>
  <trkpt lat="12.65285285" lon="78.02834224"><ele>599.450</ele><time>2026-02-23T07:36:11Z</time><speed>9.780</speed><sat>21</sat></trkpt>
  <trkpt lat="12.65282272" lon="78.02842563"><ele>599.226</ele><time>2026-02-23T07:36:12Z</time><speed>9.760</speed><sat>22</sat></trkpt>
  <trkpt lat="12.65278840" lon="78.02851597"><ele>598.617</ele><time>2026-02-23T07:36:13Z</time><speed>9.620</speed><sat>23</sat></trkpt>
  <trkpt lat="12.65275453" lon="78.02859885"><ele>598.506</ele><time>2026-02-23T07:36:14Z</time><speed>9.500</speed><sat>23</sat></trkpt>
  <trkpt lat="12.65272245" lon="78.02867684"><ele>598.960</ele><time>2026-02-23T07:36:15Z</time><speed>9.450</speed><sat>22</sat></trkpt>
  <trkpt lat="12.65268931" lon="78.02876047"><ele>598.239</ele><time>2026-02-23T07:36:16Z</time><speed>9.540</speed><sat>22</sat></trkpt>
  <trkpt lat="12.65266001" lon="78.02884649"><ele>598.193</ele><time>2026-02-23T07:36:17Z</time><speed>9.690</speed><sat>21</sat></trkpt>
  <trkpt lat="12.65262504" lon="78.02893052"><ele>598.128</ele><time>2026-02-23T07:36:18Z</time><speed>9.930</speed><sat>18</sat></trkpt>
  <trkpt lat="12.65258895" lon="78.02902001"><ele>598.100</ele><time>2026-02-23T07:36:19Z</time><speed>10.190</speed><sat>21</sat></trkpt>
  <trkpt lat="12.65255493" lon="78.02910656"><ele>597.676</ele><time>2026-02-23T07:36:20Z</time><speed>10.330</speed><sat>22</sat></trkpt>
  <trkpt lat="12.65252239" lon="78.02918949"><ele>596.901</ele><time>2026-02-23T07:36:21Z</time><speed>10.460</speed><sat>23</sat></trkpt>
  <trkpt lat="12.65248690" lon="78.02928391"><ele>596.263</ele><time>2026-02-23T07:36:22Z</time><speed>10.610</speed><sat>22</sat></trkpt>
  <trkpt lat="12.65245436" lon="78.02937485"><ele>595.740</ele><time>2026-02-23T07:36:23Z</time><speed>10.650</speed><sat>23</sat></trkpt>
  <trkpt lat="12.65241920" lon="78.02946913"><ele>594.966</ele><time>2026-02-23T07:36:24Z</time><speed>10.770</speed><sat>24</sat></trkpt>
  <trkpt lat="12.65238461" lon="78.02956244"><ele>594.607</ele><time>2026-02-23T07:36:25Z</time><speed>10.940</speed><sat>22</sat></trkpt>
  <trkpt lat="12.65235116" lon="78.02965817"><ele>594.052</ele><time>2026-02-23T07:36:26Z</time><speed>11.020</speed><sat>21</sat></trkpt>
  <trkpt lat="12.65231982" lon="78.02974991"><ele>593.550</ele><time>2026-02-23T07:36:27Z</time><speed>11.070</speed><sat>21</sat></trkpt>
  <trkpt lat="12.65228443" lon="78.02984695"><ele>593.691</ele><time>2026-02-23T07:36:28Z</time><speed>11.110</speed><sat>20</sat></trkpt>
  <trkpt lat="12.65224499" lon="78.02994370"><ele>593.319</ele><time>2026-02-23T07:36:29Z</time><speed>11.170</speed><sat>21</sat></trkpt>
  <trkpt lat="12.65220777" lon="78.03003640"><ele>593.663</ele><time>2026-02-23T07:36:30Z</time><speed>11.140</speed><sat>17</sat></trkpt>
  <trkpt lat="12.65217138" lon="78.03013092"><ele>593.655</ele><time>2026-02-23T07:36:31Z</time><speed>11.120</speed><sat>22</sat></trkpt>
  <trkpt lat="12.65213923" lon="78.03021602"><ele>592.507</ele><time>2026-02-23T07:36:32Z</time><speed>10.830</speed><sat>22</sat></trkpt>
  <trkpt lat="12.65211285" lon="78.03031379"><ele>593.031</ele><time>2026-02-23T07:36:33Z</time><speed>11.240</speed><sat>20</sat></trkpt>
  <trkpt lat="12.65207574" lon="78.03039097"><ele>592.010</ele><time>2026-02-23T07:36:34Z</time><speed>10.410</speed><sat>21</sat></trkpt>
  <trkpt lat="12.65203928" lon="78.03047958"><ele>592.616</ele><time>2026-02-23T07:36:35Z</time><speed>10.210</speed><sat>21</sat></trkpt>
  <trkpt lat="12.65200559" lon="78.03056907"><ele>592.045</ele><time>2026-02-23T07:36:36Z</time><speed>9.950</speed><sat>23</sat></trkpt>
  <trkpt lat="12.65197260" lon="78.03065325"><ele>591.715</ele><time>2026-02-23T07:36:37Z</time><speed>9.780</speed><sat>22</sat></trkpt>
  <trkpt lat="12.65193739" lon="78.03073841"><ele>591.334</ele><time>2026-02-23T07:36:38Z</time><speed>9.440</speed><sat>22</sat></trkpt>
  <trkpt lat="12.65190104" lon="78.03081497"><ele>590.124</ele><time>2026-02-23T07:36:39Z</time><speed>9.540</speed><sat>22</sat></trkpt>
  <trkpt lat="12.65186418" lon="78.03089358"><ele>590.902</ele><time>2026-02-23T07:36:40Z</time><speed>9.580</speed><sat>22</sat></trkpt>
  <trkpt lat="12.65182746" lon="78.03097426"><ele>590.471</ele><time>2026-02-23T07:36:41Z</time><speed>9.430</speed><sat>18</sat></trkpt>
  <trkpt lat="12.65178187" lon="78.03104316"><ele>588.487</ele><time>2026-02-23T07:36:42Z</time><speed>9.600</speed><sat>24</sat></trkpt>
  <trkpt lat="12.65175195" lon="78.03112612"><ele>588.033</ele><time>2026-02-23T07:36:43Z</time><speed>9.550</speed><sat>24</sat></trkpt>
  <trkpt lat="12.65171750" lon="78.03120396"><ele>587.832</ele><time>2026-02-23T07:36:44Z</time><speed>9.600</speed><sat>21</sat></trkpt>
  <trkpt lat="12.65168480" lon="78.03129035"><ele>587.439</ele><time>2026-02-23T07:36:45Z</time><speed>9.670</speed><sat>24</sat></trkpt>
  <trkpt lat="12.65165503" lon="78.03137467"><ele>586.810</ele><time>2026-02-23T07:36:46Z</time><speed>9.700</speed><sat>20</sat></trkpt>
  <trkpt lat="12.65162595" lon="78.03145544"><ele>586.859</ele><time>2026-02-23T07:36:47Z</time><speed>9.720</speed><sat>20</sat></trkpt>
  <trkpt lat="12.65159317" lon="78.03153979"><ele>586.583</ele><time>2026-02-23T07:36:48Z</time><speed>9.750</speed><sat>24</sat></trkpt>
  <trkpt lat="12.65156483" lon="78.03162577"><ele>586.774</ele><time>2026-02-23T07:36:49Z</time><speed>9.690</speed><sat>23</sat></trkpt>
  <trkpt lat="12.65153093" lon="78.03170980"><ele>586.709</ele><time>2026-02-23T07:36:50Z</time><speed>9.700</speed><sat>23</sat></trkpt>
  <trkpt lat="12.65150261" lon="78.03179893"><ele>586.736</ele><time>2026-02-23T07:36:51Z</time><speed>9.620</speed><sat>22</sat></trkpt>
  <trkpt lat="12.65147458" lon="78.03188300"><ele>586.669</ele><time>2026-02-23T07:36:52Z</time><speed>9.460</speed><sat>20</sat></trkpt>
  <trkpt lat="12.65144797" lon="78.03196493"><ele>585.837</ele><time>2026-02-23T07:36:53Z</time><speed>9.310</speed><sat>23</sat></trkpt>
  <trkpt lat="12.65141511" lon="78.03204885"><ele>585.452</ele><time>2026-02-23T07:36:54Z</time><speed>9.190</speed><sat>23</sat></trkpt>
  <trkpt lat="12.65138812" lon="78.03212540"><ele>585.648</ele><time>2026-02-23T07:36:55Z</time><speed>9.010</speed><sat>20</sat></trkpt>
  <trkpt lat="12.65135797" lon="78.03220086"><ele>585.508</ele><time>2026-02-23T07:36:56Z</time><speed>8.870</speed><sat>22</sat></trkpt>
  <trkpt lat="12.65132926" lon="78.03227894"><ele>585.379</ele><time>2026-02-23T07:36:57Z</time><speed>8.890</speed><sat>20</sat></trkpt>
  <trkpt lat="12.65130211" lon="78.03235189"><ele>586.662</ele><time>2026-02-23T07:36:58Z</time><speed>8.710</speed><sat>23</sat></trkpt>
  <trkpt lat="12.65126789" lon="78.03242948"><ele>587.261</ele><time>2026-02-23T07:36:59Z</time><speed>8.910</speed><sat>20</sat></trkpt>
  <trkpt lat="12.65124373" lon="78.03251080"><ele>587.117</ele><time>2026-02-23T07:37:00Z</time><speed>9.070</speed><sat>22</sat></trkpt>
  <trkpt lat="12.65121236" lon="78.03258939"><ele>587.016</ele><time>2026-02-23T07:37:01Z</time><speed>9.230</speed><sat>21</sat></trkpt>
  <trkpt lat="12.65118081" lon="78.03266658"><ele>587.234</ele><time>2026-02-23T07:37:02Z</time><speed>9.490</speed><sat>23</sat></trkpt>
  <trkpt lat="12.65114384" lon="78.03274880"><ele>587.592</ele><time>2026-02-23T07:37:03Z</time><speed>9.670</speed><sat>24</sat></trkpt>
  <trkpt lat="12.65111642" lon="78.03283633"><ele>587.612</ele><time>2026-02-23T07:37:04Z</time><speed>10.050</speed><sat>25</sat></trkpt>
  <trkpt lat="12.65108770" lon="78.03291886"><ele>587.771</ele><time>2026-02-23T07:37:05Z</time><speed>9.980</speed><sat>22</sat></trkpt>
  <trkpt lat="12.65105285" lon="78.03300887"><ele>587.950</ele><time>2026-02-23T07:37:06Z</time><speed>10.020</speed><sat>19</sat></trkpt>
  <trkpt lat="12.65101269" lon="78.03309595"><ele>586.633</ele><time>2026-02-23T07:37:07Z</time><speed>10.080</speed><sat>23</sat></trkpt>
  <trkpt lat="12.65098178" lon="78.03318390"><ele>586.596</ele><time>2026-02-23T07:37:08Z</time><speed>10.270</speed><sat>23</sat></trkpt>
  <trkpt lat="12.65094948" lon="78.03327552"><ele>586.397</ele><time>2026-02-23T07:37:09Z</time><speed>10.260</speed><sat>23</sat></trkpt>
  <trkpt lat="12.65091261" lon="78.03336340"><ele>586.995</ele><time>2026-02-23T07:37:10Z</time><speed>10.440</speed><sat>20</sat></trkpt>
  <trkpt lat="12.65087689" lon="78.03345129"><ele>586.572</ele><time>2026-02-23T07:37:11Z</time><speed>10.320</speed><sat>22</sat></trkpt>
  <trkpt lat="12.65084937" lon="78.03354076"><ele>585.909</ele><time>2026-02-23T07:37:12Z</time><speed>10.300</speed><sat>21</sat></trkpt>
  <trkpt lat="12.65081690" lon="78.03362595"><ele>586.842</ele><time>2026-02-23T07:37:13Z</time><speed>10.400</speed><sat>19</sat></trkpt>
  <trkpt lat="12.65078363" lon="78.03371908"><ele>586.634</ele><time>2026-02-23T07:37:14Z</time><speed>10.300</speed><sat>21</sat></trkpt>
  <trkpt lat="12.65075460" lon="78.03381102"><ele>586.383</ele><time>2026-02-23T07:37:15Z</time><speed>10.080</speed><sat>22</sat></trkpt>
  <trkpt lat="12.65071641" lon="78.03389452"><ele>586.196</ele><time>2026-02-23T07:37:16Z</time><speed>9.840</speed><sat>23</sat></trkpt>
  <trkpt lat="12.65068680" lon="78.03396712"><ele>584.917</ele><time>2026-02-23T07:37:17Z</time><speed>9.700</speed><sat>22</sat></trkpt>
  <trkpt lat="12.65065510" lon="78.03404905"><ele>585.716</ele><time>2026-02-23T07:37:18Z</time><speed>9.590</speed><sat>24</sat></trkpt>
  <trkpt lat="12.65062313" lon="78.03412876"><ele>584.194</ele><time>2026-02-23T07:37:19Z</time><speed>9.530</speed><sat>22</sat></trkpt>
  <trkpt lat="12.65059476" lon="78.03421193"><ele>584.046</ele><time>2026-02-23T07:37:20Z</time><speed>9.430</speed><sat>24</sat></trkpt>
  <trkpt lat="12.65056088" lon="78.03429161"><ele>583.126</ele><time>2026-02-23T07:37:21Z</time><speed>9.470</speed><sat>24</sat></trkpt>
  <trkpt lat="12.65053196" lon="78.03437794"><ele>582.918</ele><time>2026-02-23T07:37:22Z</time><speed>9.490</speed><sat>23</sat></trkpt>
  <trkpt lat="12.65050256" lon="78.03446298"><ele>582.160</ele><time>2026-02-23T07:37:23Z</time><speed>9.690</speed><sat>22</sat></trkpt>
  <trkpt lat="12.65047224" lon="78.03455146"><ele>582.122</ele><time>2026-02-23T07:37:24Z</time><speed>9.910</speed><sat>22</sat></trkpt>
  <trkpt lat="12.65044244" lon="78.03463808"><ele>581.953</ele><time>2026-02-23T07:37:25Z</time><speed>9.940</speed><sat>23</sat></trkpt>
  <trkpt lat="12.65040620" lon="78.03471928"><ele>580.296</ele><time>2026-02-23T07:37:26Z</time><speed>10.100</speed><sat>23</sat></trkpt>
  <trkpt lat="12.65037185" lon="78.03480391"><ele>579.134</ele><time>2026-02-23T07:37:27Z</time><speed>10.270</speed><sat>23</sat></trkpt>
  <trkpt lat="12.65033980" lon="78.03488946"><ele>578.336</ele><time>2026-02-23T07:37:28Z</time><speed>10.280</speed><sat>22</sat></trkpt>
  <trkpt lat="12.65030854" lon="78.03497234"><ele>578.344</ele><time>2026-02-23T07:37:29Z</time><speed>10.400</speed><sat>23</sat></trkpt>
  <trkpt lat="12.65027661" lon="78.03506184"><ele>578.530</ele><time>2026-02-23T07:37:30Z</time><speed>10.390</speed><sat>23</sat></trkpt>
  <trkpt lat="12.65024405" lon="78.03515128"><ele>578.254</ele><time>2026-02-23T07:37:31Z</time><speed>10.440</speed><sat>23</sat></trkpt>
  <trkpt lat="12.65021139" lon="78.03524488"><ele>577.896</ele><time>2026-02-23T07:37:32Z</time><speed>10.460</speed><sat>21</sat></trkpt>
  <trkpt lat="12.65018089" lon="78.03533441"><ele>577.639</ele><time>2026-02-23T07:37:33Z</time><speed>10.580</speed><sat>21</sat></trkpt>
  <trkpt lat="12.65014377" lon="78.03542442"><ele>577.000</ele><time>2026-02-23T07:37:34Z</time><speed>10.600</speed><sat>20</sat></trkpt>
  <trkpt lat="12.65010898" lon="78.03551377"><ele>576.649</ele><time>2026-02-23T07:37:35Z</time><speed>10.620</speed><sat>23</sat></trkpt>
  <trkpt lat="12.65007307" lon="78.03560423"><ele>576.606</ele><time>2026-02-23T07:37:36Z</time><speed>10.520</speed><sat>22</sat></trkpt>
  <trkpt lat="12.65004177" lon="78.03569369"><ele>575.640</ele><time>2026-02-23T07:37:37Z</time><speed>10.380</speed><sat>23</sat></trkpt>
  <trkpt lat="12.65000782" lon="78.03578297"><ele>575.393</ele><time>2026-02-23T07:37:38Z</time><speed>10.210</speed><sat>20</sat></trkpt>
  <trkpt lat="12.64997406" lon="78.03587493"><ele>574.969</ele><time>2026-02-23T07:37:39Z</time><speed>10.160</speed><sat>21</sat></trkpt>
  <trkpt lat="12.64994175" lon="78.03596084"><ele>574.277</ele><time>2026-02-23T07:37:40Z</time><speed>10.110</speed><sat>20</sat></trkpt>
  <trkpt lat="12.64991294" lon="78.03604940"><ele>573.879</ele><time>2026-02-23T07:37:41Z</time><speed>10.110</speed><sat>19</sat></trkpt>
  <trkpt lat="12.64988385" lon="78.03613842"><ele>573.303</ele><time>2026-02-23T07:37:42Z</time><speed>10.070</speed><sat>21</sat></trkpt>
  <trkpt lat="12.64984297" lon="78.03622283"><ele>573.107</ele><time>2026-02-23T07:37:43Z</time><speed>9.980</speed><sat>15</sat></trkpt>
  <trkpt lat="12.64981001" lon="78.03630688"><ele>573.765</ele><time>2026-02-23T07:37:44Z</time><speed>9.780</speed><sat>21</sat></trkpt>
  <trkpt lat="12.64977571" lon="78.03638829"><ele>573.734</ele><time>2026-02-23T07:37:45Z</time><speed>9.630</speed><sat>20</sat></trkpt>
  <trkpt lat="12.64975457" lon="78.03647708"><ele>573.458</ele><time>2026-02-23T07:37:46Z</time><speed>9.600</speed><sat>23</sat></trkpt>
  <trkpt lat="12.64971473" lon="78.03655659"><ele>572.961</ele><time>2026-02-23T07:37:47Z</time><speed>9.390</speed><sat>20</sat></trkpt>
  <trkpt lat="12.64967961" lon="78.03663769"><ele>573.122</ele><time>2026-02-23T07:37:48Z</time><speed>9.490</speed><sat>21</sat></trkpt>
  <trkpt lat="12.64965419" lon="78.03671261"><ele>572.287</ele><time>2026-02-23T07:37:49Z</time><speed>9.310</speed><sat>20</sat></trkpt>
  <trkpt lat="12.64963434" lon="78.03678640"><ele>572.162</ele><time>2026-02-23T07:37:50Z</time><speed>9.220</speed><sat>17</sat></trkpt>
  <trkpt lat="12.64960764" lon="78.03687231"><ele>572.002</ele><time>2026-02-23T07:37:51Z</time><speed>9.160</speed><sat>18</sat></trkpt>
  <trkpt lat="12.64957991" lon="78.03694787"><ele>571.771</ele><time>2026-02-23T07:37:52Z</time><speed>9.000</speed><sat>19</sat></trkpt>
  <trkpt lat="12.64954697" lon="78.03701560"><ele>571.943</ele><time>2026-02-23T07:37:53Z</time><speed>8.760</speed><sat>24</sat></trkpt>
  <trkpt lat="12.64951828" lon="78.03709424"><ele>572.071</ele><time>2026-02-23T07:37:54Z</time><speed>8.850</speed><sat>20</sat></trkpt>
  <trkpt lat="12.64949311" lon="78.03717330"><ele>572.565</ele><time>2026-02-23T07:37:55Z</time><speed>8.610</speed><sat>18</sat></trkpt>
  <trkpt lat="12.64945685" lon="78.03724836"><ele>572.142</ele><time>2026-02-23T07:37:56Z</time><speed>8.470</speed><sat>23</sat></trkpt>
  <trkpt lat="12.64943028" lon="78.03732210"><ele>572.082</ele><time>2026-02-23T07:37:57Z</time><speed>8.500</speed><sat>22</sat></trkpt>
  <trkpt lat="12.64940585" lon="78.03740089"><ele>571.956</ele><time>2026-02-23T07:37:58Z</time><speed>8.470</speed><sat>21</sat></trkpt>
  <trkpt lat="12.64937783" lon="78.03748025"><ele>571.880</ele><time>2026-02-23T07:37:59Z</time><speed>8.540</speed><sat>24</sat></trkpt>
  <trkpt lat="12.64935749" lon="78.03754744"><ele>572.044</ele><time>2026-02-23T07:38:00Z</time><speed>8.290</speed><sat>20</sat></trkpt>
  <trkpt lat="12.64932800" lon="78.03762158"><ele>571.121</ele><time>2026-02-23T07:38:01Z</time><speed>8.640</speed><sat>17</sat></trkpt>
  <trkpt lat="12.64930354" lon="78.03769289"><ele>570.921</ele><time>2026-02-23T07:38:02Z</time><speed>8.330</speed><sat>18</sat></trkpt>
  <trkpt lat="12.64927814" lon="78.03776477"><ele>570.174</ele><time>2026-02-23T07:38:03Z</time><speed>8.430</speed><sat>20</sat></trkpt>
  <trkpt lat="12.64925291" lon="78.03783394"><ele>569.763</ele><time>2026-02-23T07:38:04Z</time><speed>8.580</speed><sat>22</sat></trkpt>
  <trkpt lat="12.64922174" lon="78.03791255"><ele>569.314</ele><time>2026-02-23T07:38:05Z</time><speed>8.670</speed><sat>23</sat></trkpt>
  <trkpt lat="12.64919404" lon="78.03798273"><ele>569.049</ele><time>2026-02-23T07:38:06Z</time><speed>8.760</speed><sat>23</sat></trkpt>
  <trkpt lat="12.64916452" lon="78.03805527"><ele>568.191</ele><time>2026-02-23T07:38:07Z</time><speed>8.830</speed><sat>24</sat></trkpt>
  <trkpt lat="12.64913363" lon="78.03813343"><ele>567.799</ele><time>2026-02-23T07:38:08Z</time><speed>9.040</speed><sat>24</sat></trkpt>
  <trkpt lat="12.64910246" lon="78.03821741"><ele>567.157</ele><time>2026-02-23T07:38:09Z</time><speed>9.040</speed><sat>21</sat></trkpt>
  <trkpt lat="12.64906840" lon="78.03829528"><ele>566.870</ele><time>2026-02-23T07:38:10Z</time><speed>9.060</speed><sat>23</sat></trkpt>
  <trkpt lat="12.64903429" lon="78.03837281"><ele>566.173</ele><time>2026-02-23T07:38:11Z</time><speed>9.040</speed><sat>19</sat></trkpt>
  <trkpt lat="12.64900589" lon="78.03844821"><ele>565.735</ele><time>2026-02-23T07:38:12Z</time><speed>9.110</speed><sat>23</sat></trkpt>
  <trkpt lat="12.64897603" lon="78.03852734"><ele>565.593</ele><time>2026-02-23T07:38:13Z</time><speed>9.250</speed><sat>24</sat></trkpt>
  <trkpt lat="12.64894492" lon="78.03860957"><ele>565.391</ele><time>2026-02-23T07:38:14Z</time><speed>9.340</speed><sat>22</sat></trkpt>
  <trkpt lat="12.64891358" lon="78.03869220"><ele>565.436</ele><time>2026-02-23T07:38:15Z</time><speed>9.400</speed><sat>24</sat></trkpt>
  <trkpt lat="12.64887963" lon="78.03877413"><ele>565.025</ele><time>2026-02-23T07:38:16Z</time><speed>9.520</speed><sat>22</sat></trkpt>
  <trkpt lat="12.64884323" lon="78.03885535"><ele>564.351</ele><time>2026-02-23T07:38:17Z</time><speed>9.600</speed><sat>23</sat></trkpt>
  <trkpt lat="12.64880944" lon="78.03893645"><ele>563.676</ele><time>2026-02-23T07:38:18Z</time><speed>9.740</speed><sat>23</sat></trkpt>
  <trkpt lat="12.64877475" lon="78.03902246"><ele>562.919</ele><time>2026-02-23T07:38:19Z</time><speed>9.930</speed><sat>23</sat></trkpt>
  <trkpt lat="12.64873888" lon="78.03910364"><ele>562.596</ele><time>2026-02-23T07:38:20Z</time><speed>10.020</speed><sat>22</sat></trkpt>
  <trkpt lat="12.64870475" lon="78.03919072"><ele>562.087</ele><time>2026-02-23T07:38:21Z</time><speed>10.070</speed><sat>23</sat></trkpt>
  <trkpt lat="12.64867079" lon="78.03927870"><ele>561.899</ele><time>2026-02-23T07:38:22Z</time><speed>10.260</speed><sat>18</sat></trkpt>
  <trkpt lat="12.64863498" lon="78.03936422"><ele>561.895</ele><time>2026-02-23T07:38:23Z</time><speed>10.200</speed><sat>19</sat></trkpt>
  <trkpt lat="12.64860312" lon="78.03944885"><ele>562.213</ele><time>2026-02-23T07:38:24Z</time><speed>10.140</speed><sat>22</sat></trkpt>
  <trkpt lat="12.64857238" lon="78.03953467"><ele>562.280</ele><time>2026-02-23T07:38:25Z</time><speed>10.040</speed><sat>21</sat></trkpt>
  <trkpt lat="12.64854119" lon="78.03962113"><ele>562.143</ele><time>2026-02-23T07:38:26Z</time><speed>9.950</speed><sat>19</sat></trkpt>
  <trkpt lat="12.64851217" lon="78.03970412"><ele>562.572</ele><time>2026-02-23T07:38:27Z</time><speed>9.810</speed><sat>21</sat></trkpt>
  <trkpt lat="12.64848074" lon="78.03978993"><ele>562.391</ele><time>2026-02-23T07:38:28Z</time><speed>9.710</speed><sat>22</sat></trkpt>
  <trkpt lat="12.64844373" lon="78.03986926"><ele>561.416</ele><time>2026-02-23T07:38:29Z</time><speed>9.550</speed><sat>21</sat></trkpt>
  <trkpt lat="12.64841779" lon="78.03995159"><ele>560.831</ele><time>2026-02-23T07:38:30Z</time><speed>9.270</speed><sat>22</sat></trkpt>
  <trkpt lat="12.64838090" lon="78.04002459"><ele>561.128</ele><time>2026-02-23T07:38:31Z</time><speed>9.150</speed><sat>23</sat></trkpt>
  <trkpt lat="12.64834631" lon="78.04010234"><ele>561.083</ele><time>2026-02-23T07:38:32Z</time><speed>8.990</speed><sat>23</sat></trkpt>
  <trkpt lat="12.64830851" lon="78.04018119"><ele>561.132</ele><time>2026-02-23T07:38:33Z</time><speed>9.000</speed><sat>17</sat></trkpt>
  <trkpt lat="12.64827342" lon="78.04025777"><ele>561.184</ele><time>2026-02-23T07:38:34Z</time><speed>9.050</speed><sat>20</sat></trkpt>
  <trkpt lat="12.64823763" lon="78.04032993"><ele>561.329</ele><time>2026-02-23T07:38:35Z</time><speed>9.120</speed><sat>22</sat></trkpt>
  <trkpt lat="12.64820359" lon="78.04040308"><ele>560.844</ele><time>2026-02-23T07:38:36Z</time><speed>9.030</speed><sat>22</sat></trkpt>
  <trkpt lat="12.64817126" lon="78.04047762"><ele>560.823</ele><time>2026-02-23T07:38:37Z</time><speed>8.720</speed><sat>22</sat></trkpt>
  <trkpt lat="12.64813397" lon="78.04055390"><ele>561.184</ele><time>2026-02-23T07:38:38Z</time><speed>8.790</speed><sat>20</sat></trkpt>
  <trkpt lat="12.64809501" lon="78.04063360"><ele>560.878</ele><time>2026-02-23T07:38:39Z</time><speed>9.060</speed><sat>22</sat></trkpt>
  <trkpt lat="12.64806500" lon="78.04070957"><ele>560.838</ele><time>2026-02-23T07:38:40Z</time><speed>9.130</speed><sat>20</sat></trkpt>
  <trkpt lat="12.64802656" lon="78.04078721"><ele>561.028</ele><time>2026-02-23T07:38:41Z</time><speed>9.300</speed><sat>18</sat></trkpt>
  <trkpt lat="12.64798580" lon="78.04086264"><ele>560.898</ele><time>2026-02-23T07:38:42Z</time><speed>9.210</speed><sat>21</sat></trkpt>
  <trkpt lat="12.64794507" lon="78.04093796"><ele>560.897</ele><time>2026-02-23T07:38:43Z</time><speed>9.330</speed><sat>21</sat></trkpt>
  <trkpt lat="12.64790399" lon="78.04101137"><ele>561.152</ele><time>2026-02-23T07:38:44Z</time><speed>9.430</speed><sat>21</sat></trkpt>
  <trkpt lat="12.64786070" lon="78.04108515"><ele>560.858</ele><time>2026-02-23T07:38:45Z</time><speed>9.520</speed><sat>24</sat></trkpt>
  <trkpt lat="12.64781194" lon="78.04116699"><ele>559.937</ele><time>2026-02-23T07:38:46Z</time><speed>9.990</speed><sat>23</sat></trkpt>
  <trkpt lat="12.64776418" lon="78.04124651"><ele>559.618</ele><time>2026-02-23T07:38:47Z</time><speed>10.460</speed><sat>20</sat></trkpt>
  <trkpt lat="12.64771644" lon="78.04132756"><ele>560.081</ele><time>2026-02-23T07:38:48Z</time><speed>10.610</speed><sat>21</sat></trkpt>
  <trkpt lat="12.64766213" lon="78.04141069"><ele>559.707</ele><time>2026-02-23T07:38:49Z</time><speed>10.760</speed><sat>21</sat></trkpt>
  <trkpt lat="12.64761404" lon="78.04149432"><ele>560.317</ele><time>2026-02-23T07:38:50Z</time><speed>10.520</speed><sat>20</sat></trkpt>
  <trkpt lat="12.64755531" lon="78.04157375"><ele>560.274</ele><time>2026-02-23T07:38:51Z</time><speed>10.380</speed><sat>21</sat></trkpt>
  <trkpt lat="12.64750501" lon="78.04165557"><ele>560.979</ele><time>2026-02-23T07:38:52Z</time><speed>10.240</speed><sat>21</sat></trkpt>
  <trkpt lat="12.64745641" lon="78.04173212"><ele>561.576</ele><time>2026-02-23T07:38:53Z</time><speed>10.050</speed><sat>23</sat></trkpt>
  <trkpt lat="12.64740911" lon="78.04181074"><ele>561.316</ele><time>2026-02-23T07:38:54Z</time><speed>9.920</speed><sat>21</sat></trkpt>
  <trkpt lat="12.64736212" lon="78.04188275"><ele>561.505</ele><time>2026-02-23T07:38:55Z</time><speed>9.810</speed><sat>21</sat></trkpt>
  <trkpt lat="12.64731263" lon="78.04195305"><ele>561.055</ele><time>2026-02-23T07:38:56Z</time><speed>9.660</speed><sat>21</sat></trkpt>
  <trkpt lat="12.64727232" lon="78.04202792"><ele>561.906</ele><time>2026-02-23T07:38:57Z</time><speed>9.720</speed><sat>18</sat></trkpt>
  <trkpt lat="12.64722997" lon="78.04211059"><ele>561.400</ele><time>2026-02-23T07:38:58Z</time><speed>9.950</speed><sat>21</sat></trkpt>
  <trkpt lat="12.64718844" lon="78.04219340"><ele>561.970</ele><time>2026-02-23T07:38:59Z</time><speed>10.060</speed><sat>17</sat></trkpt>
  <trkpt lat="12.64714721" lon="78.04227657"><ele>562.565</ele><time>2026-02-23T07:39:00Z</time><speed>10.030</speed><sat>21</sat></trkpt>
  <trkpt lat="12.64710892" lon="78.04235618"><ele>563.234</ele><time>2026-02-23T07:39:01Z</time><speed>10.090</speed><sat>18</sat></trkpt>
  <trkpt lat="12.64707204" lon="78.04244130"><ele>563.320</ele><time>2026-02-23T07:39:02Z</time><speed>10.100</speed><sat>22</sat></trkpt>
  <trkpt lat="12.64703807" lon="78.04252874"><ele>563.026</ele><time>2026-02-23T07:39:03Z</time><speed>10.110</speed><sat>18</sat></trkpt>
  <trkpt lat="12.64700500" lon="78.04261013"><ele>562.690</ele><time>2026-02-23T07:39:04Z</time><speed>10.230</speed><sat>24</sat></trkpt>
  <trkpt lat="12.64697963" lon="78.04269933"><ele>563.073</ele><time>2026-02-23T07:39:05Z</time><speed>10.200</speed><sat>22</sat></trkpt>
  <trkpt lat="12.64695622" lon="78.04279399"><ele>563.386</ele><time>2026-02-23T07:39:06Z</time><speed>10.330</speed><sat>20</sat></trkpt>
  <trkpt lat="12.64693481" lon="78.04288263"><ele>563.247</ele><time>2026-02-23T07:39:07Z</time><speed>10.410</speed><sat>24</sat></trkpt>
  <trkpt lat="12.64690861" lon="78.04297063"><ele>563.349</ele><time>2026-02-23T07:39:08Z</time><speed>10.460</speed><sat>25</sat></trkpt>
  <trkpt lat="12.64688444" lon="78.04306578"><ele>563.362</ele><time>2026-02-23T07:39:09Z</time><speed>10.590</speed><sat>25</sat></trkpt>
  <trkpt lat="12.64685899" lon="78.04316304"><ele>563.071</ele><time>2026-02-23T07:39:10Z</time><speed>10.540</speed><sat>24</sat></trkpt>
  <trkpt lat="12.64683193" lon="78.04324953"><ele>562.629</ele><time>2026-02-23T07:39:11Z</time><speed>10.420</speed><sat>25</sat></trkpt>
  <trkpt lat="12.64680806" lon="78.04333918"><ele>562.620</ele><time>2026-02-23T07:39:12Z</time><speed>10.360</speed><sat>21</sat></trkpt>
  <trkpt lat="12.64678635" lon="78.04342722"><ele>562.317</ele><time>2026-02-23T07:39:13Z</time><speed>10.240</speed><sat>23</sat></trkpt>
  <trkpt lat="12.64676465" lon="78.04351589"><ele>562.599</ele><time>2026-02-23T07:39:14Z</time><speed>10.170</speed><sat>22</sat></trkpt>
  <trkpt lat="12.64673889" lon="78.04360833"><ele>562.789</ele><time>2026-02-23T07:39:15Z</time><speed>10.120</speed><sat>23</sat></trkpt>
  <trkpt lat="12.64671467" lon="78.04369929"><ele>562.893</ele><time>2026-02-23T07:39:16Z</time><speed>10.300</speed><sat>23</sat></trkpt>
  <trkpt lat="12.64668916" lon="78.04379233"><ele>562.568</ele><time>2026-02-23T07:39:17Z</time><speed>10.500</speed><sat>24</sat></trkpt>
  <trkpt lat="12.64666288" lon="78.04388521"><ele>562.476</ele><time>2026-02-23T07:39:18Z</time><speed>10.640</speed><sat>21</sat></trkpt>
  <trkpt lat="12.64664038" lon="78.04397576"><ele>561.718</ele><time>2026-02-23T07:39:19Z</time><speed>10.710</speed><sat>24</sat></trkpt>
  <trkpt lat="12.64662069" lon="78.04406783"><ele>561.013</ele><time>2026-02-23T07:39:20Z</time><speed>10.740</speed><sat>23</sat></trkpt>
  <trkpt lat="12.64659862" lon="78.04416737"><ele>561.197</ele><time>2026-02-23T07:39:21Z</time><speed>10.890</speed><sat>24</sat></trkpt>
  <trkpt lat="12.64656967" lon="78.04426244"><ele>560.965</ele><time>2026-02-23T07:39:22Z</time><speed>10.990</speed><sat>24</sat></trkpt>
  <trkpt lat="12.64654616" lon="78.04435967"><ele>560.836</ele><time>2026-02-23T07:39:23Z</time><speed>11.100</speed><sat>23</sat></trkpt>
  <trkpt lat="12.64651816" lon="78.04445570"><ele>560.416</ele><time>2026-02-23T07:39:24Z</time><speed>11.090</speed><sat>20</sat></trkpt>
  <trkpt lat="12.64649894" lon="78.04455673"><ele>560.965</ele><time>2026-02-23T07:39:25Z</time><speed>10.950</speed><sat>23</sat></trkpt>
  <trkpt lat="12.64647298" lon="78.04465842"><ele>561.200</ele><time>2026-02-23T07:39:26Z</time><speed>10.940</speed><sat>24</sat></trkpt>
  <trkpt lat="12.64644841" lon="78.04475272"><ele>561.098</ele><time>2026-02-23T07:39:27Z</time><speed>10.910</speed><sat>24</sat></trkpt>
  <trkpt lat="12.64642042" lon="78.04485229"><ele>560.938</ele><time>2026-02-23T07:39:28Z</time><speed>10.940</speed><sat>23</sat></trkpt>
  <trkpt lat="12.64639960" lon="78.04494854"><ele>560.870</ele><time>2026-02-23T07:39:29Z</time><speed>10.920</speed><sat>20</sat></trkpt>
  <trkpt lat="12.64638434" lon="78.04504372"><ele>561.219</ele><time>2026-02-23T07:39:30Z</time><speed>10.780</speed><sat>22</sat></trkpt>
  <trkpt lat="12.64636418" lon="78.04513574"><ele>561.704</ele><time>2026-02-23T07:39:31Z</time><speed>10.420</speed><sat>21</sat></trkpt>
  <trkpt lat="12.64634333" lon="78.04522570"><ele>561.418</ele><time>2026-02-23T07:39:32Z</time><speed>10.220</speed><sat>23</sat></trkpt>
  <trkpt lat="12.64631630" lon="78.04531752"><ele>561.253</ele><time>2026-02-23T07:39:33Z</time><speed>9.900</speed><sat>20</sat></trkpt>
  <trkpt lat="12.64629346" lon="78.04540510"><ele>562.048</ele><time>2026-02-23T07:39:34Z</time><speed>9.520</speed><sat>24</sat></trkpt>
  <trkpt lat="12.64627399" lon="78.04549119"><ele>561.780</ele><time>2026-02-23T07:39:35Z</time><speed>9.210</speed><sat>22</sat></trkpt>
  <trkpt lat="12.64624595" lon="78.04557314"><ele>561.482</ele><time>2026-02-23T07:39:36Z</time><speed>8.940</speed><sat>24</sat></trkpt>
  <trkpt lat="12.64622175" lon="78.04565577"><ele>561.262</ele><time>2026-02-23T07:39:37Z</time><speed>8.630</speed><sat>23</sat></trkpt>
  <trkpt lat="12.64620057" lon="78.04573469"><ele>561.792</ele><time>2026-02-23T07:39:38Z</time><speed>8.450</speed><sat>19</sat></trkpt>
  <trkpt lat="12.64618270" lon="78.04581304"><ele>561.702</ele><time>2026-02-23T07:39:39Z</time><speed>8.350</speed><sat>22</sat></trkpt>
  <trkpt lat="12.64616443" lon="78.04588988"><ele>562.852</ele><time>2026-02-23T07:39:40Z</time><speed>8.250</speed><sat>22</sat></trkpt>
  <trkpt lat="12.64614223" lon="78.04597136"><ele>562.680</ele><time>2026-02-23T07:39:41Z</time><speed>8.450</speed><sat>21</sat></trkpt>
  <trkpt lat="12.64612104" lon="78.04604911"><ele>562.616</ele><time>2026-02-23T07:39:42Z</time><speed>8.860</speed><sat>24</sat></trkpt>
  <trkpt lat="12.64609770" lon="78.04612484"><ele>562.309</ele><time>2026-02-23T07:39:43Z</time><speed>8.850</speed><sat>23</sat></trkpt>
  <trkpt lat="12.64607926" lon="78.04619865"><ele>562.012</ele><time>2026-02-23T07:39:44Z</time><speed>8.540</speed><sat>22</sat></trkpt>
  <trkpt lat="12.64606218" lon="78.04627576"><ele>561.410</ele><time>2026-02-23T07:39:45Z</time><speed>8.520</speed><sat>22</sat></trkpt>
  <trkpt lat="12.64604647" lon="78.04634900"><ele>561.741</ele><time>2026-02-23T07:39:46Z</time><speed>8.490</speed><sat>21</sat></trkpt>
  <trkpt lat="12.64602733" lon="78.04642690"><ele>561.674</ele><time>2026-02-23T07:39:47Z</time><speed>8.610</speed><sat>23</sat></trkpt>
  <trkpt lat="12.64601167" lon="78.04650796"><ele>561.969</ele><time>2026-02-23T07:39:48Z</time><speed>8.810</speed><sat>23</sat></trkpt>
  <trkpt lat="12.64599209" lon="78.04658820"><ele>562.175</ele><time>2026-02-23T07:39:49Z</time><speed>8.900</speed><sat>23</sat></trkpt>
  <trkpt lat="12.64597241" lon="78.04667050"><ele>562.320</ele><time>2026-02-23T07:39:50Z</time><speed>9.100</speed><sat>21</sat></trkpt>
  <trkpt lat="12.64595520" lon="78.04675223"><ele>562.525</ele><time>2026-02-23T07:39:51Z</time><speed>9.190</speed><sat>22</sat></trkpt>
  <trkpt lat="12.64593815" lon="78.04683441"><ele>562.325</ele><time>2026-02-23T07:39:52Z</time><speed>9.390</speed><sat>22</sat></trkpt>
  <trkpt lat="12.64591746" lon="78.04691918"><ele>562.464</ele><time>2026-02-23T07:39:53Z</time><speed>9.590</speed><sat>21</sat></trkpt>
  <trkpt lat="12.64589879" lon="78.04700214"><ele>562.066</ele><time>2026-02-23T07:39:54Z</time><speed>9.490</speed><sat>22</sat></trkpt>
  <trkpt lat="12.64588063" lon="78.04708506"><ele>561.852</ele><time>2026-02-23T07:39:55Z</time><speed>9.300</speed><sat>22</sat></trkpt>
  <trkpt lat="12.64585642" lon="78.04717437"><ele>561.614</ele><time>2026-02-23T07:39:56Z</time><speed>9.250</speed><sat>20</sat></trkpt>
  <trkpt lat="12.64583593" lon="78.04725769"><ele>561.926</ele><time>2026-02-23T07:39:57Z</time><speed>9.280</speed><sat>23</sat></trkpt>
  <trkpt lat="12.64581499" lon="78.04734074"><ele>562.016</ele><time>2026-02-23T07:39:58Z</time><speed>9.290</speed><sat>22</sat></trkpt>
  <trkpt lat="12.64579327" lon="78.04742406"><ele>562.053</ele><time>2026-02-23T07:39:59Z</time><speed>9.290</speed><sat>23</sat></trkpt>
  <trkpt lat="12.64576892" lon="78.04750914"><ele>561.813</ele><time>2026-02-23T07:40:00Z</time><speed>9.350</speed><sat>24</sat></trkpt>
  <trkpt lat="12.64574572" lon="78.04759526"><ele>561.762</ele><time>2026-02-23T07:40:01Z</time><speed>9.130</speed><sat>19</sat></trkpt>
  <trkpt lat="12.64572801" lon="78.04767711"><ele>561.374</ele><time>2026-02-23T07:40:02Z</time><speed>9.000</speed><sat>19</sat></trkpt>
  <trkpt lat="12.64570685" lon="78.04776149"><ele>561.361</ele><time>2026-02-23T07:40:03Z</time><speed>9.020</speed><sat>22</sat></trkpt>
  <trkpt lat="12.64568307" lon="78.04784308"><ele>561.102</ele><time>2026-02-23T07:40:04Z</time><speed>8.870</speed><sat>21</sat></trkpt>
  <trkpt lat="12.64566072" lon="78.04792532"><ele>560.658</ele><time>2026-02-23T07:40:05Z</time><speed>8.890</speed><sat>20</sat></trkpt>
  <trkpt lat="12.64563823" lon="78.04800446"><ele>560.450</ele><time>2026-02-23T07:40:06Z</time><speed>8.930</speed><sat>22</sat></trkpt>
  <trkpt lat="12.64562024" lon="78.04808693"><ele>560.465</ele><time>2026-02-23T07:40:07Z</time><speed>9.130</speed><sat>21</sat></trkpt>
  <trkpt lat="12.64560222" lon="78.04817084"><ele>560.339</ele><time>2026-02-23T07:40:08Z</time><speed>9.130</speed><sat>21</sat></trkpt>
  <trkpt lat="12.64558272" lon="78.04825227"><ele>559.393</ele><time>2026-02-23T07:40:09Z</time><speed>9.080</speed><sat>22</sat></trkpt>
  <trkpt lat="12.64554856" lon="78.04832669"><ele>558.829</ele><time>2026-02-23T07:40:10Z</time><speed>9.130</speed><sat>21</sat></trkpt>
  <trkpt lat="12.64552592" lon="78.04840936"><ele>559.309</ele><time>2026-02-23T07:40:11Z</time><speed>9.200</speed><sat>23</sat></trkpt>
  <trkpt lat="12.64551020" lon="78.04848159"><ele>558.271</ele><time>2026-02-23T07:40:12Z</time><speed>9.170</speed><sat>24</sat></trkpt>
  <trkpt lat="12.64549165" lon="78.04856747"><ele>557.877</ele><time>2026-02-23T07:40:13Z</time><speed>9.100</speed><sat>23</sat></trkpt>
  <trkpt lat="12.64547659" lon="78.04865361"><ele>556.965</ele><time>2026-02-23T07:40:14Z</time><speed>8.770</speed><sat>23</sat></trkpt>
  <trkpt lat="12.64545956" lon="78.04872700"><ele>556.722</ele><time>2026-02-23T07:40:15Z</time><speed>8.780</speed><sat>22</sat></trkpt>
  <trkpt lat="12.64543941" lon="78.04880628"><ele>555.916</ele><time>2026-02-23T07:40:16Z</time><speed>8.790</speed><sat>23</sat></trkpt>
  <trkpt lat="12.64542345" lon="78.04888576"><ele>556.019</ele><time>2026-02-23T07:40:17Z</time><speed>8.800</speed><sat>21</sat></trkpt>
  <trkpt lat="12.64540934" lon="78.04896834"><ele>555.648</ele><time>2026-02-23T07:40:18Z</time><speed>8.700</speed><sat>24</sat></trkpt>
  <trkpt lat="12.64539312" lon="78.04904814"><ele>555.639</ele><time>2026-02-23T07:40:19Z</time><speed>8.790</speed><sat>22</sat></trkpt>
  <trkpt lat="12.64537073" lon="78.04912496"><ele>555.520</ele><time>2026-02-23T07:40:20Z</time><speed>9.020</speed><sat>21</sat></trkpt>
  <trkpt lat="12.64535018" lon="78.04920300"><ele>555.807</ele><time>2026-02-23T07:40:21Z</time><speed>8.980</speed><sat>21</sat></trkpt>
  <trkpt lat="12.64533009" lon="78.04928264"><ele>555.326</ele><time>2026-02-23T07:40:22Z</time><speed>9.130</speed><sat>22</sat></trkpt>
  <trkpt lat="12.64531026" lon="78.04935469"><ele>554.737</ele><time>2026-02-23T07:40:23Z</time><speed>9.310</speed><sat>21</sat></trkpt>
  <trkpt lat="12.64529035" lon="78.04944035"><ele>554.303</ele><time>2026-02-23T07:40:24Z</time><speed>9.370</speed><sat>18</sat></trkpt>
  <trkpt lat="12.64526431" lon="78.04952589"><ele>554.248</ele><time>2026-02-23T07:40:25Z</time><speed>9.420</speed><sat>21</sat></trkpt>
  <trkpt lat="12.64524249" lon="78.04961623"><ele>553.622</ele><time>2026-02-23T07:40:26Z</time><speed>9.740</speed><sat>22</sat></trkpt>
  <trkpt lat="12.64522087" lon="78.04970674"><ele>553.143</ele><time>2026-02-23T07:40:27Z</time><speed>9.880</speed><sat>22</sat></trkpt>
  <trkpt lat="12.64520144" lon="78.04979804"><ele>552.411</ele><time>2026-02-23T07:40:28Z</time><speed>9.970</speed><sat>22</sat></trkpt>
  <trkpt lat="12.64517828" lon="78.04989150"><ele>551.987</ele><time>2026-02-23T07:40:29Z</time><speed>10.120</speed><sat>22</sat></trkpt>
  <trkpt lat="12.64515543" lon="78.04998320"><ele>551.813</ele><time>2026-02-23T07:40:30Z</time><speed>9.980</speed><sat>23</sat></trkpt>
  <trkpt lat="12.64513142" lon="78.05007564"><ele>551.831</ele><time>2026-02-23T07:40:31Z</time><speed>9.720</speed><sat>22</sat></trkpt>
  <trkpt lat="12.64511360" lon="78.05016203"><ele>551.631</ele><time>2026-02-23T07:40:32Z</time><speed>9.660</speed><sat>21</sat></trkpt>
  <trkpt lat="12.64509344" lon="78.05024320"><ele>551.673</ele><time>2026-02-23T07:40:33Z</time><speed>9.420</speed><sat>22</sat></trkpt>
  <trkpt lat="12.64507627" lon="78.05032910"><ele>551.583</ele><time>2026-02-23T07:40:34Z</time><speed>9.180</speed><sat>22</sat></trkpt>
  <trkpt lat="12.64505716" lon="78.05040888"><ele>551.572</ele><time>2026-02-23T07:40:35Z</time><speed>8.940</speed><sat>22</sat></trkpt>
  <trkpt lat="12.64504067" lon="78.05048873"><ele>551.234</ele><time>2026-02-23T07:40:36Z</time><speed>8.640</speed><sat>22</sat></trkpt>
  <trkpt lat="12.64502268" lon="78.05056379"><ele>551.143</ele><time>2026-02-23T07:40:37Z</time><speed>8.530</speed><sat>21</sat></trkpt>
  <trkpt lat="12.64500350" lon="78.05064090"><ele>550.883</ele><time>2026-02-23T07:40:38Z</time><speed>8.670</speed><sat>21</sat></trkpt>
  <trkpt lat="12.64497518" lon="78.05071349"><ele>550.180</ele><time>2026-02-23T07:40:39Z</time><speed>8.810</speed><sat>24</sat></trkpt>
  <trkpt lat="12.64495941" lon="78.05079363"><ele>549.629</ele><time>2026-02-23T07:40:40Z</time><speed>8.990</speed><sat>25</sat></trkpt>
  <trkpt lat="12.64493609" lon="78.05087730"><ele>548.749</ele><time>2026-02-23T07:40:41Z</time><speed>9.170</speed><sat>24</sat></trkpt>
  <trkpt lat="12.64491436" lon="78.05096050"><ele>548.844</ele><time>2026-02-23T07:40:42Z</time><speed>8.960</speed><sat>16</sat></trkpt>
  <trkpt lat="12.64489490" lon="78.05104309"><ele>548.690</ele><time>2026-02-23T07:40:43Z</time><speed>9.680</speed><sat>18</sat></trkpt>
  <trkpt lat="12.64487342" lon="78.05112809"><ele>548.339</ele><time>2026-02-23T07:40:44Z</time><speed>9.550</speed><sat>18</sat></trkpt>
  <trkpt lat="12.64484544" lon="78.05120242"><ele>547.053</ele><time>2026-02-23T07:40:45Z</time><speed>9.320</speed><sat>18</sat></trkpt>
  <trkpt lat="12.64481955" lon="78.05128180"><ele>546.819</ele><time>2026-02-23T07:40:46Z</time><speed>9.250</speed><sat>18</sat></trkpt>
  <trkpt lat="12.64480003" lon="78.05135839"><ele>546.594</ele><time>2026-02-23T07:40:47Z</time><speed>9.180</speed><sat>19</sat></trkpt>
  <trkpt lat="12.64477392" lon="78.05144449"><ele>546.587</ele><time>2026-02-23T07:40:48Z</time><speed>9.350</speed><sat>19</sat></trkpt>
  <trkpt lat="12.64475025" lon="78.05152188"><ele>547.734</ele><time>2026-02-23T07:40:49Z</time><speed>9.240</speed><sat>17</sat></trkpt>
  <trkpt lat="12.64473479" lon="78.05160812"><ele>546.986</ele><time>2026-02-23T07:40:50Z</time><speed>9.340</speed><sat>17</sat></trkpt>
  <trkpt lat="12.64470920" lon="78.05168289"><ele>547.005</ele><time>2026-02-23T07:40:51Z</time><speed>9.280</speed><sat>16</sat></trkpt>
  <trkpt lat="12.64469275" lon="78.05175699"><ele>546.975</ele><time>2026-02-23T07:40:52Z</time><speed>9.120</speed><sat>16</sat></trkpt>
  <trkpt lat="12.64467430" lon="78.05183929"><ele>547.654</ele><time>2026-02-23T07:40:53Z</time><speed>9.260</speed><sat>17</sat></trkpt>
  <trkpt lat="12.64464973" lon="78.05192833"><ele>547.771</ele><time>2026-02-23T07:40:54Z</time><speed>9.310</speed><sat>16</sat></trkpt>
  <trkpt lat="12.64462589" lon="78.05201152"><ele>547.894</ele><time>2026-02-23T07:40:55Z</time><speed>9.260</speed><sat>15</sat></trkpt>
  <trkpt lat="12.64460418" lon="78.05209388"><ele>548.037</ele><time>2026-02-23T07:40:56Z</time><speed>9.260</speed><sat>15</sat></trkpt>
  <trkpt lat="12.64458031" lon="78.05217592"><ele>548.474</ele><time>2026-02-23T07:40:57Z</time><speed>9.270</speed><sat>13</sat></trkpt>
  <trkpt lat="12.64456671" lon="78.05225617"><ele>548.977</ele><time>2026-02-23T07:40:58Z</time><speed>9.200</speed><sat>17</sat></trkpt>
  <trkpt lat="12.64454944" lon="78.05234078"><ele>548.979</ele><time>2026-02-23T07:40:59Z</time><speed>9.320</speed><sat>17</sat></trkpt>
  <trkpt lat="12.64452846" lon="78.05242712"><ele>549.228</ele><time>2026-02-23T07:41:00Z</time><speed>9.400</speed><sat>15</sat></trkpt>
  <trkpt lat="12.64450848" lon="78.05251212"><ele>549.238</ele><time>2026-02-23T07:41:01Z</time><speed>9.400</speed><sat>15</sat></trkpt>
  <trkpt lat="12.64448047" lon="78.05259733"><ele>549.582</ele><time>2026-02-23T07:41:02Z</time><speed>9.550</speed><sat>15</sat></trkpt>
  <trkpt lat="12.64446158" lon="78.05268890"><ele>549.813</ele><time>2026-02-23T07:41:03Z</time><speed>9.690</speed><sat>16</sat></trkpt>
  <trkpt lat="12.64444231" lon="78.05277264"><ele>549.505</ele><time>2026-02-23T07:41:04Z</time><speed>9.670</speed><sat>16</sat></trkpt>
  <trkpt lat="12.64442533" lon="78.05285101"><ele>549.066</ele><time>2026-02-23T07:41:05Z</time><speed>9.640</speed><sat>14</sat></trkpt>
  <trkpt lat="12.64440763" lon="78.05292828"><ele>550.061</ele><time>2026-02-23T07:41:06Z</time><speed>9.570</speed><sat>17</sat></trkpt>
  <trkpt lat="12.64438096" lon="78.05301411"><ele>550.818</ele><time>2026-02-23T07:41:07Z</time><speed>9.390</speed><sat>17</sat></trkpt>
  <trkpt lat="12.64436382" lon="78.05309626"><ele>551.223</ele><time>2026-02-23T07:41:08Z</time><speed>9.160</speed><sat>18</sat></trkpt>
  <trkpt lat="12.64434260" lon="78.05317777"><ele>551.370</ele><time>2026-02-23T07:41:09Z</time><speed>9.160</speed><sat>18</sat></trkpt>
  <trkpt lat="12.64432265" lon="78.05325402"><ele>552.716</ele><time>2026-02-23T07:41:10Z</time><speed>9.060</speed><sat>17</sat></trkpt>
  <trkpt lat="12.64429950" lon="78.05333823"><ele>553.487</ele><time>2026-02-23T07:41:11Z</time><speed>8.980</speed><sat>15</sat></trkpt>
  <trkpt lat="12.64428119" lon="78.05341313"><ele>554.916</ele><time>2026-02-23T07:41:12Z</time><speed>8.810</speed><sat>17</sat></trkpt>
  <trkpt lat="12.64426114" lon="78.05349425"><ele>555.231</ele><time>2026-02-23T07:41:13Z</time><speed>8.670</speed><sat>14</sat></trkpt>
  <trkpt lat="12.64424808" lon="78.05357639"><ele>554.093</ele><time>2026-02-23T07:41:14Z</time><speed>8.540</speed><sat>15</sat></trkpt>
  <trkpt lat="12.64423220" lon="78.05365739"><ele>554.296</ele><time>2026-02-23T07:41:15Z</time><speed>8.600</speed><sat>21</sat></trkpt>
  <trkpt lat="12.64420856" lon="78.05373871"><ele>554.368</ele><time>2026-02-23T07:41:16Z</time><speed>8.750</speed><sat>17</sat></trkpt>
  <trkpt lat="12.64418876" lon="78.05381670"><ele>554.427</ele><time>2026-02-23T07:41:17Z</time><speed>8.750</speed><sat>17</sat></trkpt>
  <trkpt lat="12.64415784" lon="78.05389668"><ele>555.966</ele><time>2026-02-23T07:41:18Z</time><speed>8.970</speed><sat>19</sat></trkpt>
  <trkpt lat="12.64413718" lon="78.05397822"><ele>557.300</ele><time>2026-02-23T07:41:19Z</time><speed>9.030</speed><sat>21</sat></trkpt>
  <trkpt lat="12.64410220" lon="78.05405615"><ele>557.370</ele><time>2026-02-23T07:41:20Z</time><speed>9.330</speed><sat>18</sat></trkpt>
  <trkpt lat="12.64407586" lon="78.05414826"><ele>556.709</ele><time>2026-02-23T07:41:21Z</time><speed>9.350</speed><sat>19</sat></trkpt>
  <trkpt lat="12.64405354" lon="78.05422688"><ele>556.670</ele><time>2026-02-23T07:41:22Z</time><speed>9.360</speed><sat>19</sat></trkpt>
  <trkpt lat="12.64403012" lon="78.05430555"><ele>557.458</ele><time>2026-02-23T07:41:23Z</time><speed>9.400</speed><sat>18</sat></trkpt>
  <trkpt lat="12.64400156" lon="78.05438866"><ele>557.840</ele><time>2026-02-23T07:41:24Z</time><speed>9.490</speed><sat>14</sat></trkpt>
  <trkpt lat="12.64397336" lon="78.05446845"><ele>557.704</ele><time>2026-02-23T07:41:25Z</time><speed>9.710</speed><sat>20</sat></trkpt>
  <trkpt lat="12.64394494" lon="78.05455190"><ele>557.694</ele><time>2026-02-23T07:41:26Z</time><speed>9.640</speed><sat>20</sat></trkpt>
  <trkpt lat="12.64391260" lon="78.05462670"><ele>559.570</ele><time>2026-02-23T07:41:27Z</time><speed>9.580</speed><sat>17</sat></trkpt>
  <trkpt lat="12.64387066" lon="78.05471116"><ele>558.989</ele><time>2026-02-23T07:41:28Z</time><speed>9.610</speed><sat>19</sat></trkpt>
  <trkpt lat="12.64383441" lon="78.05479161"><ele>559.007</ele><time>2026-02-23T07:41:29Z</time><speed>9.610</speed><sat>19</sat></trkpt>
  <trkpt lat="12.64379467" lon="78.05487242"><ele>558.514</ele><time>2026-02-23T07:41:30Z</time><speed>9.360</speed><sat>13</sat></trkpt>
  <trkpt lat="12.64375591" lon="78.05494911"><ele>558.366</ele><time>2026-02-23T07:41:31Z</time><speed>9.360</speed><sat>13</sat></trkpt>
  <trkpt lat="12.64370550" lon="78.05503161"><ele>558.111</ele><time>2026-02-23T07:41:32Z</time><speed>9.470</speed><sat>15</sat></trkpt>
  <trkpt lat="12.64366503" lon="78.05510609"><ele>558.417</ele><time>2026-02-23T07:41:33Z</time><speed>9.320</speed><sat>18</sat></trkpt>
  <trkpt lat="12.64361946" lon="78.05518292"><ele>557.380</ele><time>2026-02-23T07:41:34Z</time><speed>9.270</speed><sat>19</sat></trkpt>
  <trkpt lat="12.64357930" lon="78.05525953"><ele>557.314</ele><time>2026-02-23T07:41:35Z</time><speed>9.280</speed><sat>22</sat></trkpt>
  <trkpt lat="12.64354185" lon="78.05533630"><ele>557.094</ele><time>2026-02-23T07:41:36Z</time><speed>9.350</speed><sat>20</sat></trkpt>
  <trkpt lat="12.64349796" lon="78.05541046"><ele>556.485</ele><time>2026-02-23T07:41:37Z</time><speed>9.440</speed><sat>17</sat></trkpt>
  <trkpt lat="12.64345930" lon="78.05548689"><ele>555.929</ele><time>2026-02-23T07:41:38Z</time><speed>9.540</speed><sat>19</sat></trkpt>
  <trkpt lat="12.64341026" lon="78.05556299"><ele>556.142</ele><time>2026-02-23T07:41:39Z</time><speed>9.640</speed><sat>17</sat></trkpt>
  <trkpt lat="12.64336581" lon="78.05563934"><ele>555.770</ele><time>2026-02-23T07:41:40Z</time><speed>9.640</speed><sat>17</sat></trkpt>
  <trkpt lat="12.64330807" lon="78.05570853"><ele>552.897</ele><time>2026-02-23T07:41:41Z</time><speed>9.610</speed><sat>19</sat></trkpt>
  <trkpt lat="12.64326510" lon="78.05578548"><ele>552.600</ele><time>2026-02-23T07:41:42Z</time><speed>9.610</speed><sat>19</sat></trkpt>
  <trkpt lat="12.64323336" lon="78.05587188"><ele>553.586</ele><time>2026-02-23T07:41:43Z</time><speed>9.570</speed><sat>12</sat></trkpt>
  <trkpt lat="12.64319224" lon="78.05594360"><ele>552.141</ele><time>2026-02-23T07:41:44Z</time><speed>9.570</speed><sat>20</sat></trkpt>
  <trkpt lat="12.64315960" lon="78.05602489"><ele>552.098</ele><time>2026-02-23T07:41:45Z</time><speed>9.570</speed><sat>37</sat></trkpt>
  <trkpt lat="12.64312168" lon="78.05610876"><ele>551.860</ele><time>2026-02-23T07:41:46Z</time><speed>9.440</speed><sat>43</sat></trkpt>
  <trkpt lat="12.64307822" lon="78.05618868"><ele>552.862</ele><time>2026-02-23T07:41:47Z</time><speed>9.570</speed><sat>46</sat></trkpt>
  <trkpt lat="12.64303601" lon="78.05626312"><ele>552.548</ele><time>2026-02-23T07:41:48Z</time><speed>9.560</speed><sat>45</sat></trkpt>
  <trkpt lat="12.64299281" lon="78.05633990"><ele>551.897</ele><time>2026-02-23T07:41:49Z</time><speed>9.600</speed><sat>45</sat></trkpt>
  <trkpt lat="12.64294897" lon="78.05642335"><ele>551.161</ele><time>2026-02-23T07:41:50Z</time><speed>9.620</speed><sat>45</sat></trkpt>
  <trkpt lat="12.64290825" lon="78.05649894"><ele>550.664</ele><time>2026-02-23T07:41:51Z</time><speed>9.600</speed><sat>22</sat></trkpt>
  <trkpt lat="12.64286524" lon="78.05657561"><ele>550.528</ele><time>2026-02-23T07:41:52Z</time><speed>9.590</speed><sat>22</sat></trkpt>
  <trkpt lat="12.64282429" lon="78.05665849"><ele>550.950</ele><time>2026-02-23T07:41:53Z</time><speed>9.600</speed><sat>21</sat></trkpt>
  <trkpt lat="12.64278498" lon="78.05673763"><ele>550.368</ele><time>2026-02-23T07:41:54Z</time><speed>9.610</speed><sat>23</sat></trkpt>
  <trkpt lat="12.64273798" lon="78.05681551"><ele>550.028</ele><time>2026-02-23T07:41:55Z</time><speed>9.550</speed><sat>20</sat></trkpt>
  <trkpt lat="12.64269835" lon="78.05688824"><ele>550.058</ele><time>2026-02-23T07:41:56Z</time><speed>9.740</speed><sat>22</sat></trkpt>
  <trkpt lat="12.64265276" lon="78.05696121"><ele>550.399</ele><time>2026-02-23T07:41:57Z</time><speed>9.660</speed><sat>20</sat></trkpt>
  <trkpt lat="12.64260997" lon="78.05703767"><ele>550.437</ele><time>2026-02-23T07:41:58Z</time><speed>9.600</speed><sat>18</sat></trkpt>
  <trkpt lat="12.64256710" lon="78.05711742"><ele>549.382</ele><time>2026-02-23T07:41:59Z</time><speed>9.660</speed><sat>16</sat></trkpt>
  <trkpt lat="12.64252239" lon="78.05719223"><ele>548.583</ele><time>2026-02-23T07:42:00Z</time><speed>9.510</speed><sat>18</sat></trkpt>
  <trkpt lat="12.64247908" lon="78.05726933"><ele>548.291</ele><time>2026-02-23T07:42:01Z</time><speed>9.510</speed><sat>18</sat></trkpt>
  <trkpt lat="12.64243320" lon="78.05735121"><ele>547.786</ele><time>2026-02-23T07:42:02Z</time><speed>9.490</speed><sat>19</sat></trkpt>
  <trkpt lat="12.64239056" lon="78.05742262"><ele>547.262</ele><time>2026-02-23T07:42:03Z</time><speed>9.350</speed><sat>18</sat></trkpt>
  <trkpt lat="12.64235126" lon="78.05749633"><ele>547.278</ele><time>2026-02-23T07:42:04Z</time><speed>9.100</speed><sat>15</sat></trkpt>
  <trkpt lat="12.64231728" lon="78.05755919"><ele>547.566</ele><time>2026-02-23T07:42:05Z</time><speed>8.950</speed><sat>19</sat></trkpt>
  <trkpt lat="12.64228512" lon="78.05762905"><ele>547.623</ele><time>2026-02-23T07:42:06Z</time><speed>9.020</speed><sat>19</sat></trkpt>
  <trkpt lat="12.64224778" lon="78.05770108"><ele>546.973</ele><time>2026-02-23T07:42:07Z</time><speed>9.020</speed><sat>18</sat></trkpt>
  <trkpt lat="12.64220982" lon="78.05776933"><ele>546.810</ele><time>2026-02-23T07:42:08Z</time><speed>9.060</speed><sat>19</sat></trkpt>
  <trkpt lat="12.64216974" lon="78.05784678"><ele>547.205</ele><time>2026-02-23T07:42:09Z</time><speed>9.130</speed><sat>17</sat></trkpt>
  <trkpt lat="12.64212660" lon="78.05793007"><ele>546.225</ele><time>2026-02-23T07:42:10Z</time><speed>9.210</speed><sat>18</sat></trkpt>
  <trkpt lat="12.64208327" lon="78.05800835"><ele>545.873</ele><time>2026-02-23T07:42:11Z</time><speed>9.250</speed><sat>17</sat></trkpt>
  <trkpt lat="12.64204265" lon="78.05808471"><ele>545.827</ele><time>2026-02-23T07:42:12Z</time><speed>9.240</speed><sat>17</sat></trkpt>
  <trkpt lat="12.64199969" lon="78.05816555"><ele>545.410</ele><time>2026-02-23T07:42:13Z</time><speed>9.280</speed><sat>17</sat></trkpt>
  <trkpt lat="12.64195590" lon="78.05824440"><ele>546.093</ele><time>2026-02-23T07:42:14Z</time><speed>9.330</speed><sat>17</sat></trkpt>
  <trkpt lat="12.64191271" lon="78.05832178"><ele>546.348</ele><time>2026-02-23T07:42:15Z</time><speed>9.350</speed><sat>17</sat></trkpt>
  <trkpt lat="12.64187092" lon="78.05839593"><ele>546.598</ele><time>2026-02-23T07:42:16Z</time><speed>9.530</speed><sat>16</sat></trkpt>
  <trkpt lat="12.64183297" lon="78.05847135"><ele>545.724</ele><time>2026-02-23T07:42:17Z</time><speed>9.720</speed><sat>16</sat></trkpt>
  <trkpt lat="12.64179130" lon="78.05854316"><ele>545.356</ele><time>2026-02-23T07:42:18Z</time><speed>9.560</speed><sat>15</sat></trkpt>
  <trkpt lat="12.64174875" lon="78.05861683"><ele>545.072</ele><time>2026-02-23T07:42:19Z</time><speed>9.380</speed><sat>17</sat></trkpt>
  <trkpt lat="12.64170267" lon="78.05869094"><ele>545.125</ele><time>2026-02-23T07:42:20Z</time><speed>9.510</speed><sat>17</sat></trkpt>
  <trkpt lat="12.64165565" lon="78.05877020"><ele>545.153</ele><time>2026-02-23T07:42:21Z</time><speed>9.400</speed><sat>16</sat></trkpt>
  <trkpt lat="12.64160866" lon="78.05884761"><ele>544.913</ele><time>2026-02-23T07:42:22Z</time><speed>9.240</speed><sat>17</sat></trkpt>
  <trkpt lat="12.64156614" lon="78.05892934"><ele>544.870</ele><time>2026-02-23T07:42:23Z</time><speed>9.230</speed><sat>16</sat></trkpt>
  <trkpt lat="12.64151479" lon="78.05899670"><ele>543.973</ele><time>2026-02-23T07:42:24Z</time><speed>9.270</speed><sat>16</sat></trkpt>
  <trkpt lat="12.64147475" lon="78.05907370"><ele>544.099</ele><time>2026-02-23T07:42:25Z</time><speed>9.250</speed><sat>17</sat></trkpt>
  <trkpt lat="12.64143340" lon="78.05914828"><ele>543.712</ele><time>2026-02-23T07:42:26Z</time><speed>9.230</speed><sat>19</sat></trkpt>
  <trkpt lat="12.64139346" lon="78.05922214"><ele>544.160</ele><time>2026-02-23T07:42:27Z</time><speed>9.140</speed><sat>18</sat></trkpt>
  <trkpt lat="12.64134940" lon="78.05929445"><ele>543.715</ele><time>2026-02-23T07:42:28Z</time><speed>9.130</speed><sat>17</sat></trkpt>
  <trkpt lat="12.64130502" lon="78.05936748"><ele>543.867</ele><time>2026-02-23T07:42:29Z</time><speed>9.000</speed><sat>18</sat></trkpt>
  <trkpt lat="12.64126751" lon="78.05943684"><ele>544.414</ele><time>2026-02-23T07:42:30Z</time><speed>8.830</speed><sat>19</sat></trkpt>
  <trkpt lat="12.64123613" lon="78.05949968"><ele>544.643</ele><time>2026-02-23T07:42:31Z</time><speed>8.770</speed><sat>16</sat></trkpt>
  <trkpt lat="12.64119630" lon="78.05956900"><ele>544.051</ele><time>2026-02-23T07:42:32Z</time><speed>8.680</speed><sat>18</sat></trkpt>
  <trkpt lat="12.64115815" lon="78.05964155"><ele>544.663</ele><time>2026-02-23T07:42:33Z</time><speed>8.690</speed><sat>17</sat></trkpt>
  <trkpt lat="12.64112371" lon="78.05970991"><ele>544.545</ele><time>2026-02-23T07:42:34Z</time><speed>8.810</speed><sat>17</sat></trkpt>
  <trkpt lat="12.64108596" lon="78.05977900"><ele>544.535</ele><time>2026-02-23T07:42:35Z</time><speed>8.920</speed><sat>19</sat></trkpt>
  <trkpt lat="12.64104836" lon="78.05985047"><ele>544.625</ele><time>2026-02-23T07:42:36Z</time><speed>8.830</speed><sat>18</sat></trkpt>
  <trkpt lat="12.64100201" lon="78.05991559"><ele>543.455</ele><time>2026-02-23T07:42:37Z</time><speed>8.830</speed><sat>18</sat></trkpt>
  <trkpt lat="12.64096152" lon="78.05998655"><ele>543.300</ele><time>2026-02-23T07:42:38Z</time><speed>8.800</speed><sat>19</sat></trkpt>
  <trkpt lat="12.64091426" lon="78.06004141"><ele>542.506</ele><time>2026-02-23T07:42:39Z</time><speed>8.460</speed><sat>18</sat></trkpt>
  <trkpt lat="12.64087384" lon="78.06011157"><ele>542.796</ele><time>2026-02-23T07:42:40Z</time><speed>8.650</speed><sat>18</sat></trkpt>
  <trkpt lat="12.64084463" lon="78.06017926"><ele>542.681</ele><time>2026-02-23T07:42:41Z</time><speed>8.690</speed><sat>20</sat></trkpt>
  <trkpt lat="12.64079981" lon="78.06024605"><ele>542.207</ele><time>2026-02-23T07:42:42Z</time><speed>8.920</speed><sat>18</sat></trkpt>
  <trkpt lat="12.64076040" lon="78.06031377"><ele>542.104</ele><time>2026-02-23T07:42:43Z</time><speed>8.950</speed><sat>20</sat></trkpt>
  <trkpt lat="12.64071874" lon="78.06038278"><ele>541.653</ele><time>2026-02-23T07:42:44Z</time><speed>8.740</speed><sat>18</sat></trkpt>
  <trkpt lat="12.64067728" lon="78.06045270"><ele>541.286</ele><time>2026-02-23T07:42:45Z</time><speed>8.730</speed><sat>20</sat></trkpt>
  <trkpt lat="12.64063345" lon="78.06052800"><ele>540.659</ele><time>2026-02-23T07:42:46Z</time><speed>8.850</speed><sat>21</sat></trkpt>
  <trkpt lat="12.64059406" lon="78.06060006"><ele>540.433</ele><time>2026-02-23T07:42:47Z</time><speed>9.020</speed><sat>19</sat></trkpt>
  <trkpt lat="12.64055306" lon="78.06068059"><ele>540.284</ele><time>2026-02-23T07:42:48Z</time><speed>9.000</speed><sat>19</sat></trkpt>
  <trkpt lat="12.64051399" lon="78.06075081"><ele>539.887</ele><time>2026-02-23T07:42:49Z</time><speed>8.920</speed><sat>14</sat></trkpt>
  <trkpt lat="12.64047601" lon="78.06081724"><ele>541.030</ele><time>2026-02-23T07:42:50Z</time><speed>8.990</speed><sat>20</sat></trkpt>
  <trkpt lat="12.64043327" lon="78.06089383"><ele>540.742</ele><time>2026-02-23T07:42:51Z</time><speed>8.930</speed><sat>19</sat></trkpt>
  <trkpt lat="12.64039337" lon="78.06096531"><ele>540.638</ele><time>2026-02-23T07:42:52Z</time><speed>9.080</speed><sat>20</sat></trkpt>
  <trkpt lat="12.64035450" lon="78.06104337"><ele>540.233</ele><time>2026-02-23T07:42:53Z</time><speed>9.240</speed><sat>19</sat></trkpt>
  <trkpt lat="12.64031665" lon="78.06111459"><ele>540.749</ele><time>2026-02-23T07:42:54Z</time><speed>9.330</speed><sat>19</sat></trkpt>
  <trkpt lat="12.64027267" lon="78.06119071"><ele>540.063</ele><time>2026-02-23T07:42:55Z</time><speed>9.530</speed><sat>20</sat></trkpt>
  <trkpt lat="12.64023036" lon="78.06126900"><ele>539.944</ele><time>2026-02-23T07:42:56Z</time><speed>9.710</speed><sat>18</sat></trkpt>
  <trkpt lat="12.64018879" lon="78.06134959"><ele>539.812</ele><time>2026-02-23T07:42:57Z</time><speed>9.800</speed><sat>21</sat></trkpt>
  <trkpt lat="12.64014630" lon="78.06143417"><ele>539.950</ele><time>2026-02-23T07:42:58Z</time><speed>9.960</speed><sat>22</sat></trkpt>
  <trkpt lat="12.64010728" lon="78.06151543"><ele>539.546</ele><time>2026-02-23T07:42:59Z</time><speed>9.890</speed><sat>22</sat></trkpt>
  <trkpt lat="12.64005916" lon="78.06159583"><ele>539.102</ele><time>2026-02-23T07:43:00Z</time><speed>10.060</speed><sat>19</sat></trkpt>
  <trkpt lat="12.64001087" lon="78.06168177"><ele>539.803</ele><time>2026-02-23T07:43:01Z</time><speed>10.090</speed><sat>23</sat></trkpt>
  <trkpt lat="12.63996131" lon="78.06175699"><ele>540.000</ele><time>2026-02-23T07:43:02Z</time><speed>9.950</speed><sat>20</sat></trkpt>
  <trkpt lat="12.63991974" lon="78.06183993"><ele>540.426</ele><time>2026-02-23T07:43:03Z</time><speed>10.030</speed><sat>18</sat></trkpt>
  <trkpt lat="12.63986656" lon="78.06191631"><ele>540.280</ele><time>2026-02-23T07:43:04Z</time><speed>9.950</speed><sat>23</sat></trkpt>
  <trkpt lat="12.63982716" lon="78.06199207"><ele>539.625</ele><time>2026-02-23T07:43:05Z</time><speed>9.570</speed><sat>22</sat></trkpt>
  <trkpt lat="12.63978844" lon="78.06206358"><ele>539.226</ele><time>2026-02-23T07:43:06Z</time><speed>9.280</speed><sat>19</sat></trkpt>
  <trkpt lat="12.63974622" lon="78.06213101"><ele>539.003</ele><time>2026-02-23T07:43:07Z</time><speed>9.090</speed><sat>20</sat></trkpt>
  <trkpt lat="12.63970922" lon="78.06220123"><ele>538.818</ele><time>2026-02-23T07:43:08Z</time><speed>8.790</speed><sat>17</sat></trkpt>
  <trkpt lat="12.63965843" lon="78.06226904"><ele>537.686</ele><time>2026-02-23T07:43:09Z</time><speed>8.730</speed><sat>21</sat></trkpt>
  <trkpt lat="12.63962208" lon="78.06233426"><ele>538.271</ele><time>2026-02-23T07:43:10Z</time><speed>8.690</speed><sat>18</sat></trkpt>
  <trkpt lat="12.63958606" lon="78.06240674"><ele>538.343</ele><time>2026-02-23T07:43:11Z</time><speed>8.800</speed><sat>20</sat></trkpt>
  <trkpt lat="12.63954429" lon="78.06247661"><ele>539.183</ele><time>2026-02-23T07:43:12Z</time><speed>8.860</speed><sat>21</sat></trkpt>
  <trkpt lat="12.63950727" lon="78.06255127"><ele>538.789</ele><time>2026-02-23T07:43:13Z</time><speed>8.960</speed><sat>19</sat></trkpt>
  <trkpt lat="12.63946996" lon="78.06263488"><ele>538.749</ele><time>2026-02-23T07:43:14Z</time><speed>9.400</speed><sat>20</sat></trkpt>
  <trkpt lat="12.63942549" lon="78.06270632"><ele>539.531</ele><time>2026-02-23T07:43:15Z</time><speed>9.640</speed><sat>19</sat></trkpt>
  <trkpt lat="12.63938383" lon="78.06278518"><ele>539.549</ele><time>2026-02-23T07:43:16Z</time><speed>9.810</speed><sat>16</sat></trkpt>
  <trkpt lat="12.63934275" lon="78.06286813"><ele>539.663</ele><time>2026-02-23T07:43:17Z</time><speed>9.970</speed><sat>22</sat></trkpt>
  <trkpt lat="12.63930027" lon="78.06294691"><ele>539.353</ele><time>2026-02-23T07:43:18Z</time><speed>10.100</speed><sat>20</sat></trkpt>
  <trkpt lat="12.63925595" lon="78.06302468"><ele>539.570</ele><time>2026-02-23T07:43:19Z</time><speed>10.160</speed><sat>21</sat></trkpt>
  <trkpt lat="12.63921088" lon="78.06310572"><ele>539.097</ele><time>2026-02-23T07:43:20Z</time><speed>10.120</speed><sat>20</sat></trkpt>
  <trkpt lat="12.63916419" lon="78.06318707"><ele>540.119</ele><time>2026-02-23T07:43:21Z</time><speed>10.120</speed><sat>19</sat></trkpt>
  <trkpt lat="12.63911913" lon="78.06327038"><ele>540.083</ele><time>2026-02-23T07:43:22Z</time><speed>10.120</speed><sat>22</sat></trkpt>
  <trkpt lat="12.63907152" lon="78.06334986"><ele>540.609</ele><time>2026-02-23T07:43:23Z</time><speed>10.040</speed><sat>23</sat></trkpt>
  <trkpt lat="12.63902823" lon="78.06342859"><ele>540.912</ele><time>2026-02-23T07:43:24Z</time><speed>9.870</speed><sat>22</sat></trkpt>
  <trkpt lat="12.63899357" lon="78.06350738"><ele>540.979</ele><time>2026-02-23T07:43:25Z</time><speed>9.410</speed><sat>20</sat></trkpt>
  <trkpt lat="12.63895701" lon="78.06358494"><ele>541.648</ele><time>2026-02-23T07:43:26Z</time><speed>9.330</speed><sat>23</sat></trkpt>
  <trkpt lat="12.63891309" lon="78.06365952"><ele>541.150</ele><time>2026-02-23T07:43:27Z</time><speed>9.500</speed><sat>24</sat></trkpt>
  <trkpt lat="12.63887095" lon="78.06374070"><ele>541.582</ele><time>2026-02-23T07:43:28Z</time><speed>9.690</speed><sat>24</sat></trkpt>
  <trkpt lat="12.63883285" lon="78.06382596"><ele>541.985</ele><time>2026-02-23T07:43:29Z</time><speed>9.740</speed><sat>23</sat></trkpt>
  <trkpt lat="12.63879234" lon="78.06390955"><ele>542.361</ele><time>2026-02-23T07:43:30Z</time><speed>9.860</speed><sat>21</sat></trkpt>
  <trkpt lat="12.63875447" lon="78.06399547"><ele>542.908</ele><time>2026-02-23T07:43:31Z</time><speed>9.880</speed><sat>21</sat></trkpt>
  <trkpt lat="12.63871694" lon="78.06407883"><ele>542.983</ele><time>2026-02-23T07:43:32Z</time><speed>9.860</speed><sat>19</sat></trkpt>
  <trkpt lat="12.63868527" lon="78.06416429"><ele>543.563</ele><time>2026-02-23T07:43:33Z</time><speed>9.760</speed><sat>23</sat></trkpt>
  <trkpt lat="12.63865272" lon="78.06425180"><ele>544.198</ele><time>2026-02-23T07:43:34Z</time><speed>9.940</speed><sat>21</sat></trkpt>
  <trkpt lat="12.63862948" lon="78.06433405"><ele>545.011</ele><time>2026-02-23T07:43:35Z</time><speed>9.920</speed><sat>23</sat></trkpt>
  <trkpt lat="12.63859614" lon="78.06441656"><ele>545.670</ele><time>2026-02-23T07:43:36Z</time><speed>9.700</speed><sat>22</sat></trkpt>
  <trkpt lat="12.63856346" lon="78.06450216"><ele>545.542</ele><time>2026-02-23T07:43:37Z</time><speed>9.770</speed><sat>23</sat></trkpt>
  <trkpt lat="12.63853619" lon="78.06458722"><ele>546.220</ele><time>2026-02-23T07:43:38Z</time><speed>9.650</speed><sat>21</sat></trkpt>
  <trkpt lat="12.63851085" lon="78.06467256"><ele>546.256</ele><time>2026-02-23T07:43:39Z</time><speed>9.660</speed><sat>21</sat></trkpt>
  <trkpt lat="12.63848479" lon="78.06475679"><ele>546.993</ele><time>2026-02-23T07:43:40Z</time><speed>9.820</speed><sat>24</sat></trkpt>
  <trkpt lat="12.63846155" lon="78.06484531"><ele>547.522</ele><time>2026-02-23T07:43:41Z</time><speed>9.490</speed><sat>22</sat></trkpt>
  <trkpt lat="12.63844050" lon="78.06493354"><ele>548.071</ele><time>2026-02-23T07:43:42Z</time><speed>9.580</speed><sat>23</sat></trkpt>
  <trkpt lat="12.63842350" lon="78.06501775"><ele>548.126</ele><time>2026-02-23T07:43:43Z</time><speed>9.330</speed><sat>24</sat></trkpt>
  <trkpt lat="12.63840958" lon="78.06509947"><ele>547.670</ele><time>2026-02-23T07:43:44Z</time><speed>9.170</speed><sat>23</sat></trkpt>
  <trkpt lat="12.63838925" lon="78.06518453"><ele>547.772</ele><time>2026-02-23T07:43:45Z</time><speed>9.020</speed><sat>21</sat></trkpt>
  <trkpt lat="12.63837071" lon="78.06526485"><ele>548.622</ele><time>2026-02-23T07:43:46Z</time><speed>8.940</speed><sat>24</sat></trkpt>
  <trkpt lat="12.63835330" lon="78.06534677"><ele>548.688</ele><time>2026-02-23T07:43:47Z</time><speed>8.920</speed><sat>23</sat></trkpt>
  <trkpt lat="12.63833746" lon="78.06542932"><ele>548.662</ele><time>2026-02-23T07:43:48Z</time><speed>8.930</speed><sat>21</sat></trkpt>
  <trkpt lat="12.63832232" lon="78.06550715"><ele>549.173</ele><time>2026-02-23T07:43:49Z</time><speed>9.050</speed><sat>23</sat></trkpt>
  <trkpt lat="12.63830515" lon="78.06559351"><ele>549.593</ele><time>2026-02-23T07:43:50Z</time><speed>9.130</speed><sat>24</sat></trkpt>
  <trkpt lat="12.63828801" lon="78.06567690"><ele>549.346</ele><time>2026-02-23T07:43:51Z</time><speed>9.250</speed><sat>22</sat></trkpt>
  <trkpt lat="12.63826853" lon="78.06575595"><ele>549.823</ele><time>2026-02-23T07:43:52Z</time><speed>9.240</speed><sat>24</sat></trkpt>
  <trkpt lat="12.63825591" lon="78.06584124"><ele>550.324</ele><time>2026-02-23T07:43:53Z</time><speed>9.290</speed><sat>23</sat></trkpt>
  <trkpt lat="12.63825068" lon="78.06592253"><ele>549.777</ele><time>2026-02-23T07:43:54Z</time><speed>9.400</speed><sat>23</sat></trkpt>
  <trkpt lat="12.63823940" lon="78.06600893"><ele>550.262</ele><time>2026-02-23T07:43:55Z</time><speed>9.270</speed><sat>24</sat></trkpt>
  <trkpt lat="12.63822664" lon="78.06609277"><ele>550.062</ele><time>2026-02-23T07:43:56Z</time><speed>9.240</speed><sat>22</sat></trkpt>
  <trkpt lat="12.63821661" lon="78.06617326"><ele>550.474</ele><time>2026-02-23T07:43:57Z</time><speed>9.150</speed><sat>22</sat></trkpt>
  <trkpt lat="12.63821123" lon="78.06625497"><ele>550.686</ele><time>2026-02-23T07:43:58Z</time><speed>9.170</speed><sat>18</sat></trkpt>
  <trkpt lat="12.63819945" lon="78.06633038"><ele>550.196</ele><time>2026-02-23T07:43:59Z</time><speed>9.140</speed><sat>23</sat></trkpt>
  <trkpt lat="12.63818281" lon="78.06641480"><ele>550.480</ele><time>2026-02-23T07:44:00Z</time><speed>9.060</speed><sat>17</sat></trkpt>
  <trkpt lat="12.63816831" lon="78.06649225"><ele>550.456</ele><time>2026-02-23T07:44:01Z</time><speed>8.860</speed><sat>24</sat></trkpt>
  <trkpt lat="12.63815375" lon="78.06657523"><ele>550.948</ele><time>2026-02-23T07:44:02Z</time><speed>8.650</speed><sat>23</sat></trkpt>
  <trkpt lat="12.63814321" lon="78.06665305"><ele>551.115</ele><time>2026-02-23T07:44:03Z</time><speed>8.750</speed><sat>23</sat></trkpt>
  <trkpt lat="12.63813048" lon="78.06673475"><ele>550.870</ele><time>2026-02-23T07:44:04Z</time><speed>8.720</speed><sat>22</sat></trkpt>
  <trkpt lat="12.63811507" lon="78.06681146"><ele>551.253</ele><time>2026-02-23T07:44:05Z</time><speed>8.630</speed><sat>20</sat></trkpt>
  <trkpt lat="12.63810152" lon="78.06688230"><ele>552.043</ele><time>2026-02-23T07:44:06Z</time><speed>8.710</speed><sat>16</sat></trkpt>
  <trkpt lat="12.63808749" lon="78.06696485"><ele>553.295</ele><time>2026-02-23T07:44:07Z</time><speed>8.900</speed><sat>16</sat></trkpt>
  <trkpt lat="12.63807343" lon="78.06704519"><ele>554.432</ele><time>2026-02-23T07:44:08Z</time><speed>9.100</speed><sat>17</sat></trkpt>
  <trkpt lat="12.63805844" lon="78.06712970"><ele>554.221</ele><time>2026-02-23T07:44:09Z</time><speed>9.150</speed><sat>16</sat></trkpt>
  <trkpt lat="12.63804661" lon="78.06721333"><ele>554.592</ele><time>2026-02-23T07:44:10Z</time><speed>9.240</speed><sat>15</sat></trkpt>
  <trkpt lat="12.63803111" lon="78.06729763"><ele>555.455</ele><time>2026-02-23T07:44:11Z</time><speed>9.230</speed><sat>15</sat></trkpt>
  <trkpt lat="12.63801813" lon="78.06738516"><ele>555.916</ele><time>2026-02-23T07:44:12Z</time><speed>9.410</speed><sat>15</sat></trkpt>
  <trkpt lat="12.63800507" lon="78.06746952"><ele>556.173</ele><time>2026-02-23T07:44:13Z</time><speed>9.430</speed><sat>14</sat></trkpt>
  <trkpt lat="12.63799468" lon="78.06755568"><ele>556.503</ele><time>2026-02-23T07:44:14Z</time><speed>9.440</speed><sat>15</sat></trkpt>
  <trkpt lat="12.63798003" lon="78.06763679"><ele>557.026</ele><time>2026-02-23T07:44:15Z</time><speed>9.450</speed><sat>15</sat></trkpt>
  <trkpt lat="12.63796520" lon="78.06772451"><ele>557.095</ele><time>2026-02-23T07:44:16Z</time><speed>9.430</speed><sat>16</sat></trkpt>
  <trkpt lat="12.63795135" lon="78.06780768"><ele>557.622</ele><time>2026-02-23T07:44:17Z</time><speed>9.270</speed><sat>11</sat></trkpt>
  <trkpt lat="12.63793557" lon="78.06788780"><ele>558.133</ele><time>2026-02-23T07:44:18Z</time><speed>9.260</speed><sat>16</sat></trkpt>
  <trkpt lat="12.63792206" lon="78.06797899"><ele>557.374</ele><time>2026-02-23T07:44:19Z</time><speed>9.220</speed><sat>16</sat></trkpt>
  <trkpt lat="12.63790492" lon="78.06806255"><ele>557.969</ele><time>2026-02-23T07:44:20Z</time><speed>9.280</speed><sat>15</sat></trkpt>
  <trkpt lat="12.63789409" lon="78.06814632"><ele>558.260</ele><time>2026-02-23T07:44:21Z</time><speed>9.380</speed><sat>14</sat></trkpt>
  <trkpt lat="12.63787917" lon="78.06823115"><ele>558.437</ele><time>2026-02-23T07:44:22Z</time><speed>9.190</speed><sat>14</sat></trkpt>
  <trkpt lat="12.63786659" lon="78.06831620"><ele>557.877</ele><time>2026-02-23T07:44:23Z</time><speed>9.110</speed><sat>14</sat></trkpt>
  <trkpt lat="12.63784722" lon="78.06839784"><ele>559.687</ele><time>2026-02-23T07:44:24Z</time><speed>8.990</speed><sat>16</sat></trkpt>
  <trkpt lat="12.63783313" lon="78.06847950"><ele>560.214</ele><time>2026-02-23T07:44:25Z</time><speed>9.000</speed><sat>15</sat></trkpt>
  <trkpt lat="12.63781858" lon="78.06856106"><ele>560.565</ele><time>2026-02-23T07:44:26Z</time><speed>9.000</speed><sat>15</sat></trkpt>
  <trkpt lat="12.63779845" lon="78.06864285"><ele>560.686</ele><time>2026-02-23T07:44:27Z</time><speed>9.020</speed><sat>17</sat></trkpt>
  <trkpt lat="12.63778538" lon="78.06872749"><ele>560.965</ele><time>2026-02-23T07:44:28Z</time><speed>9.150</speed><sat>18</sat></trkpt>
  <trkpt lat="12.63776920" lon="78.06881090"><ele>561.849</ele><time>2026-02-23T07:44:29Z</time><speed>8.930</speed><sat>30</sat></trkpt>
  <trkpt lat="12.63775429" lon="78.06889413"><ele>562.142</ele><time>2026-02-23T07:44:30Z</time><speed>8.960</speed><sat>33</sat></trkpt>
  <trkpt lat="12.63773746" lon="78.06897734"><ele>562.961</ele><time>2026-02-23T07:44:31Z</time><speed>8.980</speed><sat>39</sat></trkpt>
  <trkpt lat="12.63772238" lon="78.06905092"><ele>562.881</ele><time>2026-02-23T07:44:32Z</time><speed>8.920</speed><sat>42</sat></trkpt>
  <trkpt lat="12.63770404" lon="78.06913402"><ele>563.652</ele><time>2026-02-23T07:44:33Z</time><speed>9.060</speed><sat>45</sat></trkpt>
  <trkpt lat="12.63768996" lon="78.06921698"><ele>563.584</ele><time>2026-02-23T07:44:34Z</time><speed>9.100</speed><sat>22</sat></trkpt>
  <trkpt lat="12.63767247" lon="78.06929859"><ele>563.763</ele><time>2026-02-23T07:44:35Z</time><speed>9.100</speed><sat>22</sat></trkpt>
  <trkpt lat="12.63764416" lon="78.06937367"><ele>564.998</ele><time>2026-02-23T07:44:36Z</time><speed>9.240</speed><sat>19</sat></trkpt>
  <trkpt lat="12.63762720" lon="78.06945819"><ele>565.171</ele><time>2026-02-23T07:44:37Z</time><speed>9.300</speed><sat>20</sat></trkpt>
  <trkpt lat="12.63760417" lon="78.06953959"><ele>565.933</ele><time>2026-02-23T07:44:38Z</time><speed>9.260</speed><sat>21</sat></trkpt>
  <trkpt lat="12.63758053" lon="78.06961817"><ele>566.311</ele><time>2026-02-23T07:44:39Z</time><speed>9.330</speed><sat>22</sat></trkpt>
  <trkpt lat="12.63755255" lon="78.06969663"><ele>566.529</ele><time>2026-02-23T07:44:40Z</time><speed>9.250</speed><sat>23</sat></trkpt>
  <trkpt lat="12.63752577" lon="78.06977911"><ele>566.613</ele><time>2026-02-23T07:44:41Z</time><speed>9.430</speed><sat>24</sat></trkpt>
  <trkpt lat="12.63749172" lon="78.06986120"><ele>567.682</ele><time>2026-02-23T07:44:42Z</time><speed>9.480</speed><sat>22</sat></trkpt>
  <trkpt lat="12.63746027" lon="78.06993735"><ele>568.111</ele><time>2026-02-23T07:44:43Z</time><speed>9.470</speed><sat>18</sat></trkpt>
  <trkpt lat="12.63742622" lon="78.07001261"><ele>568.491</ele><time>2026-02-23T07:44:44Z</time><speed>9.500</speed><sat>22</sat></trkpt>
  <trkpt lat="12.63738631" lon="78.07009121"><ele>568.628</ele><time>2026-02-23T07:44:45Z</time><speed>9.610</speed><sat>20</sat></trkpt>
  <trkpt lat="12.63734975" lon="78.07017005"><ele>568.659</ele><time>2026-02-23T07:44:46Z</time><speed>9.600</speed><sat>23</sat></trkpt>
  <trkpt lat="12.63730843" lon="78.07024472"><ele>569.434</ele><time>2026-02-23T07:44:47Z</time><speed>9.560</speed><sat>23</sat></trkpt>
  <trkpt lat="12.63726615" lon="78.07031930"><ele>569.202</ele><time>2026-02-23T07:44:48Z</time><speed>9.430</speed><sat>20</sat></trkpt>
  <trkpt lat="12.63721623" lon="78.07038957"><ele>569.365</ele><time>2026-02-23T07:44:49Z</time><speed>9.390</speed><sat>23</sat></trkpt>
  <trkpt lat="12.63717001" lon="78.07046819"><ele>569.968</ele><time>2026-02-23T07:44:50Z</time><speed>9.280</speed><sat>23</sat></trkpt>
  <trkpt lat="12.63712001" lon="78.07054144"><ele>570.682</ele><time>2026-02-23T07:44:51Z</time><speed>9.180</speed><sat>22</sat></trkpt>
  <trkpt lat="12.63707243" lon="78.07061215"><ele>570.800</ele><time>2026-02-23T07:44:52Z</time><speed>9.110</speed><sat>22</sat></trkpt>
  <trkpt lat="12.63702588" lon="78.07068131"><ele>571.442</ele><time>2026-02-23T07:44:53Z</time><speed>9.040</speed><sat>19</sat></trkpt>
  <trkpt lat="12.63698184" lon="78.07074761"><ele>571.273</ele><time>2026-02-23T07:44:54Z</time><speed>9.460</speed><sat>19</sat></trkpt>
  <trkpt lat="12.63693082" lon="78.07081978"><ele>570.815</ele><time>2026-02-23T07:44:55Z</time><speed>9.600</speed><sat>17</sat></trkpt>
  <trkpt lat="12.63687401" lon="78.07089271"><ele>570.731</ele><time>2026-02-23T07:44:56Z</time><speed>10.000</speed><sat>22</sat></trkpt>
  <trkpt lat="12.63681641" lon="78.07096034"><ele>570.154</ele><time>2026-02-23T07:44:57Z</time><speed>9.910</speed><sat>21</sat></trkpt>
  <trkpt lat="12.63675894" lon="78.07102967"><ele>569.218</ele><time>2026-02-23T07:44:58Z</time><speed>10.180</speed><sat>24</sat></trkpt>
  <trkpt lat="12.63669910" lon="78.07109410"><ele>568.952</ele><time>2026-02-23T07:44:59Z</time><speed>10.370</speed><sat>21</sat></trkpt>
  <trkpt lat="12.63663389" lon="78.07116151"><ele>568.664</ele><time>2026-02-23T07:45:00Z</time><speed>10.370</speed><sat>21</sat></trkpt>
  <trkpt lat="12.63657311" lon="78.07122748"><ele>568.743</ele><time>2026-02-23T07:45:01Z</time><speed>10.450</speed><sat>24</sat></trkpt>
  <trkpt lat="12.63649887" lon="78.07129406"><ele>568.587</ele><time>2026-02-23T07:45:02Z</time><speed>10.510</speed><sat>23</sat></trkpt>
  <trkpt lat="12.63642807" lon="78.07135805"><ele>568.528</ele><time>2026-02-23T07:45:03Z</time><speed>10.560</speed><sat>23</sat></trkpt>
  <trkpt lat="12.63635414" lon="78.07142120"><ele>568.076</ele><time>2026-02-23T07:45:04Z</time><speed>10.660</speed><sat>25</sat></trkpt>
  <trkpt lat="12.63626897" lon="78.07148241"><ele>567.426</ele><time>2026-02-23T07:45:05Z</time><speed>10.650</speed><sat>23</sat></trkpt>
  <trkpt lat="12.63619268" lon="78.07154068"><ele>566.784</ele><time>2026-02-23T07:45:06Z</time><speed>10.730</speed><sat>26</sat></trkpt>
  <trkpt lat="12.63611679" lon="78.07159647"><ele>565.575</ele><time>2026-02-23T07:45:07Z</time><speed>10.800</speed><sat>23</sat></trkpt>
  <trkpt lat="12.63603637" lon="78.07164992"><ele>565.539</ele><time>2026-02-23T07:45:08Z</time><speed>10.950</speed><sat>23</sat></trkpt>
  <trkpt lat="12.63594584" lon="78.07170769"><ele>565.469</ele><time>2026-02-23T07:45:09Z</time><speed>10.870</speed><sat>24</sat></trkpt>
  <trkpt lat="12.63586140" lon="78.07175722"><ele>564.435</ele><time>2026-02-23T07:45:10Z</time><speed>10.890</speed><sat>24</sat></trkpt>
  <trkpt lat="12.63577408" lon="78.07180620"><ele>564.255</ele><time>2026-02-23T07:45:11Z</time><speed>10.820</speed><sat>24</sat></trkpt>
  <trkpt lat="12.63570142" lon="78.07184636"><ele>564.218</ele><time>2026-02-23T07:45:12Z</time><speed>10.930</speed><sat>24</sat></trkpt>
  <trkpt lat="12.63561243" lon="78.07188802"><ele>564.375</ele><time>2026-02-23T07:45:13Z</time><speed>10.870</speed><sat>25</sat></trkpt>
  <trkpt lat="12.63552649" lon="78.07193740"><ele>563.784</ele><time>2026-02-23T07:45:14Z</time><speed>10.700</speed><sat>24</sat></trkpt>
  <trkpt lat="12.63544178" lon="78.07198162"><ele>563.573</ele><time>2026-02-23T07:45:15Z</time><speed>10.450</speed><sat>22</sat></trkpt>
  <trkpt lat="12.63535880" lon="78.07202342"><ele>563.239</ele><time>2026-02-23T07:45:16Z</time><speed>10.070</speed><sat>25</sat></trkpt>
  <trkpt lat="12.63528250" lon="78.07206341"><ele>562.440</ele><time>2026-02-23T07:45:17Z</time><speed>9.720</speed><sat>20</sat></trkpt>
  <trkpt lat="12.63520262" lon="78.07210167"><ele>561.869</ele><time>2026-02-23T07:45:18Z</time><speed>9.590</speed><sat>22</sat></trkpt>
  <trkpt lat="12.63512745" lon="78.07213945"><ele>561.923</ele><time>2026-02-23T07:45:19Z</time><speed>9.490</speed><sat>21</sat></trkpt>
  <trkpt lat="12.63504899" lon="78.07216714"><ele>561.657</ele><time>2026-02-23T07:45:20Z</time><speed>9.380</speed><sat>24</sat></trkpt>
  <trkpt lat="12.63497202" lon="78.07220529"><ele>561.522</ele><time>2026-02-23T07:45:21Z</time><speed>9.260</speed><sat>23</sat></trkpt>
  <trkpt lat="12.63489919" lon="78.07224125"><ele>561.679</ele><time>2026-02-23T07:45:22Z</time><speed>9.230</speed><sat>24</sat></trkpt>
  <trkpt lat="12.63482305" lon="78.07227882"><ele>561.692</ele><time>2026-02-23T07:45:23Z</time><speed>9.280</speed><sat>22</sat></trkpt>
  <trkpt lat="12.63474980" lon="78.07230963"><ele>560.403</ele><time>2026-02-23T07:45:24Z</time><speed>9.240</speed><sat>20</sat></trkpt>
  <trkpt lat="12.63467941" lon="78.07234931"><ele>559.746</ele><time>2026-02-23T07:45:25Z</time><speed>9.270</speed><sat>21</sat></trkpt>
  <trkpt lat="12.63460447" lon="78.07238651"><ele>559.835</ele><time>2026-02-23T07:45:26Z</time><speed>9.220</speed><sat>21</sat></trkpt>
  <trkpt lat="12.63452363" lon="78.07242230"><ele>559.561</ele><time>2026-02-23T07:45:27Z</time><speed>9.400</speed><sat>20</sat></trkpt>
  <trkpt lat="12.63444001" lon="78.07245742"><ele>559.504</ele><time>2026-02-23T07:45:28Z</time><speed>9.650</speed><sat>22</sat></trkpt>
  <trkpt lat="12.63435811" lon="78.07249383"><ele>558.741</ele><time>2026-02-23T07:45:29Z</time><speed>9.910</speed><sat>21</sat></trkpt>
  <trkpt lat="12.63426970" lon="78.07253074"><ele>558.617</ele><time>2026-02-23T07:45:30Z</time><speed>9.960</speed><sat>22</sat></trkpt>
  <trkpt lat="12.63418919" lon="78.07257127"><ele>558.594</ele><time>2026-02-23T07:45:31Z</time><speed>9.970</speed><sat>22</sat></trkpt>
  <trkpt lat="12.63410471" lon="78.07261169"><ele>558.618</ele><time>2026-02-23T07:45:32Z</time><speed>9.870</speed><sat>22</sat></trkpt>
  <trkpt lat="12.63402350" lon="78.07264934"><ele>558.007</ele><time>2026-02-23T07:45:33Z</time><speed>10.090</speed><sat>22</sat></trkpt>
  <trkpt lat="12.63394378" lon="78.07268648"><ele>558.424</ele><time>2026-02-23T07:45:34Z</time><speed>10.100</speed><sat>19</sat></trkpt>
  <trkpt lat="12.63386087" lon="78.07273044"><ele>558.547</ele><time>2026-02-23T07:45:35Z</time><speed>10.270</speed><sat>19</sat></trkpt>
  <trkpt lat="12.63377470" lon="78.07276120"><ele>558.839</ele><time>2026-02-23T07:45:36Z</time><speed>10.160</speed><sat>23</sat></trkpt>
  <trkpt lat="12.63369121" lon="78.07280436"><ele>559.169</ele><time>2026-02-23T07:45:37Z</time><speed>10.240</speed><sat>20</sat></trkpt>
  <trkpt lat="12.63360884" lon="78.07284572"><ele>558.854</ele><time>2026-02-23T07:45:38Z</time><speed>9.880</speed><sat>23</sat></trkpt>
  <trkpt lat="12.63354457" lon="78.07288627"><ele>555.951</ele><time>2026-02-23T07:45:39Z</time><speed>9.710</speed><sat>24</sat></trkpt>
  <trkpt lat="12.63346515" lon="78.07292861"><ele>555.499</ele><time>2026-02-23T07:45:40Z</time><speed>9.790</speed><sat>20</sat></trkpt>
  <trkpt lat="12.63338557" lon="78.07297387"><ele>554.669</ele><time>2026-02-23T07:45:41Z</time><speed>9.740</speed><sat>23</sat></trkpt>
  <trkpt lat="12.63330650" lon="78.07302037"><ele>554.328</ele><time>2026-02-23T07:45:42Z</time><speed>9.910</speed><sat>22</sat></trkpt>
  <trkpt lat="12.63322838" lon="78.07307064"><ele>554.852</ele><time>2026-02-23T07:45:43Z</time><speed>9.900</speed><sat>21</sat></trkpt>
  <trkpt lat="12.63314125" lon="78.07311937"><ele>554.683</ele><time>2026-02-23T07:45:44Z</time><speed>9.760</speed><sat>24</sat></trkpt>
  <trkpt lat="12.63306054" lon="78.07316667"><ele>554.707</ele><time>2026-02-23T07:45:45Z</time><speed>9.650</speed><sat>19</sat></trkpt>
  <trkpt lat="12.63298415" lon="78.07321588"><ele>554.544</ele><time>2026-02-23T07:45:46Z</time><speed>9.650</speed><sat>22</sat></trkpt>
  <trkpt lat="12.63291158" lon="78.07326466"><ele>554.164</ele><time>2026-02-23T07:45:47Z</time><speed>9.560</speed><sat>25</sat></trkpt>
  <trkpt lat="12.63284154" lon="78.07330970"><ele>553.754</ele><time>2026-02-23T07:45:48Z</time><speed>9.470</speed><sat>25</sat></trkpt>
  <trkpt lat="12.63276935" lon="78.07336133"><ele>553.634</ele><time>2026-02-23T07:45:49Z</time><speed>9.540</speed><sat>24</sat></trkpt>
  <trkpt lat="12.63269442" lon="78.07340830"><ele>553.890</ele><time>2026-02-23T07:45:50Z</time><speed>9.650</speed><sat>24</sat></trkpt>
  <trkpt lat="12.63262449" lon="78.07346531"><ele>554.403</ele><time>2026-02-23T07:45:51Z</time><speed>9.590</speed><sat>19</sat></trkpt>
  <trkpt lat="12.63255877" lon="78.07352208"><ele>554.752</ele><time>2026-02-23T07:45:52Z</time><speed>9.660</speed><sat>22</sat></trkpt>
  <trkpt lat="12.63248939" lon="78.07357545"><ele>555.232</ele><time>2026-02-23T07:45:53Z</time><speed>9.780</speed><sat>22</sat></trkpt>
  <trkpt lat="12.63241867" lon="78.07363341"><ele>556.100</ele><time>2026-02-23T07:45:54Z</time><speed>9.740</speed><sat>22</sat></trkpt>
  <trkpt lat="12.63234815" lon="78.07369027"><ele>556.568</ele><time>2026-02-23T07:45:55Z</time><speed>9.830</speed><sat>21</sat></trkpt>
  <trkpt lat="12.63228192" lon="78.07375201"><ele>557.208</ele><time>2026-02-23T07:45:56Z</time><speed>9.940</speed><sat>22</sat></trkpt>
  <trkpt lat="12.63221400" lon="78.07381466"><ele>558.382</ele><time>2026-02-23T07:45:57Z</time><speed>10.060</speed><sat>23</sat></trkpt>
  <trkpt lat="12.63214993" lon="78.07387886"><ele>558.858</ele><time>2026-02-23T07:45:58Z</time><speed>10.010</speed><sat>19</sat></trkpt>
  <trkpt lat="12.63208381" lon="78.07394050"><ele>558.682</ele><time>2026-02-23T07:45:59Z</time><speed>10.080</speed><sat>22</sat></trkpt>
  <trkpt lat="12.63201981" lon="78.07400451"><ele>558.943</ele><time>2026-02-23T07:46:00Z</time><speed>9.950</speed><sat>22</sat></trkpt>
  <trkpt lat="12.63195323" lon="78.07406692"><ele>558.948</ele><time>2026-02-23T07:46:01Z</time><speed>9.760</speed><sat>23</sat></trkpt>
  <trkpt lat="12.63188982" lon="78.07412983"><ele>558.993</ele><time>2026-02-23T07:46:02Z</time><speed>9.690</speed><sat>24</sat></trkpt>
  <trkpt lat="12.63182349" lon="78.07419086"><ele>558.397</ele><time>2026-02-23T07:46:03Z</time><speed>9.690</speed><sat>20</sat></trkpt>
  <trkpt lat="12.63175391" lon="78.07425329"><ele>558.196</ele><time>2026-02-23T07:46:04Z</time><speed>9.830</speed><sat>21</sat></trkpt>
  <trkpt lat="12.63169304" lon="78.07431118"><ele>558.062</ele><time>2026-02-23T07:46:05Z</time><speed>9.850</speed><sat>22</sat></trkpt>
  <trkpt lat="12.63163369" lon="78.07436993"><ele>558.726</ele><time>2026-02-23T07:46:06Z</time><speed>9.920</speed><sat>20</sat></trkpt>
  <trkpt lat="12.63156666" lon="78.07443283"><ele>558.374</ele><time>2026-02-23T07:46:07Z</time><speed>9.840</speed><sat>19</sat></trkpt>
  <trkpt lat="12.63150763" lon="78.07449148"><ele>558.678</ele><time>2026-02-23T07:46:08Z</time><speed>9.730</speed><sat>21</sat></trkpt>
  <trkpt lat="12.63144176" lon="78.07455536"><ele>558.435</ele><time>2026-02-23T07:46:09Z</time><speed>9.730</speed><sat>20</sat></trkpt>
  <trkpt lat="12.63137299" lon="78.07461422"><ele>558.233</ele><time>2026-02-23T07:46:10Z</time><speed>9.770</speed><sat>23</sat></trkpt>
  <trkpt lat="12.63130395" lon="78.07467646"><ele>558.025</ele><time>2026-02-23T07:46:11Z</time><speed>9.640</speed><sat>19</sat></trkpt>
  <trkpt lat="12.63124256" lon="78.07473968"><ele>558.179</ele><time>2026-02-23T07:46:12Z</time><speed>9.520</speed><sat>24</sat></trkpt>
  <trkpt lat="12.63118101" lon="78.07480031"><ele>557.876</ele><time>2026-02-23T07:46:13Z</time><speed>9.380</speed><sat>21</sat></trkpt>
  <trkpt lat="12.63111905" lon="78.07485995"><ele>557.953</ele><time>2026-02-23T07:46:14Z</time><speed>9.370</speed><sat>22</sat></trkpt>
  <trkpt lat="12.63106254" lon="78.07491974"><ele>558.001</ele><time>2026-02-23T07:46:15Z</time><speed>9.540</speed><sat>20</sat></trkpt>
  <trkpt lat="12.63099976" lon="78.07497835"><ele>558.298</ele><time>2026-02-23T07:46:16Z</time><speed>9.660</speed><sat>22</sat></trkpt>
  <trkpt lat="12.63093020" lon="78.07503967"><ele>557.949</ele><time>2026-02-23T07:46:17Z</time><speed>9.860</speed><sat>19</sat></trkpt>
  <trkpt lat="12.63086336" lon="78.07510269"><ele>557.804</ele><time>2026-02-23T07:46:18Z</time><speed>9.940</speed><sat>20</sat></trkpt>
  <trkpt lat="12.63079941" lon="78.07516672"><ele>557.345</ele><time>2026-02-23T07:46:19Z</time><speed>9.990</speed><sat>22</sat></trkpt>
  <trkpt lat="12.63072700" lon="78.07522849"><ele>557.564</ele><time>2026-02-23T07:46:20Z</time><speed>10.110</speed><sat>24</sat></trkpt>
  <trkpt lat="12.63065634" lon="78.07529260"><ele>557.459</ele><time>2026-02-23T07:46:21Z</time><speed>10.140</speed><sat>23</sat></trkpt>
  <trkpt lat="12.63058128" lon="78.07535493"><ele>556.883</ele><time>2026-02-23T07:46:22Z</time><speed>10.170</speed><sat>23</sat></trkpt>
  <trkpt lat="12.63051381" lon="78.07541697"><ele>556.982</ele><time>2026-02-23T07:46:23Z</time><speed>10.000</speed><sat>20</sat></trkpt>
  <trkpt lat="12.63044761" lon="78.07548010"><ele>556.963</ele><time>2026-02-23T07:46:24Z</time><speed>9.900</speed><sat>22</sat></trkpt>
  <trkpt lat="12.63038387" lon="78.07554001"><ele>556.873</ele><time>2026-02-23T07:46:25Z</time><speed>9.840</speed><sat>16</sat></trkpt>
  <trkpt lat="12.63031888" lon="78.07560369"><ele>556.451</ele><time>2026-02-23T07:46:26Z</time><speed>9.950</speed><sat>22</sat></trkpt>
  <trkpt lat="12.63025618" lon="78.07566143"><ele>556.823</ele><time>2026-02-23T07:46:27Z</time><speed>10.120</speed><sat>19</sat></trkpt>
  <trkpt lat="12.63018777" lon="78.07572514"><ele>556.226</ele><time>2026-02-23T07:46:28Z</time><speed>10.190</speed><sat>21</sat></trkpt>
  <trkpt lat="12.63011555" lon="78.07578933"><ele>556.182</ele><time>2026-02-23T07:46:29Z</time><speed>10.230</speed><sat>22</sat></trkpt>
  <trkpt lat="12.63005165" lon="78.07586080"><ele>555.762</ele><time>2026-02-23T07:46:30Z</time><speed>10.170</speed><sat>21</sat></trkpt>
  <trkpt lat="12.62997809" lon="78.07592548"><ele>555.587</ele><time>2026-02-23T07:46:31Z</time><speed>10.130</speed><sat>18</sat></trkpt>
  <trkpt lat="12.62991312" lon="78.07598803"><ele>555.408</ele><time>2026-02-23T07:46:32Z</time><speed>10.200</speed><sat>21</sat></trkpt>
  <trkpt lat="12.62984868" lon="78.07605199"><ele>555.204</ele><time>2026-02-23T07:46:33Z</time><speed>10.090</speed><sat>21</sat></trkpt>
  <trkpt lat="12.62978460" lon="78.07611602"><ele>554.774</ele><time>2026-02-23T07:46:34Z</time><speed>10.270</speed><sat>22</sat></trkpt>
  <trkpt lat="12.62971696" lon="78.07618319"><ele>554.713</ele><time>2026-02-23T07:46:35Z</time><speed>10.460</speed><sat>22</sat></trkpt>
  <trkpt lat="12.62964647" lon="78.07624760"><ele>554.611</ele><time>2026-02-23T07:46:36Z</time><speed>10.640</speed><sat>19</sat></trkpt>
  <trkpt lat="12.62957694" lon="78.07631585"><ele>554.261</ele><time>2026-02-23T07:46:37Z</time><speed>10.750</speed><sat>22</sat></trkpt>
  <trkpt lat="12.62950657" lon="78.07638586"><ele>553.731</ele><time>2026-02-23T07:46:38Z</time><speed>10.870</speed><sat>22</sat></trkpt>
  <trkpt lat="12.62943536" lon="78.07645414"><ele>553.459</ele><time>2026-02-23T07:46:39Z</time><speed>10.980</speed><sat>23</sat></trkpt>
  <trkpt lat="12.62936248" lon="78.07652568"><ele>552.855</ele><time>2026-02-23T07:46:40Z</time><speed>11.140</speed><sat>21</sat></trkpt>
  <trkpt lat="12.62928723" lon="78.07659365"><ele>552.942</ele><time>2026-02-23T07:46:41Z</time><speed>11.290</speed><sat>21</sat></trkpt>
  <trkpt lat="12.62921384" lon="78.07666874"><ele>553.145</ele><time>2026-02-23T07:46:42Z</time><speed>11.340</speed><sat>20</sat></trkpt>
  <trkpt lat="12.62913809" lon="78.07674160"><ele>552.921</ele><time>2026-02-23T07:46:43Z</time><speed>11.450</speed><sat>20</sat></trkpt>
  <trkpt lat="12.62906342" lon="78.07681277"><ele>551.977</ele><time>2026-02-23T07:46:44Z</time><speed>11.260</speed><sat>21</sat></trkpt>
  <trkpt lat="12.62899983" lon="78.07688169"><ele>551.455</ele><time>2026-02-23T07:46:45Z</time><speed>11.120</speed><sat>23</sat></trkpt>
  <trkpt lat="12.62893594" lon="78.07695380"><ele>551.424</ele><time>2026-02-23T07:46:46Z</time><speed>11.010</speed><sat>20</sat></trkpt>
  <trkpt lat="12.62887184" lon="78.07702866"><ele>550.947</ele><time>2026-02-23T07:46:47Z</time><speed>11.020</speed><sat>23</sat></trkpt>
  <trkpt lat="12.62880183" lon="78.07709686"><ele>550.498</ele><time>2026-02-23T07:46:48Z</time><speed>10.930</speed><sat>20</sat></trkpt>
  <trkpt lat="12.62873839" lon="78.07716509"><ele>549.430</ele><time>2026-02-23T07:46:49Z</time><speed>10.690</speed><sat>18</sat></trkpt>
  <trkpt lat="12.62866957" lon="78.07723258"><ele>548.308</ele><time>2026-02-23T07:46:50Z</time><speed>10.210</speed><sat>22</sat></trkpt>
  <trkpt lat="12.62860877" lon="78.07729960"><ele>548.209</ele><time>2026-02-23T07:46:51Z</time><speed>9.850</speed><sat>20</sat></trkpt>
  <trkpt lat="12.62855941" lon="78.07736840"><ele>547.412</ele><time>2026-02-23T07:46:52Z</time><speed>9.560</speed><sat>23</sat></trkpt>
  <trkpt lat="12.62850405" lon="78.07743551"><ele>546.394</ele><time>2026-02-23T07:46:53Z</time><speed>9.590</speed><sat>22</sat></trkpt>
  <trkpt lat="12.62843739" lon="78.07749742"><ele>546.100</ele><time>2026-02-23T07:46:54Z</time><speed>9.590</speed><sat>20</sat></trkpt>
  <trkpt lat="12.62837910" lon="78.07756609"><ele>545.852</ele><time>2026-02-23T07:46:55Z</time><speed>9.620</speed><sat>20</sat></trkpt>
  <trkpt lat="12.62832189" lon="78.07763225"><ele>545.809</ele><time>2026-02-23T07:46:56Z</time><speed>9.760</speed><sat>21</sat></trkpt>
  <trkpt lat="12.62825336" lon="78.07770012"><ele>545.332</ele><time>2026-02-23T07:46:57Z</time><speed>9.940</speed><sat>17</sat></trkpt>
  <trkpt lat="12.62819242" lon="78.07776911"><ele>545.621</ele><time>2026-02-23T07:46:58Z</time><speed>9.960</speed><sat>19</sat></trkpt>
  <trkpt lat="12.62813430" lon="78.07783565"><ele>545.906</ele><time>2026-02-23T07:46:59Z</time><speed>9.830</speed><sat>22</sat></trkpt>
  <trkpt lat="12.62807148" lon="78.07791119"><ele>546.023</ele><time>2026-02-23T07:47:00Z</time><speed>9.890</speed><sat>20</sat></trkpt>
  <trkpt lat="12.62800994" lon="78.07798153"><ele>545.969</ele><time>2026-02-23T07:47:01Z</time><speed>9.930</speed><sat>22</sat></trkpt>
  <trkpt lat="12.62795073" lon="78.07805191"><ele>545.863</ele><time>2026-02-23T07:47:02Z</time><speed>9.820</speed><sat>20</sat></trkpt>
  <trkpt lat="12.62789274" lon="78.07811793"><ele>545.721</ele><time>2026-02-23T07:47:03Z</time><speed>9.700</speed><sat>20</sat></trkpt>
  <trkpt lat="12.62783716" lon="78.07818374"><ele>545.799</ele><time>2026-02-23T07:47:04Z</time><speed>9.650</speed><sat>19</sat></trkpt>
  <trkpt lat="12.62778071" lon="78.07825111"><ele>545.447</ele><time>2026-02-23T07:47:05Z</time><speed>9.510</speed><sat>21</sat></trkpt>
  <trkpt lat="12.62772489" lon="78.07831760"><ele>545.233</ele><time>2026-02-23T07:47:06Z</time><speed>9.420</speed><sat>18</sat></trkpt>
  <trkpt lat="12.62767001" lon="78.07838156"><ele>544.892</ele><time>2026-02-23T07:47:07Z</time><speed>9.320</speed><sat>22</sat></trkpt>
  <trkpt lat="12.62760935" lon="78.07844086"><ele>544.577</ele><time>2026-02-23T07:47:08Z</time><speed>9.210</speed><sat>23</sat></trkpt>
  <trkpt lat="12.62755233" lon="78.07850265"><ele>544.967</ele><time>2026-02-23T07:47:09Z</time><speed>9.320</speed><sat>23</sat></trkpt>
  <trkpt lat="12.62749394" lon="78.07856860"><ele>545.222</ele><time>2026-02-23T07:47:10Z</time><speed>9.540</speed><sat>23</sat></trkpt>
  <trkpt lat="12.62743502" lon="78.07863412"><ele>545.354</ele><time>2026-02-23T07:47:11Z</time><speed>9.580</speed><sat>23</sat></trkpt>
  <trkpt lat="12.62737627" lon="78.07869451"><ele>545.632</ele><time>2026-02-23T07:47:12Z</time><speed>9.760</speed><sat>24</sat></trkpt>
  <trkpt lat="12.62731138" lon="78.07875277"><ele>545.882</ele><time>2026-02-23T07:47:13Z</time><speed>9.810</speed><sat>22</sat></trkpt>
  <trkpt lat="12.62724292" lon="78.07881643"><ele>545.373</ele><time>2026-02-23T07:47:14Z</time><speed>9.880</speed><sat>24</sat></trkpt>
  <trkpt lat="12.62717382" lon="78.07887874"><ele>545.415</ele><time>2026-02-23T07:47:15Z</time><speed>10.000</speed><sat>22</sat></trkpt>
  <trkpt lat="12.62710734" lon="78.07893433"><ele>545.826</ele><time>2026-02-23T07:47:16Z</time><speed>9.950</speed><sat>23</sat></trkpt>
  <trkpt lat="12.62703506" lon="78.07899353"><ele>545.791</ele><time>2026-02-23T07:47:17Z</time><speed>10.030</speed><sat>23</sat></trkpt>
  <trkpt lat="12.62696647" lon="78.07905039"><ele>545.267</ele><time>2026-02-23T07:47:18Z</time><speed>10.030</speed><sat>23</sat></trkpt>
  <trkpt lat="12.62690222" lon="78.07910811"><ele>544.934</ele><time>2026-02-23T07:47:19Z</time><speed>9.920</speed><sat>23</sat></trkpt>
  <trkpt lat="12.62683393" lon="78.07916544"><ele>544.564</ele><time>2026-02-23T07:47:20Z</time><speed>9.860</speed><sat>22</sat></trkpt>
  <trkpt lat="12.62675288" lon="78.07921764"><ele>544.373</ele><time>2026-02-23T07:47:21Z</time><speed>9.980</speed><sat>22</sat></trkpt>
  <trkpt lat="12.62668539" lon="78.07927048"><ele>543.854</ele><time>2026-02-23T07:47:22Z</time><speed>9.890</speed><sat>23</sat></trkpt>
  <trkpt lat="12.62661011" lon="78.07932959"><ele>543.783</ele><time>2026-02-23T07:47:23Z</time><speed>10.000</speed><sat>22</sat></trkpt>
  <trkpt lat="12.62653866" lon="78.07938495"><ele>543.966</ele><time>2026-02-23T07:47:24Z</time><speed>10.010</speed><sat>24</sat></trkpt>
  <trkpt lat="12.62646818" lon="78.07943714"><ele>543.439</ele><time>2026-02-23T07:47:25Z</time><speed>9.890</speed><sat>23</sat></trkpt>
  <trkpt lat="12.62639622" lon="78.07948720"><ele>542.879</ele><time>2026-02-23T07:47:26Z</time><speed>9.740</speed><sat>25</sat></trkpt>
  <trkpt lat="12.62632738" lon="78.07953828"><ele>542.435</ele><time>2026-02-23T07:47:27Z</time><speed>9.540</speed><sat>24</sat></trkpt>
  <trkpt lat="12.62626246" lon="78.07958266"><ele>542.781</ele><time>2026-02-23T07:47:28Z</time><speed>9.450</speed><sat>25</sat></trkpt>
  <trkpt lat="12.62619171" lon="78.07963121"><ele>542.572</ele><time>2026-02-23T07:47:29Z</time><speed>9.530</speed><sat>25</sat></trkpt>
  <trkpt lat="12.62611897" lon="78.07967872"><ele>542.380</ele><time>2026-02-23T07:47:30Z</time><speed>9.620</speed><sat>23</sat></trkpt>
  <trkpt lat="12.62604687" lon="78.07972775"><ele>542.248</ele><time>2026-02-23T07:47:31Z</time><speed>9.660</speed><sat>24</sat></trkpt>
  <trkpt lat="12.62597694" lon="78.07977633"><ele>541.905</ele><time>2026-02-23T07:47:32Z</time><speed>9.670</speed><sat>23</sat></trkpt>
  <trkpt lat="12.62590438" lon="78.07982593"><ele>541.225</ele><time>2026-02-23T07:47:33Z</time><speed>9.760</speed><sat>22</sat></trkpt>
  <trkpt lat="12.62583020" lon="78.07987942"><ele>541.218</ele><time>2026-02-23T07:47:34Z</time><speed>9.930</speed><sat>24</sat></trkpt>
  <trkpt lat="12.62575670" lon="78.07993065"><ele>540.652</ele><time>2026-02-23T07:47:35Z</time><speed>9.980</speed><sat>25</sat></trkpt>
  <trkpt lat="12.62567518" lon="78.07998289"><ele>540.240</ele><time>2026-02-23T07:47:36Z</time><speed>9.960</speed><sat>24</sat></trkpt>
  <trkpt lat="12.62560503" lon="78.08003260"><ele>540.042</ele><time>2026-02-23T07:47:37Z</time><speed>9.990</speed><sat>24</sat></trkpt>
  <trkpt lat="12.62553201" lon="78.08008890"><ele>539.708</ele><time>2026-02-23T07:47:38Z</time><speed>10.100</speed><sat>22</sat></trkpt>
  <trkpt lat="12.62546411" lon="78.08014098"><ele>539.438</ele><time>2026-02-23T07:47:39Z</time><speed>10.140</speed><sat>23</sat></trkpt>
  <trkpt lat="12.62539061" lon="78.08019202"><ele>538.399</ele><time>2026-02-23T07:47:40Z</time><speed>9.990</speed><sat>24</sat></trkpt>
  <trkpt lat="12.62531175" lon="78.08024035"><ele>538.354</ele><time>2026-02-23T07:47:41Z</time><speed>10.000</speed><sat>24</sat></trkpt>
  <trkpt lat="12.62523601" lon="78.08028691"><ele>538.572</ele><time>2026-02-23T07:47:42Z</time><speed>9.910</speed><sat>21</sat></trkpt>
  <trkpt lat="12.62516347" lon="78.08034068"><ele>538.136</ele><time>2026-02-23T07:47:43Z</time><speed>9.730</speed><sat>21</sat></trkpt>
  <trkpt lat="12.62509112" lon="78.08038622"><ele>537.752</ele><time>2026-02-23T07:47:44Z</time><speed>9.610</speed><sat>23</sat></trkpt>
  <trkpt lat="12.62502081" lon="78.08043622"><ele>537.529</ele><time>2026-02-23T07:47:45Z</time><speed>9.430</speed><sat>21</sat></trkpt>
  <trkpt lat="12.62495240" lon="78.08048031"><ele>537.488</ele><time>2026-02-23T07:47:46Z</time><speed>9.430</speed><sat>24</sat></trkpt>
  <trkpt lat="12.62488481" lon="78.08052969"><ele>536.896</ele><time>2026-02-23T07:47:47Z</time><speed>9.490</speed><sat>22</sat></trkpt>
  <trkpt lat="12.62481882" lon="78.08057428"><ele>536.730</ele><time>2026-02-23T07:47:48Z</time><speed>9.440</speed><sat>23</sat></trkpt>
  <trkpt lat="12.62474575" lon="78.08062360"><ele>536.639</ele><time>2026-02-23T07:47:49Z</time><speed>9.460</speed><sat>22</sat></trkpt>
  <trkpt lat="12.62466992" lon="78.08067027"><ele>536.342</ele><time>2026-02-23T07:47:50Z</time><speed>9.350</speed><sat>23</sat></trkpt>
  <trkpt lat="12.62459539" lon="78.08072128"><ele>536.027</ele><time>2026-02-23T07:47:51Z</time><speed>9.560</speed><sat>24</sat></trkpt>
  <trkpt lat="12.62452234" lon="78.08077081"><ele>535.643</ele><time>2026-02-23T07:47:52Z</time><speed>9.550</speed><sat>24</sat></trkpt>
  <trkpt lat="12.62444903" lon="78.08081694"><ele>535.679</ele><time>2026-02-23T07:47:53Z</time><speed>9.860</speed><sat>21</sat></trkpt>
  <trkpt lat="12.62437816" lon="78.08086985"><ele>535.418</ele><time>2026-02-23T07:47:54Z</time><speed>9.890</speed><sat>23</sat></trkpt>
  <trkpt lat="12.62430132" lon="78.08092214"><ele>534.916</ele><time>2026-02-23T07:47:55Z</time><speed>10.060</speed><sat>23</sat></trkpt>
  <trkpt lat="12.62422958" lon="78.08097840"><ele>535.015</ele><time>2026-02-23T07:47:56Z</time><speed>10.200</speed><sat>22</sat></trkpt>
  <trkpt lat="12.62415353" lon="78.08103149"><ele>534.723</ele><time>2026-02-23T07:47:57Z</time><speed>10.320</speed><sat>23</sat></trkpt>
  <trkpt lat="12.62407859" lon="78.08108641"><ele>534.729</ele><time>2026-02-23T07:47:58Z</time><speed>10.500</speed><sat>24</sat></trkpt>
  <trkpt lat="12.62399473" lon="78.08114118"><ele>533.885</ele><time>2026-02-23T07:47:59Z</time><speed>10.730</speed><sat>23</sat></trkpt>
  <trkpt lat="12.62391559" lon="78.08119901"><ele>533.834</ele><time>2026-02-23T07:48:00Z</time><speed>10.800</speed><sat>23</sat></trkpt>
  <trkpt lat="12.62383452" lon="78.08125175"><ele>533.912</ele><time>2026-02-23T07:48:01Z</time><speed>10.730</speed><sat>21</sat></trkpt>
  <trkpt lat="12.62375506" lon="78.08130827"><ele>533.664</ele><time>2026-02-23T07:48:02Z</time><speed>10.770</speed><sat>21</sat></trkpt>
  <trkpt lat="12.62367415" lon="78.08136318"><ele>533.667</ele><time>2026-02-23T07:48:03Z</time><speed>10.590</speed><sat>19</sat></trkpt>
  <trkpt lat="12.62359781" lon="78.08141591"><ele>533.761</ele><time>2026-02-23T07:48:04Z</time><speed>10.330</speed><sat>22</sat></trkpt>
  <trkpt lat="12.62351806" lon="78.08146937"><ele>533.584</ele><time>2026-02-23T07:48:05Z</time><speed>10.250</speed><sat>22</sat></trkpt>
  <trkpt lat="12.62343990" lon="78.08151180"><ele>533.966</ele><time>2026-02-23T07:48:06Z</time><speed>9.960</speed><sat>24</sat></trkpt>
  <trkpt lat="12.62336312" lon="78.08156028"><ele>533.338</ele><time>2026-02-23T07:48:07Z</time><speed>9.950</speed><sat>22</sat></trkpt>
  <trkpt lat="12.62328307" lon="78.08160404"><ele>533.333</ele><time>2026-02-23T07:48:08Z</time><speed>9.880</speed><sat>22</sat></trkpt>
  <trkpt lat="12.62319543" lon="78.08165268"><ele>532.820</ele><time>2026-02-23T07:48:09Z</time><speed>9.630</speed><sat>23</sat></trkpt>
  <trkpt lat="12.62312344" lon="78.08169157"><ele>533.409</ele><time>2026-02-23T07:48:10Z</time><speed>9.660</speed><sat>25</sat></trkpt>
  <trkpt lat="12.62304820" lon="78.08173298"><ele>534.138</ele><time>2026-02-23T07:48:11Z</time><speed>9.540</speed><sat>25</sat></trkpt>
  <trkpt lat="12.62297391" lon="78.08177458"><ele>534.217</ele><time>2026-02-23T07:48:12Z</time><speed>9.440</speed><sat>25</sat></trkpt>
  <trkpt lat="12.62289441" lon="78.08181140"><ele>534.314</ele><time>2026-02-23T07:48:13Z</time><speed>9.430</speed><sat>25</sat></trkpt>
  <trkpt lat="12.62282104" lon="78.08184775"><ele>535.042</ele><time>2026-02-23T07:48:14Z</time><speed>9.350</speed><sat>25</sat></trkpt>
  <trkpt lat="12.62274386" lon="78.08188112"><ele>534.832</ele><time>2026-02-23T07:48:15Z</time><speed>9.160</speed><sat>23</sat></trkpt>
  <trkpt lat="12.62267002" lon="78.08191463"><ele>534.578</ele><time>2026-02-23T07:48:16Z</time><speed>9.300</speed><sat>25</sat></trkpt>
  <trkpt lat="12.62259439" lon="78.08193858"><ele>533.674</ele><time>2026-02-23T07:48:17Z</time><speed>9.460</speed><sat>22</sat></trkpt>
  <trkpt lat="12.62251226" lon="78.08197419"><ele>533.362</ele><time>2026-02-23T07:48:18Z</time><speed>9.590</speed><sat>19</sat></trkpt>
  <trkpt lat="12.62242699" lon="78.08200745"><ele>533.830</ele><time>2026-02-23T07:48:19Z</time><speed>9.740</speed><sat>22</sat></trkpt>
  <trkpt lat="12.62234856" lon="78.08204029"><ele>533.590</ele><time>2026-02-23T07:48:20Z</time><speed>9.780</speed><sat>23</sat></trkpt>
  <trkpt lat="12.62226322" lon="78.08207338"><ele>533.447</ele><time>2026-02-23T07:48:21Z</time><speed>9.960</speed><sat>21</sat></trkpt>
  <trkpt lat="12.62217863" lon="78.08210563"><ele>533.309</ele><time>2026-02-23T07:48:22Z</time><speed>9.950</speed><sat>24</sat></trkpt>
  <trkpt lat="12.62209689" lon="78.08213460"><ele>533.301</ele><time>2026-02-23T07:48:23Z</time><speed>9.930</speed><sat>23</sat></trkpt>
  <trkpt lat="12.62200783" lon="78.08215830"><ele>532.930</ele><time>2026-02-23T07:48:24Z</time><speed>9.770</speed><sat>23</sat></trkpt>
  <trkpt lat="12.62192731" lon="78.08218889"><ele>533.222</ele><time>2026-02-23T07:48:25Z</time><speed>9.830</speed><sat>25</sat></trkpt>
  <trkpt lat="12.62184070" lon="78.08222388"><ele>533.000</ele><time>2026-02-23T07:48:26Z</time><speed>9.710</speed><sat>21</sat></trkpt>
  <trkpt lat="12.62175082" lon="78.08225384"><ele>532.536</ele><time>2026-02-23T07:48:27Z</time><speed>9.780</speed><sat>24</sat></trkpt>
  <trkpt lat="12.62166790" lon="78.08228261"><ele>532.205</ele><time>2026-02-23T07:48:28Z</time><speed>9.770</speed><sat>23</sat></trkpt>
  <trkpt lat="12.62159103" lon="78.08230514"><ele>531.256</ele><time>2026-02-23T07:48:29Z</time><speed>9.730</speed><sat>22</sat></trkpt>
  <trkpt lat="12.62150962" lon="78.08233894"><ele>531.281</ele><time>2026-02-23T07:48:30Z</time><speed>9.700</speed><sat>23</sat></trkpt>
  <trkpt lat="12.62142707" lon="78.08237098"><ele>531.337</ele><time>2026-02-23T07:48:31Z</time><speed>9.590</speed><sat>24</sat></trkpt>
  <trkpt lat="12.62133869" lon="78.08240537"><ele>531.345</ele><time>2026-02-23T07:48:32Z</time><speed>9.600</speed><sat>21</sat></trkpt>
  <trkpt lat="12.62125796" lon="78.08243432"><ele>531.077</ele><time>2026-02-23T07:48:33Z</time><speed>9.660</speed><sat>21</sat></trkpt>
  <trkpt lat="12.62117743" lon="78.08246675"><ele>531.291</ele><time>2026-02-23T07:48:34Z</time><speed>9.710</speed><sat>24</sat></trkpt>
  <trkpt lat="12.62109225" lon="78.08249377"><ele>530.528</ele><time>2026-02-23T07:48:35Z</time><speed>9.610</speed><sat>21</sat></trkpt>
  <trkpt lat="12.62100816" lon="78.08252256"><ele>530.447</ele><time>2026-02-23T07:48:36Z</time><speed>9.690</speed><sat>23</sat></trkpt>
  <trkpt lat="12.62092357" lon="78.08255737"><ele>530.541</ele><time>2026-02-23T07:48:37Z</time><speed>9.600</speed><sat>25</sat></trkpt>
  <trkpt lat="12.62084517" lon="78.08258199"><ele>530.981</ele><time>2026-02-23T07:48:38Z</time><speed>9.590</speed><sat>25</sat></trkpt>
  <trkpt lat="12.62076202" lon="78.08261115"><ele>530.815</ele><time>2026-02-23T07:48:39Z</time><speed>9.680</speed><sat>25</sat></trkpt>
  <trkpt lat="12.62067757" lon="78.08264047"><ele>530.575</ele><time>2026-02-23T07:48:40Z</time><speed>9.670</speed><sat>18</sat></trkpt>
  <trkpt lat="12.62059496" lon="78.08266814"><ele>530.020</ele><time>2026-02-23T07:48:41Z</time><speed>9.720</speed><sat>23</sat></trkpt>
  <trkpt lat="12.62051163" lon="78.08269016"><ele>529.298</ele><time>2026-02-23T07:48:42Z</time><speed>9.680</speed><sat>23</sat></trkpt>
  <trkpt lat="12.62043584" lon="78.08271494"><ele>529.172</ele><time>2026-02-23T07:48:43Z</time><speed>9.540</speed><sat>23</sat></trkpt>
  <trkpt lat="12.62035619" lon="78.08274013"><ele>529.047</ele><time>2026-02-23T07:48:44Z</time><speed>9.360</speed><sat>24</sat></trkpt>
  <trkpt lat="12.62028407" lon="78.08275955"><ele>527.635</ele><time>2026-02-23T07:48:45Z</time><speed>9.480</speed><sat>23</sat></trkpt>
  <trkpt lat="12.62020877" lon="78.08278297"><ele>526.484</ele><time>2026-02-23T07:48:46Z</time><speed>9.470</speed><sat>23</sat></trkpt>
  <trkpt lat="12.62012671" lon="78.08281271"><ele>526.191</ele><time>2026-02-23T07:48:47Z</time><speed>9.370</speed><sat>23</sat></trkpt>
  <trkpt lat="12.62004170" lon="78.08283849"><ele>525.917</ele><time>2026-02-23T07:48:48Z</time><speed>9.330</speed><sat>24</sat></trkpt>
  <trkpt lat="12.61995780" lon="78.08285986"><ele>525.624</ele><time>2026-02-23T07:48:49Z</time><speed>9.290</speed><sat>23</sat></trkpt>
  <trkpt lat="12.61987749" lon="78.08288724"><ele>526.056</ele><time>2026-02-23T07:48:50Z</time><speed>9.090</speed><sat>21</sat></trkpt>
  <trkpt lat="12.61980133" lon="78.08291301"><ele>525.669</ele><time>2026-02-23T07:48:51Z</time><speed>8.720</speed><sat>24</sat></trkpt>
  <trkpt lat="12.61972381" lon="78.08293817"><ele>525.676</ele><time>2026-02-23T07:48:52Z</time><speed>8.650</speed><sat>22</sat></trkpt>
  <trkpt lat="12.61965083" lon="78.08297061"><ele>526.055</ele><time>2026-02-23T07:48:53Z</time><speed>8.550</speed><sat>24</sat></trkpt>
  <trkpt lat="12.61957747" lon="78.08299843"><ele>526.156</ele><time>2026-02-23T07:48:54Z</time><speed>8.490</speed><sat>24</sat></trkpt>
  <trkpt lat="12.61950396" lon="78.08302395"><ele>526.363</ele><time>2026-02-23T07:48:55Z</time><speed>8.510</speed><sat>23</sat></trkpt>
  <trkpt lat="12.61943127" lon="78.08304912"><ele>526.612</ele><time>2026-02-23T07:48:56Z</time><speed>8.770</speed><sat>21</sat></trkpt>
  <trkpt lat="12.61935767" lon="78.08308092"><ele>526.400</ele><time>2026-02-23T07:48:57Z</time><speed>8.800</speed><sat>25</sat></trkpt>
  <trkpt lat="12.61928183" lon="78.08311941"><ele>526.609</ele><time>2026-02-23T07:48:58Z</time><speed>8.880</speed><sat>21</sat></trkpt>
  <trkpt lat="12.61920742" lon="78.08315712"><ele>526.818</ele><time>2026-02-23T07:48:59Z</time><speed>8.940</speed><sat>21</sat></trkpt>
  <trkpt lat="12.61913457" lon="78.08319093"><ele>526.233</ele><time>2026-02-23T07:49:00Z</time><speed>8.720</speed><sat>23</sat></trkpt>
  <trkpt lat="12.61906240" lon="78.08322837"><ele>526.112</ele><time>2026-02-23T07:49:01Z</time><speed>8.870</speed><sat>23</sat></trkpt>
  <trkpt lat="12.61899406" lon="78.08326606"><ele>526.484</ele><time>2026-02-23T07:49:02Z</time><speed>8.820</speed><sat>24</sat></trkpt>
  <trkpt lat="12.61892596" lon="78.08330581"><ele>526.460</ele><time>2026-02-23T07:49:03Z</time><speed>8.870</speed><sat>22</sat></trkpt>
  <trkpt lat="12.61885475" lon="78.08334667"><ele>525.868</ele><time>2026-02-23T07:49:04Z</time><speed>8.990</speed><sat>24</sat></trkpt>
  <trkpt lat="12.61878450" lon="78.08338530"><ele>525.602</ele><time>2026-02-23T07:49:05Z</time><speed>9.070</speed><sat>25</sat></trkpt>
  <trkpt lat="12.61871365" lon="78.08343199"><ele>524.936</ele><time>2026-02-23T07:49:06Z</time><speed>9.440</speed><sat>22</sat></trkpt>
  <trkpt lat="12.61863955" lon="78.08348333"><ele>524.764</ele><time>2026-02-23T07:49:07Z</time><speed>9.870</speed><sat>21</sat></trkpt>
  <trkpt lat="12.61856612" lon="78.08353373"><ele>524.633</ele><time>2026-02-23T07:49:08Z</time><speed>10.040</speed><sat>23</sat></trkpt>
  <trkpt lat="12.61849269" lon="78.08359062"><ele>524.093</ele><time>2026-02-23T07:49:09Z</time><speed>10.020</speed><sat>22</sat></trkpt>
  <trkpt lat="12.61842259" lon="78.08364802"><ele>524.058</ele><time>2026-02-23T07:49:10Z</time><speed>9.800</speed><sat>23</sat></trkpt>
  <trkpt lat="12.61835109" lon="78.08370097"><ele>524.131</ele><time>2026-02-23T07:49:11Z</time><speed>9.790</speed><sat>23</sat></trkpt>
  <trkpt lat="12.61828209" lon="78.08375770"><ele>523.971</ele><time>2026-02-23T07:49:12Z</time><speed>9.850</speed><sat>21</sat></trkpt>
  <trkpt lat="12.61821405" lon="78.08382146"><ele>523.684</ele><time>2026-02-23T07:49:13Z</time><speed>9.940</speed><sat>24</sat></trkpt>
  <trkpt lat="12.61814730" lon="78.08388911"><ele>523.318</ele><time>2026-02-23T07:49:14Z</time><speed>10.040</speed><sat>22</sat></trkpt>
  <trkpt lat="12.61807799" lon="78.08395909"><ele>522.874</ele><time>2026-02-23T07:49:15Z</time><speed>10.180</speed><sat>23</sat></trkpt>
  <trkpt lat="12.61801416" lon="78.08402876"><ele>522.503</ele><time>2026-02-23T07:49:16Z</time><speed>10.180</speed><sat>24</sat></trkpt>
  <trkpt lat="12.61794903" lon="78.08409674"><ele>521.873</ele><time>2026-02-23T07:49:17Z</time><speed>10.060</speed><sat>22</sat></trkpt>
  <trkpt lat="12.61788639" lon="78.08416153"><ele>521.563</ele><time>2026-02-23T07:49:18Z</time><speed>9.930</speed><sat>21</sat></trkpt>
  <trkpt lat="12.61782802" lon="78.08423522"><ele>521.587</ele><time>2026-02-23T07:49:19Z</time><speed>9.820</speed><sat>25</sat></trkpt>
  <trkpt lat="12.61776544" lon="78.08430150"><ele>521.779</ele><time>2026-02-23T07:49:20Z</time><speed>9.700</speed><sat>25</sat></trkpt>
  <trkpt lat="12.61771366" lon="78.08436741"><ele>521.555</ele><time>2026-02-23T07:49:21Z</time><speed>9.460</speed><sat>24</sat></trkpt>
  <trkpt lat="12.61766576" lon="78.08442671"><ele>522.174</ele><time>2026-02-23T07:49:22Z</time><speed>9.370</speed><sat>24</sat></trkpt>
  <trkpt lat="12.61761090" lon="78.08449239"><ele>522.410</ele><time>2026-02-23T07:49:23Z</time><speed>9.380</speed><sat>22</sat></trkpt>
  <trkpt lat="12.61755311" lon="78.08455677"><ele>522.675</ele><time>2026-02-23T07:49:24Z</time><speed>9.280</speed><sat>19</sat></trkpt>
  <trkpt lat="12.61749768" lon="78.08461957"><ele>522.509</ele><time>2026-02-23T07:49:25Z</time><speed>9.320</speed><sat>21</sat></trkpt>
  <trkpt lat="12.61743996" lon="78.08468555"><ele>522.634</ele><time>2026-02-23T07:49:26Z</time><speed>9.480</speed><sat>21</sat></trkpt>
  <trkpt lat="12.61738327" lon="78.08475709"><ele>522.964</ele><time>2026-02-23T07:49:27Z</time><speed>9.580</speed><sat>22</sat></trkpt>
  <trkpt lat="12.61732631" lon="78.08482126"><ele>522.630</ele><time>2026-02-23T07:49:28Z</time><speed>9.600</speed><sat>23</sat></trkpt>
  <trkpt lat="12.61727841" lon="78.08488600"><ele>522.440</ele><time>2026-02-23T07:49:29Z</time><speed>9.640</speed><sat>22</sat></trkpt>
  <trkpt lat="12.61722393" lon="78.08495381"><ele>522.276</ele><time>2026-02-23T07:49:30Z</time><speed>9.620</speed><sat>22</sat></trkpt>
  <trkpt lat="12.61716754" lon="78.08501943"><ele>522.222</ele><time>2026-02-23T07:49:31Z</time><speed>9.780</speed><sat>25</sat></trkpt>
  <trkpt lat="12.61711155" lon="78.08508873"><ele>522.165</ele><time>2026-02-23T07:49:32Z</time><speed>9.780</speed><sat>22</sat></trkpt>
  <trkpt lat="12.61705073" lon="78.08515623"><ele>521.913</ele><time>2026-02-23T07:49:33Z</time><speed>9.810</speed><sat>22</sat></trkpt>
  <trkpt lat="12.61699126" lon="78.08522559"><ele>521.853</ele><time>2026-02-23T07:49:34Z</time><speed>9.720</speed><sat>24</sat></trkpt>
  <trkpt lat="12.61693704" lon="78.08529426"><ele>522.171</ele><time>2026-02-23T07:49:35Z</time><speed>9.910</speed><sat>22</sat></trkpt>
  <trkpt lat="12.61688080" lon="78.08536650"><ele>522.152</ele><time>2026-02-23T07:49:36Z</time><speed>9.790</speed><sat>24</sat></trkpt>
  <trkpt lat="12.61682275" lon="78.08543698"><ele>522.304</ele><time>2026-02-23T07:49:37Z</time><speed>9.830</speed><sat>21</sat></trkpt>
  <trkpt lat="12.61676358" lon="78.08550722"><ele>522.259</ele><time>2026-02-23T07:49:38Z</time><speed>9.870</speed><sat>25</sat></trkpt>
  <trkpt lat="12.61670831" lon="78.08558233"><ele>522.050</ele><time>2026-02-23T07:49:39Z</time><speed>9.770</speed><sat>24</sat></trkpt>
  <trkpt lat="12.61665133" lon="78.08565397"><ele>521.838</ele><time>2026-02-23T07:49:40Z</time><speed>10.050</speed><sat>21</sat></trkpt>
  <trkpt lat="12.61659523" lon="78.08572483"><ele>522.298</ele><time>2026-02-23T07:49:41Z</time><speed>10.000</speed><sat>24</sat></trkpt>
  <trkpt lat="12.61653482" lon="78.08579383"><ele>522.643</ele><time>2026-02-23T07:49:42Z</time><speed>9.920</speed><sat>22</sat></trkpt>
  <trkpt lat="12.61647729" lon="78.08586761"><ele>522.477</ele><time>2026-02-23T07:49:43Z</time><speed>9.970</speed><sat>23</sat></trkpt>
  <trkpt lat="12.61642258" lon="78.08593945"><ele>523.111</ele><time>2026-02-23T07:49:44Z</time><speed>9.930</speed><sat>21</sat></trkpt>
  <trkpt lat="12.61636374" lon="78.08600790"><ele>523.523</ele><time>2026-02-23T07:49:45Z</time><speed>9.850</speed><sat>21</sat></trkpt>
  <trkpt lat="12.61630368" lon="78.08607891"><ele>523.519</ele><time>2026-02-23T07:49:46Z</time><speed>9.810</speed><sat>19</sat></trkpt>
  <trkpt lat="12.61625186" lon="78.08612393"><ele>520.915</ele><time>2026-02-23T07:49:47Z</time><speed>9.650</speed><sat>18</sat></trkpt>
  <trkpt lat="12.61619460" lon="78.08619137"><ele>520.392</ele><time>2026-02-23T07:49:48Z</time><speed>9.760</speed><sat>20</sat></trkpt>
  <trkpt lat="12.61614339" lon="78.08625882"><ele>518.877</ele><time>2026-02-23T07:49:49Z</time><speed>9.760</speed><sat>22</sat></trkpt>
  <trkpt lat="12.61608271" lon="78.08632655"><ele>519.087</ele><time>2026-02-23T07:49:50Z</time><speed>10.010</speed><sat>22</sat></trkpt>
  <trkpt lat="12.61602661" lon="78.08639119"><ele>519.007</ele><time>2026-02-23T07:49:51Z</time><speed>10.050</speed><sat>23</sat></trkpt>
  <trkpt lat="12.61596780" lon="78.08646251"><ele>519.348</ele><time>2026-02-23T07:49:52Z</time><speed>10.270</speed><sat>23</sat></trkpt>
  <trkpt lat="12.61590715" lon="78.08653551"><ele>519.478</ele><time>2026-02-23T07:49:53Z</time><speed>10.420</speed><sat>19</sat></trkpt>
  <trkpt lat="12.61584035" lon="78.08661241"><ele>519.418</ele><time>2026-02-23T07:49:54Z</time><speed>10.630</speed><sat>17</sat></trkpt>
  <trkpt lat="12.61577780" lon="78.08668138"><ele>520.063</ele><time>2026-02-23T07:49:55Z</time><speed>10.500</speed><sat>20</sat></trkpt>
  <trkpt lat="12.61571525" lon="78.08675621"><ele>520.995</ele><time>2026-02-23T07:49:56Z</time><speed>10.420</speed><sat>18</sat></trkpt>
  <trkpt lat="12.61565565" lon="78.08683010"><ele>521.116</ele><time>2026-02-23T07:49:57Z</time><speed>10.490</speed><sat>19</sat></trkpt>
  <trkpt lat="12.61559290" lon="78.08690075"><ele>520.615</ele><time>2026-02-23T07:49:58Z</time><speed>10.390</speed><sat>19</sat></trkpt>
  <trkpt lat="12.61553045" lon="78.08697314"><ele>521.110</ele><time>2026-02-23T07:49:59Z</time><speed>10.260</speed><sat>19</sat></trkpt>
  <trkpt lat="12.61546996" lon="78.08704275"><ele>520.994</ele><time>2026-02-23T07:50:00Z</time><speed>10.230</speed><sat>21</sat></trkpt>
  <trkpt lat="12.61540886" lon="78.08711485"><ele>520.549</ele><time>2026-02-23T07:50:01Z</time><speed>10.130</speed><sat>19</sat></trkpt>
  <trkpt lat="12.61535461" lon="78.08718377"><ele>519.080</ele><time>2026-02-23T07:50:02Z</time><speed>9.870</speed><sat>20</sat></trkpt>
  <trkpt lat="12.61529770" lon="78.08725524"><ele>519.958</ele><time>2026-02-23T07:50:03Z</time><speed>9.740</speed><sat>18</sat></trkpt>
  <trkpt lat="12.61523925" lon="78.08732422"><ele>520.536</ele><time>2026-02-23T07:50:04Z</time><speed>9.830</speed><sat>20</sat></trkpt>
  <trkpt lat="12.61518320" lon="78.08739624"><ele>520.857</ele><time>2026-02-23T07:50:05Z</time><speed>9.570</speed><sat>17</sat></trkpt>
  <trkpt lat="12.61513116" lon="78.08745666"><ele>520.831</ele><time>2026-02-23T07:50:06Z</time><speed>9.050</speed><sat>20</sat></trkpt>
  <trkpt lat="12.61508799" lon="78.08751317"><ele>519.229</ele><time>2026-02-23T07:50:07Z</time><speed>8.860</speed><sat>17</sat></trkpt>
  <trkpt lat="12.61503766" lon="78.08757347"><ele>520.691</ele><time>2026-02-23T07:50:08Z</time><speed>8.900</speed><sat>21</sat></trkpt>
  <trkpt lat="12.61498570" lon="78.08763790"><ele>521.204</ele><time>2026-02-23T07:50:09Z</time><speed>8.970</speed><sat>19</sat></trkpt>
  <trkpt lat="12.61492179" lon="78.08771135"><ele>521.903</ele><time>2026-02-23T07:50:10Z</time><speed>8.920</speed><sat>19</sat></trkpt>
  <trkpt lat="12.61487084" lon="78.08776749"><ele>521.191</ele><time>2026-02-23T07:50:11Z</time><speed>8.990</speed><sat>18</sat></trkpt>
  <trkpt lat="12.61481910" lon="78.08783057"><ele>521.422</ele><time>2026-02-23T07:50:12Z</time><speed>8.900</speed><sat>18</sat></trkpt>
  <trkpt lat="12.61477592" lon="78.08791235"><ele>521.744</ele><time>2026-02-23T07:50:13Z</time><speed>8.780</speed><sat>21</sat></trkpt>
  <trkpt lat="12.61472908" lon="78.08796261"><ele>521.499</ele><time>2026-02-23T07:50:14Z</time><speed>8.440</speed><sat>21</sat></trkpt>
  <trkpt lat="12.61468427" lon="78.08802178"><ele>521.643</ele><time>2026-02-23T07:50:15Z</time><speed>8.020</speed><sat>21</sat></trkpt>
  <trkpt lat="12.61461120" lon="78.08807420"><ele>523.225</ele><time>2026-02-23T07:50:16Z</time><speed>8.370</speed><sat>20</sat></trkpt>
  <trkpt lat="12.61456600" lon="78.08814478"><ele>522.318</ele><time>2026-02-23T07:50:17Z</time><speed>8.380</speed><sat>17</sat></trkpt>
  <trkpt lat="12.61450571" lon="78.08820011"><ele>523.189</ele><time>2026-02-23T07:50:18Z</time><speed>8.560</speed><sat>18</sat></trkpt>
  <trkpt lat="12.61444665" lon="78.08824237"><ele>523.928</ele><time>2026-02-23T07:50:19Z</time><speed>8.430</speed><sat>16</sat></trkpt>
  <trkpt lat="12.61439938" lon="78.08830103"><ele>523.854</ele><time>2026-02-23T07:50:20Z</time><speed>8.410</speed><sat>20</sat></trkpt>
  <trkpt lat="12.61435142" lon="78.08836148"><ele>523.689</ele><time>2026-02-23T07:50:21Z</time><speed>8.830</speed><sat>23</sat></trkpt>
  <trkpt lat="12.61429554" lon="78.08842888"><ele>524.192</ele><time>2026-02-23T07:50:22Z</time><speed>8.570</speed><sat>20</sat></trkpt>
  <trkpt lat="12.61424093" lon="78.08849537"><ele>524.896</ele><time>2026-02-23T07:50:23Z</time><speed>8.610</speed><sat>19</sat></trkpt>
  <trkpt lat="12.61419365" lon="78.08855422"><ele>525.256</ele><time>2026-02-23T07:50:24Z</time><speed>8.400</speed><sat>23</sat></trkpt>
  <trkpt lat="12.61414321" lon="78.08860490"><ele>525.611</ele><time>2026-02-23T07:50:25Z</time><speed>8.430</speed><sat>21</sat></trkpt>
  <trkpt lat="12.61409328" lon="78.08866418"><ele>526.593</ele><time>2026-02-23T07:50:26Z</time><speed>8.470</speed><sat>22</sat></trkpt>
  <trkpt lat="12.61404453" lon="78.08872223"><ele>527.339</ele><time>2026-02-23T07:50:27Z</time><speed>8.490</speed><sat>22</sat></trkpt>
  <trkpt lat="12.61399949" lon="78.08878441"><ele>527.358</ele><time>2026-02-23T07:50:28Z</time><speed>8.620</speed><sat>19</sat></trkpt>
  <trkpt lat="12.61394735" lon="78.08884127"><ele>526.487</ele><time>2026-02-23T07:50:29Z</time><speed>8.650</speed><sat>23</sat></trkpt>
  <trkpt lat="12.61389579" lon="78.08890861"><ele>527.366</ele><time>2026-02-23T07:50:30Z</time><speed>8.810</speed><sat>19</sat></trkpt>
  <trkpt lat="12.61384748" lon="78.08896902"><ele>527.466</ele><time>2026-02-23T07:50:31Z</time><speed>8.720</speed><sat>21</sat></trkpt>
  <trkpt lat="12.61379530" lon="78.08903507"><ele>527.806</ele><time>2026-02-23T07:50:32Z</time><speed>8.980</speed><sat>19</sat></trkpt>
  <trkpt lat="12.61374037" lon="78.08910384"><ele>529.099</ele><time>2026-02-23T07:50:33Z</time><speed>8.940</speed><sat>19</sat></trkpt>
  <trkpt lat="12.61368807" lon="78.08916619"><ele>529.573</ele><time>2026-02-23T07:50:34Z</time><speed>9.200</speed><sat>20</sat></trkpt>
  <trkpt lat="12.61363355" lon="78.08922666"><ele>530.224</ele><time>2026-02-23T07:50:35Z</time><speed>9.200</speed><sat>22</sat></trkpt>
  <trkpt lat="12.61357599" lon="78.08929681"><ele>530.524</ele><time>2026-02-23T07:50:36Z</time><speed>9.190</speed><sat>23</sat></trkpt>
  <trkpt lat="12.61351351" lon="78.08936771"><ele>531.167</ele><time>2026-02-23T07:50:37Z</time><speed>9.290</speed><sat>22</sat></trkpt>
  <trkpt lat="12.61345624" lon="78.08943868"><ele>531.228</ele><time>2026-02-23T07:50:38Z</time><speed>9.600</speed><sat>19</sat></trkpt>
  <trkpt lat="12.61340068" lon="78.08950241"><ele>531.375</ele><time>2026-02-23T07:50:39Z</time><speed>9.480</speed><sat>19</sat></trkpt>
  <trkpt lat="12.61334584" lon="78.08956905"><ele>531.129</ele><time>2026-02-23T07:50:40Z</time><speed>9.450</speed><sat>21</sat></trkpt>
  <trkpt lat="12.61328895" lon="78.08963741"><ele>531.200</ele><time>2026-02-23T07:50:41Z</time><speed>9.600</speed><sat>19</sat></trkpt>
  <trkpt lat="12.61323179" lon="78.08970669"><ele>531.157</ele><time>2026-02-23T07:50:42Z</time><speed>9.700</speed><sat>18</sat></trkpt>
  <trkpt lat="12.61317425" lon="78.08977612"><ele>531.255</ele><time>2026-02-23T07:50:43Z</time><speed>9.620</speed><sat>19</sat></trkpt>
  <trkpt lat="12.61311822" lon="78.08983780"><ele>531.975</ele><time>2026-02-23T07:50:44Z</time><speed>9.620</speed><sat>18</sat></trkpt>
  <trkpt lat="12.61305761" lon="78.08990618"><ele>532.259</ele><time>2026-02-23T07:50:45Z</time><speed>9.660</speed><sat>19</sat></trkpt>
  <trkpt lat="12.61299952" lon="78.08997474"><ele>532.413</ele><time>2026-02-23T07:50:46Z</time><speed>9.660</speed><sat>15</sat></trkpt>
  <trkpt lat="12.61294250" lon="78.09004507"><ele>532.502</ele><time>2026-02-23T07:50:47Z</time><speed>9.790</speed><sat>16</sat></trkpt>
  <trkpt lat="12.61288221" lon="78.09011378"><ele>532.574</ele><time>2026-02-23T07:50:48Z</time><speed>9.860</speed><sat>18</sat></trkpt>
  <trkpt lat="12.61282010" lon="78.09018083"><ele>532.812</ele><time>2026-02-23T07:50:49Z</time><speed>10.050</speed><sat>17</sat></trkpt>
  <trkpt lat="12.61276274" lon="78.09024503"><ele>532.920</ele><time>2026-02-23T07:50:50Z</time><speed>9.930</speed><sat>19</sat></trkpt>
  <trkpt lat="12.61269985" lon="78.09031550"><ele>533.060</ele><time>2026-02-23T07:50:51Z</time><speed>9.900</speed><sat>18</sat></trkpt>
  <trkpt lat="12.61264216" lon="78.09038314"><ele>533.409</ele><time>2026-02-23T07:50:52Z</time><speed>9.960</speed><sat>14</sat></trkpt>
  <trkpt lat="12.61258122" lon="78.09045497"><ele>533.413</ele><time>2026-02-23T07:50:53Z</time><speed>10.020</speed><sat>15</sat></trkpt>
  <trkpt lat="12.61252304" lon="78.09052079"><ele>533.309</ele><time>2026-02-23T07:50:54Z</time><speed>9.770</speed><sat>17</sat></trkpt>
  <trkpt lat="12.61247036" lon="78.09059462"><ele>533.272</ele><time>2026-02-23T07:50:55Z</time><speed>9.690</speed><sat>17</sat></trkpt>
  <trkpt lat="12.61241624" lon="78.09066137"><ele>533.263</ele><time>2026-02-23T07:50:56Z</time><speed>9.550</speed><sat>21</sat></trkpt>
  <trkpt lat="12.61235189" lon="78.09071673"><ele>532.794</ele><time>2026-02-23T07:50:57Z</time><speed>9.580</speed><sat>18</sat></trkpt>
  <trkpt lat="12.61229805" lon="78.09078401"><ele>532.774</ele><time>2026-02-23T07:50:58Z</time><speed>9.640</speed><sat>19</sat></trkpt>
  <trkpt lat="12.61224189" lon="78.09085247"><ele>532.766</ele><time>2026-02-23T07:50:59Z</time><speed>9.860</speed><sat>16</sat></trkpt>
  <trkpt lat="12.61218117" lon="78.09091950"><ele>533.165</ele><time>2026-02-23T07:51:00Z</time><speed>9.770</speed><sat>17</sat></trkpt>
  <trkpt lat="12.61211579" lon="78.09100315"><ele>532.636</ele><time>2026-02-23T07:51:01Z</time><speed>9.760</speed><sat>19</sat></trkpt>
  <trkpt lat="12.61205471" lon="78.09107266"><ele>532.808</ele><time>2026-02-23T07:51:02Z</time><speed>9.800</speed><sat>20</sat></trkpt>
  <trkpt lat="12.61199893" lon="78.09113877"><ele>533.057</ele><time>2026-02-23T07:51:03Z</time><speed>9.570</speed><sat>16</sat></trkpt>
  <trkpt lat="12.61194506" lon="78.09120958"><ele>533.859</ele><time>2026-02-23T07:51:04Z</time><speed>9.630</speed><sat>19</sat></trkpt>
  <trkpt lat="12.61188557" lon="78.09127577"><ele>534.191</ele><time>2026-02-23T07:51:05Z</time><speed>9.560</speed><sat>21</sat></trkpt>
  <trkpt lat="12.61182606" lon="78.09133955"><ele>534.660</ele><time>2026-02-23T07:51:06Z</time><speed>9.430</speed><sat>19</sat></trkpt>
  <trkpt lat="12.61177061" lon="78.09140445"><ele>534.249</ele><time>2026-02-23T07:51:07Z</time><speed>9.450</speed><sat>20</sat></trkpt>
  <trkpt lat="12.61171283" lon="78.09146677"><ele>534.327</ele><time>2026-02-23T07:51:08Z</time><speed>9.420</speed><sat>20</sat></trkpt>
  <trkpt lat="12.61165583" lon="78.09152764"><ele>534.133</ele><time>2026-02-23T07:51:09Z</time><speed>9.290</speed><sat>18</sat></trkpt>
  <trkpt lat="12.61160027" lon="78.09158941"><ele>534.101</ele><time>2026-02-23T07:51:10Z</time><speed>9.320</speed><sat>19</sat></trkpt>
  <trkpt lat="12.61154030" lon="78.09165916"><ele>533.732</ele><time>2026-02-23T07:51:11Z</time><speed>9.280</speed><sat>18</sat></trkpt>
  <trkpt lat="12.61148194" lon="78.09172508"><ele>533.682</ele><time>2026-02-23T07:51:12Z</time><speed>9.390</speed><sat>16</sat></trkpt>
  <trkpt lat="12.61142374" lon="78.09179544"><ele>533.253</ele><time>2026-02-23T07:51:13Z</time><speed>9.270</speed><sat>17</sat></trkpt>
  <trkpt lat="12.61136809" lon="78.09185487"><ele>533.306</ele><time>2026-02-23T07:51:14Z</time><speed>9.220</speed><sat>18</sat></trkpt>
  <trkpt lat="12.61131386" lon="78.09191501"><ele>533.628</ele><time>2026-02-23T07:51:15Z</time><speed>9.150</speed><sat>15</sat></trkpt>
  <trkpt lat="12.61125257" lon="78.09197018"><ele>534.171</ele><time>2026-02-23T07:51:16Z</time><speed>8.980</speed><sat>20</sat></trkpt>
  <trkpt lat="12.61119498" lon="78.09202748"><ele>534.524</ele><time>2026-02-23T07:51:17Z</time><speed>8.860</speed><sat>18</sat></trkpt>
  <trkpt lat="12.61113859" lon="78.09208584"><ele>534.914</ele><time>2026-02-23T07:51:18Z</time><speed>8.920</speed><sat>19</sat></trkpt>
  <trkpt lat="12.61108292" lon="78.09213953"><ele>535.681</ele><time>2026-02-23T07:51:19Z</time><speed>8.810</speed><sat>16</sat></trkpt>
  <trkpt lat="12.61102452" lon="78.09219131"><ele>536.812</ele><time>2026-02-23T07:51:20Z</time><speed>8.660</speed><sat>16</sat></trkpt>
  <trkpt lat="12.61096513" lon="78.09224283"><ele>536.391</ele><time>2026-02-23T07:51:21Z</time><speed>8.640</speed><sat>20</sat></trkpt>
  <trkpt lat="12.61090251" lon="78.09229234"><ele>534.862</ele><time>2026-02-23T07:51:22Z</time><speed>8.620</speed><sat>20</sat></trkpt>
  <trkpt lat="12.61083431" lon="78.09233445"><ele>532.855</ele><time>2026-02-23T07:51:23Z</time><speed>8.590</speed><sat>17</sat></trkpt>
  <trkpt lat="12.61078099" lon="78.09239656"><ele>532.631</ele><time>2026-02-23T07:51:24Z</time><speed>8.540</speed><sat>21</sat></trkpt>
  <trkpt lat="12.61072628" lon="78.09245511"><ele>533.142</ele><time>2026-02-23T07:51:25Z</time><speed>8.600</speed><sat>20</sat></trkpt>
  <trkpt lat="12.61067799" lon="78.09251504"><ele>533.858</ele><time>2026-02-23T07:51:26Z</time><speed>8.710</speed><sat>18</sat></trkpt>
  <trkpt lat="12.61062829" lon="78.09258028"><ele>533.800</ele><time>2026-02-23T07:51:27Z</time><speed>8.880</speed><sat>21</sat></trkpt>
  <trkpt lat="12.61057460" lon="78.09263637"><ele>533.485</ele><time>2026-02-23T07:51:28Z</time><speed>9.000</speed><sat>20</sat></trkpt>
  <trkpt lat="12.61052363" lon="78.09270940"><ele>533.229</ele><time>2026-02-23T07:51:29Z</time><speed>9.130</speed><sat>21</sat></trkpt>
  <trkpt lat="12.61047508" lon="78.09277655"><ele>533.397</ele><time>2026-02-23T07:51:30Z</time><speed>9.140</speed><sat>19</sat></trkpt>
  <trkpt lat="12.61042655" lon="78.09285233"><ele>533.427</ele><time>2026-02-23T07:51:31Z</time><speed>9.070</speed><sat>17</sat></trkpt>
  <trkpt lat="12.61038278" lon="78.09292096"><ele>533.290</ele><time>2026-02-23T07:51:32Z</time><speed>8.980</speed><sat>19</sat></trkpt>
  <trkpt lat="12.61034385" lon="78.09299067"><ele>533.174</ele><time>2026-02-23T07:51:33Z</time><speed>8.910</speed><sat>19</sat></trkpt>
  <trkpt lat="12.61030685" lon="78.09306061"><ele>532.779</ele><time>2026-02-23T07:51:34Z</time><speed>8.880</speed><sat>22</sat></trkpt>
  <trkpt lat="12.61026476" lon="78.09312883"><ele>532.828</ele><time>2026-02-23T07:51:35Z</time><speed>8.730</speed><sat>20</sat></trkpt>
  <trkpt lat="12.61022540" lon="78.09319525"><ele>533.187</ele><time>2026-02-23T07:51:36Z</time><speed>8.620</speed><sat>19</sat></trkpt>
  <trkpt lat="12.61018560" lon="78.09326549"><ele>533.112</ele><time>2026-02-23T07:51:37Z</time><speed>8.480</speed><sat>21</sat></trkpt>
  <trkpt lat="12.61015116" lon="78.09333368"><ele>532.337</ele><time>2026-02-23T07:51:38Z</time><speed>8.210</speed><sat>20</sat></trkpt>
  <trkpt lat="12.61011522" lon="78.09339693"><ele>533.199</ele><time>2026-02-23T07:51:39Z</time><speed>8.270</speed><sat>20</sat></trkpt>
  <trkpt lat="12.61008177" lon="78.09346607"><ele>533.218</ele><time>2026-02-23T07:51:40Z</time><speed>8.300</speed><sat>20</sat></trkpt>
  <trkpt lat="12.61005258" lon="78.09353116"><ele>533.116</ele><time>2026-02-23T07:51:41Z</time><speed>7.910</speed><sat>19</sat></trkpt>
  <trkpt lat="12.61001630" lon="78.09360331"><ele>533.142</ele><time>2026-02-23T07:51:42Z</time><speed>8.370</speed><sat>20</sat></trkpt>
  <trkpt lat="12.60998108" lon="78.09367411"><ele>533.294</ele><time>2026-02-23T07:51:43Z</time><speed>8.580</speed><sat>19</sat></trkpt>
  <trkpt lat="12.60994826" lon="78.09374857"><ele>534.365</ele><time>2026-02-23T07:51:44Z</time><speed>8.860</speed><sat>20</sat></trkpt>
  <trkpt lat="12.60991828" lon="78.09382815"><ele>534.640</ele><time>2026-02-23T07:51:45Z</time><speed>9.100</speed><sat>20</sat></trkpt>
  <trkpt lat="12.60988792" lon="78.09390847"><ele>534.301</ele><time>2026-02-23T07:51:46Z</time><speed>9.330</speed><sat>22</sat></trkpt>
  <trkpt lat="12.60985390" lon="78.09399455"><ele>534.580</ele><time>2026-02-23T07:51:47Z</time><speed>9.230</speed><sat>22</sat></trkpt>
  <trkpt lat="12.60981834" lon="78.09407594"><ele>534.478</ele><time>2026-02-23T07:51:48Z</time><speed>9.380</speed><sat>21</sat></trkpt>
  <trkpt lat="12.60978436" lon="78.09415981"><ele>534.580</ele><time>2026-02-23T07:51:49Z</time><speed>9.380</speed><sat>20</sat></trkpt>
  <trkpt lat="12.60974829" lon="78.09423625"><ele>535.515</ele><time>2026-02-23T07:51:50Z</time><speed>9.330</speed><sat>20</sat></trkpt>
  <trkpt lat="12.60971121" lon="78.09431419"><ele>536.032</ele><time>2026-02-23T07:51:51Z</time><speed>9.080</speed><sat>19</sat></trkpt>
  <trkpt lat="12.60967882" lon="78.09439182"><ele>535.837</ele><time>2026-02-23T07:51:52Z</time><speed>9.030</speed><sat>20</sat></trkpt>
  <trkpt lat="12.60964648" lon="78.09447345"><ele>535.416</ele><time>2026-02-23T07:51:53Z</time><speed>9.080</speed><sat>21</sat></trkpt>
  <trkpt lat="12.60961475" lon="78.09455265"><ele>535.599</ele><time>2026-02-23T07:51:54Z</time><speed>9.100</speed><sat>21</sat></trkpt>
  <trkpt lat="12.60958030" lon="78.09463219"><ele>534.836</ele><time>2026-02-23T07:51:55Z</time><speed>9.110</speed><sat>20</sat></trkpt>
  <trkpt lat="12.60954788" lon="78.09470850"><ele>534.262</ele><time>2026-02-23T07:51:56Z</time><speed>9.150</speed><sat>20</sat></trkpt>
  <trkpt lat="12.60951481" lon="78.09478383"><ele>535.417</ele><time>2026-02-23T07:51:57Z</time><speed>9.230</speed><sat>21</sat></trkpt>
  <trkpt lat="12.60947848" lon="78.09485770"><ele>535.710</ele><time>2026-02-23T07:51:58Z</time><speed>9.280</speed><sat>21</sat></trkpt>
  <trkpt lat="12.60944118" lon="78.09493395"><ele>536.205</ele><time>2026-02-23T07:51:59Z</time><speed>9.470</speed><sat>19</sat></trkpt>
  <trkpt lat="12.60939454" lon="78.09500884"><ele>536.391</ele><time>2026-02-23T07:52:00Z</time><speed>9.670</speed><sat>20</sat></trkpt>
  <trkpt lat="12.60935574" lon="78.09509183"><ele>537.006</ele><time>2026-02-23T07:52:01Z</time><speed>9.830</speed><sat>21</sat></trkpt>
  <trkpt lat="12.60931806" lon="78.09517215"><ele>537.729</ele><time>2026-02-23T07:52:02Z</time><speed>9.840</speed><sat>21</sat></trkpt>
  <trkpt lat="12.60927813" lon="78.09525410"><ele>537.094</ele><time>2026-02-23T07:52:03Z</time><speed>9.960</speed><sat>22</sat></trkpt>
  <trkpt lat="12.60923941" lon="78.09533593"><ele>536.857</ele><time>2026-02-23T07:52:04Z</time><speed>9.930</speed><sat>20</sat></trkpt>
  <trkpt lat="12.60920088" lon="78.09541922"><ele>537.323</ele><time>2026-02-23T07:52:05Z</time><speed>9.890</speed><sat>20</sat></trkpt>
  <trkpt lat="12.60916110" lon="78.09549876"><ele>537.602</ele><time>2026-02-23T07:52:06Z</time><speed>9.580</speed><sat>20</sat></trkpt>
  <trkpt lat="12.60912127" lon="78.09558363"><ele>537.779</ele><time>2026-02-23T07:52:07Z</time><speed>9.460</speed><sat>20</sat></trkpt>
  <trkpt lat="12.60908566" lon="78.09565973"><ele>537.656</ele><time>2026-02-23T07:52:08Z</time><speed>9.250</speed><sat>21</sat></trkpt>
  <trkpt lat="12.60905037" lon="78.09573582"><ele>537.536</ele><time>2026-02-23T07:52:09Z</time><speed>9.230</speed><sat>20</sat></trkpt>
  <trkpt lat="12.60901642" lon="78.09581975"><ele>538.023</ele><time>2026-02-23T07:52:10Z</time><speed>9.160</speed><sat>19</sat></trkpt>
  <trkpt lat="12.60897738" lon="78.09589484"><ele>538.094</ele><time>2026-02-23T07:52:11Z</time><speed>9.110</speed><sat>19</sat></trkpt>
  <trkpt lat="12.60894172" lon="78.09597076"><ele>537.853</ele><time>2026-02-23T07:52:12Z</time><speed>9.170</speed><sat>19</sat></trkpt>
  <trkpt lat="12.60890743" lon="78.09604201"><ele>538.630</ele><time>2026-02-23T07:52:13Z</time><speed>9.210</speed><sat>19</sat></trkpt>
  <trkpt lat="12.60887196" lon="78.09611693"><ele>539.056</ele><time>2026-02-23T07:52:14Z</time><speed>9.320</speed><sat>17</sat></trkpt>
  <trkpt lat="12.60883625" lon="78.09619954"><ele>538.921</ele><time>2026-02-23T07:52:15Z</time><speed>9.380</speed><sat>19</sat></trkpt>
  <trkpt lat="12.60880249" lon="78.09627840"><ele>539.364</ele><time>2026-02-23T07:52:16Z</time><speed>9.440</speed><sat>20</sat></trkpt>
  <trkpt lat="12.60877022" lon="78.09635404"><ele>539.732</ele><time>2026-02-23T07:52:17Z</time><speed>9.360</speed><sat>19</sat></trkpt>
  <trkpt lat="12.60873583" lon="78.09643120"><ele>539.519</ele><time>2026-02-23T07:52:18Z</time><speed>9.240</speed><sat>20</sat></trkpt>
  <trkpt lat="12.60870455" lon="78.09650230"><ele>539.052</ele><time>2026-02-23T07:52:19Z</time><speed>8.980</speed><sat>22</sat></trkpt>
  <trkpt lat="12.60867001" lon="78.09657922"><ele>538.762</ele><time>2026-02-23T07:52:20Z</time><speed>9.020</speed><sat>21</sat></trkpt>
  <trkpt lat="12.60863402" lon="78.09665893"><ele>538.889</ele><time>2026-02-23T07:52:21Z</time><speed>9.050</speed><sat>22</sat></trkpt>
  <trkpt lat="12.60860164" lon="78.09673153"><ele>539.416</ele><time>2026-02-23T07:52:22Z</time><speed>9.090</speed><sat>22</sat></trkpt>
  <trkpt lat="12.60856512" lon="78.09681300"><ele>538.854</ele><time>2026-02-23T07:52:23Z</time><speed>9.270</speed><sat>20</sat></trkpt>
  <trkpt lat="12.60853181" lon="78.09689270"><ele>538.453</ele><time>2026-02-23T07:52:24Z</time><speed>9.480</speed><sat>19</sat></trkpt>
  <trkpt lat="12.60849843" lon="78.09697065"><ele>538.876</ele><time>2026-02-23T07:52:25Z</time><speed>9.710</speed><sat>20</sat></trkpt>
  <trkpt lat="12.60846628" lon="78.09706118"><ele>538.273</ele><time>2026-02-23T07:52:26Z</time><speed>9.780</speed><sat>21</sat></trkpt>
  <trkpt lat="12.60843250" lon="78.09714655"><ele>537.235</ele><time>2026-02-23T07:52:27Z</time><speed>9.720</speed><sat>19</sat></trkpt>
  <trkpt lat="12.60839831" lon="78.09723001"><ele>537.322</ele><time>2026-02-23T07:52:28Z</time><speed>9.630</speed><sat>21</sat></trkpt>
  <trkpt lat="12.60836192" lon="78.09731099"><ele>537.396</ele><time>2026-02-23T07:52:29Z</time><speed>9.830</speed><sat>19</sat></trkpt>
  <trkpt lat="12.60832728" lon="78.09739717"><ele>537.191</ele><time>2026-02-23T07:52:30Z</time><speed>9.710</speed><sat>19</sat></trkpt>
  <trkpt lat="12.60828878" lon="78.09748155"><ele>536.738</ele><time>2026-02-23T07:52:31Z</time><speed>9.730</speed><sat>20</sat></trkpt>
  <trkpt lat="12.60824566" lon="78.09755662"><ele>535.776</ele><time>2026-02-23T07:52:32Z</time><speed>9.730</speed><sat>20</sat></trkpt>
  <trkpt lat="12.60820280" lon="78.09763306"><ele>535.625</ele><time>2026-02-23T07:52:33Z</time><speed>9.740</speed><sat>19</sat></trkpt>
  <trkpt lat="12.60816475" lon="78.09771037"><ele>537.355</ele><time>2026-02-23T07:52:34Z</time><speed>9.640</speed><sat>21</sat></trkpt>
  <trkpt lat="12.60812670" lon="78.09779202"><ele>538.261</ele><time>2026-02-23T07:52:35Z</time><speed>9.590</speed><sat>22</sat></trkpt>
  <trkpt lat="12.60809119" lon="78.09787119"><ele>537.599</ele><time>2026-02-23T07:52:36Z</time><speed>9.570</speed><sat>23</sat></trkpt>
  <trkpt lat="12.60805277" lon="78.09794918"><ele>537.022</ele><time>2026-02-23T07:52:37Z</time><speed>9.450</speed><sat>21</sat></trkpt>
  <trkpt lat="12.60801526" lon="78.09801917"><ele>538.294</ele><time>2026-02-23T07:52:38Z</time><speed>9.460</speed><sat>23</sat></trkpt>
  <trkpt lat="12.60797712" lon="78.09809755"><ele>537.875</ele><time>2026-02-23T07:52:39Z</time><speed>9.320</speed><sat>17</sat></trkpt>
  <trkpt lat="12.60793925" lon="78.09817379"><ele>538.137</ele><time>2026-02-23T07:52:40Z</time><speed>9.310</speed><sat>23</sat></trkpt>
  <trkpt lat="12.60790073" lon="78.09824872"><ele>538.580</ele><time>2026-02-23T07:52:41Z</time><speed>9.450</speed><sat>22</sat></trkpt>
  <trkpt lat="12.60785903" lon="78.09832452"><ele>538.396</ele><time>2026-02-23T07:52:42Z</time><speed>9.690</speed><sat>22</sat></trkpt>
  <trkpt lat="12.60781802" lon="78.09840110"><ele>539.344</ele><time>2026-02-23T07:52:43Z</time><speed>9.840</speed><sat>21</sat></trkpt>
  <trkpt lat="12.60777366" lon="78.09848021"><ele>539.113</ele><time>2026-02-23T07:52:44Z</time><speed>10.060</speed><sat>21</sat></trkpt>
  <trkpt lat="12.60772757" lon="78.09855871"><ele>539.194</ele><time>2026-02-23T07:52:45Z</time><speed>10.300</speed><sat>20</sat></trkpt>
  <trkpt lat="12.60768213" lon="78.09864723"><ele>539.284</ele><time>2026-02-23T07:52:46Z</time><speed>10.480</speed><sat>18</sat></trkpt>
  <trkpt lat="12.60763594" lon="78.09873074"><ele>538.473</ele><time>2026-02-23T07:52:47Z</time><speed>10.510</speed><sat>20</sat></trkpt>
  <trkpt lat="12.60759323" lon="78.09881486"><ele>538.976</ele><time>2026-02-23T07:52:48Z</time><speed>10.530</speed><sat>22</sat></trkpt>
  <trkpt lat="12.60754804" lon="78.09890405"><ele>538.725</ele><time>2026-02-23T07:52:49Z</time><speed>10.510</speed><sat>18</sat></trkpt>
  <trkpt lat="12.60750248" lon="78.09899018"><ele>538.969</ele><time>2026-02-23T07:52:50Z</time><speed>10.370</speed><sat>18</sat></trkpt>
  <trkpt lat="12.60745787" lon="78.09907354"><ele>539.449</ele><time>2026-02-23T07:52:51Z</time><speed>10.240</speed><sat>23</sat></trkpt>
  <trkpt lat="12.60741550" lon="78.09915713"><ele>539.196</ele><time>2026-02-23T07:52:52Z</time><speed>10.410</speed><sat>23</sat></trkpt>
  <trkpt lat="12.60737474" lon="78.09923762"><ele>539.587</ele><time>2026-02-23T07:52:53Z</time><speed>10.580</speed><sat>24</sat></trkpt>
  <trkpt lat="12.60733876" lon="78.09932705"><ele>538.874</ele><time>2026-02-23T07:52:54Z</time><speed>10.620</speed><sat>17</sat></trkpt>
  <trkpt lat="12.60729600" lon="78.09941650"><ele>538.800</ele><time>2026-02-23T07:52:55Z</time><speed>10.800</speed><sat>21</sat></trkpt>
  <trkpt lat="12.60725246" lon="78.09950613"><ele>538.560</ele><time>2026-02-23T07:52:56Z</time><speed>10.880</speed><sat>22</sat></trkpt>
  <trkpt lat="12.60720749" lon="78.09960311"><ele>538.738</ele><time>2026-02-23T07:52:57Z</time><speed>11.180</speed><sat>19</sat></trkpt>
  <trkpt lat="12.60716500" lon="78.09969644"><ele>538.681</ele><time>2026-02-23T07:52:58Z</time><speed>11.350</speed><sat>21</sat></trkpt>
  <trkpt lat="12.60711900" lon="78.09979282"><ele>538.726</ele><time>2026-02-23T07:52:59Z</time><speed>11.530</speed><sat>21</sat></trkpt>
  <trkpt lat="12.60707435" lon="78.09989098"><ele>538.826</ele><time>2026-02-23T07:53:00Z</time><speed>11.820</speed><sat>20</sat></trkpt>
  <trkpt lat="12.60703029" lon="78.09998928"><ele>538.387</ele><time>2026-02-23T07:53:01Z</time><speed>11.550</speed><sat>19</sat></trkpt>
  <trkpt lat="12.60698614" lon="78.10008158"><ele>538.612</ele><time>2026-02-23T07:53:02Z</time><speed>11.160</speed><sat>20</sat></trkpt>
  <trkpt lat="12.60694690" lon="78.10016684"><ele>538.782</ele><time>2026-02-23T07:53:03Z</time><speed>10.480</speed><sat>20</sat></trkpt>
  <trkpt lat="12.60690970" lon="78.10025092"><ele>538.705</ele><time>2026-02-23T07:53:04Z</time><speed>10.010</speed><sat>19</sat></trkpt>
  <trkpt lat="12.60687549" lon="78.10032931"><ele>539.929</ele><time>2026-02-23T07:53:05Z</time><speed>9.860</speed><sat>15</sat></trkpt>
  <trkpt lat="12.60684022" lon="78.10040410"><ele>540.080</ele><time>2026-02-23T07:53:06Z</time><speed>9.050</speed><sat>20</sat></trkpt>
  <trkpt lat="12.60681871" lon="78.10048615"><ele>537.863</ele><time>2026-02-23T07:53:07Z</time><speed>8.910</speed><sat>19</sat></trkpt>
  <trkpt lat="12.60678255" lon="78.10056376"><ele>537.869</ele><time>2026-02-23T07:53:08Z</time><speed>9.010</speed><sat>20</sat></trkpt>
  <trkpt lat="12.60674978" lon="78.10063106"><ele>537.815</ele><time>2026-02-23T07:53:09Z</time><speed>8.610</speed><sat>19</sat></trkpt>
  <trkpt lat="12.60671696" lon="78.10071309"><ele>537.788</ele><time>2026-02-23T07:53:10Z</time><speed>8.530</speed><sat>23</sat></trkpt>
  <trkpt lat="12.60668784" lon="78.10078217"><ele>538.254</ele><time>2026-02-23T07:53:11Z</time><speed>8.500</speed><sat>20</sat></trkpt>
  <trkpt lat="12.60666612" lon="78.10083891"><ele>537.493</ele><time>2026-02-23T07:53:12Z</time><speed>8.270</speed><sat>20</sat></trkpt>
  <trkpt lat="12.60663584" lon="78.10090481"><ele>537.807</ele><time>2026-02-23T07:53:13Z</time><speed>8.190</speed><sat>21</sat></trkpt>
  <trkpt lat="12.60661271" lon="78.10096855"><ele>536.459</ele><time>2026-02-23T07:53:14Z</time><speed>8.070</speed><sat>19</sat></trkpt>
  <trkpt lat="12.60658522" lon="78.10103777"><ele>536.154</ele><time>2026-02-23T07:53:15Z</time><speed>7.950</speed><sat>21</sat></trkpt>
  <trkpt lat="12.60655808" lon="78.10110550"><ele>535.789</ele><time>2026-02-23T07:53:16Z</time><speed>7.940</speed><sat>21</sat></trkpt>
  <trkpt lat="12.60653916" lon="78.10117547"><ele>535.253</ele><time>2026-02-23T07:53:17Z</time><speed>7.860</speed><sat>16</sat></trkpt>
  <trkpt lat="12.60652647" lon="78.10124832"><ele>536.698</ele><time>2026-02-23T07:53:18Z</time><speed>8.330</speed><sat>15</sat></trkpt>
  <trkpt lat="12.60649964" lon="78.10132000"><ele>536.970</ele><time>2026-02-23T07:53:19Z</time><speed>8.330</speed><sat>15</sat></trkpt>
  <trkpt lat="12.60647680" lon="78.10138647"><ele>536.240</ele><time>2026-02-23T07:53:20Z</time><speed>8.150</speed><sat>18</sat></trkpt>
  <trkpt lat="12.60645075" lon="78.10146057"><ele>536.438</ele><time>2026-02-23T07:53:21Z</time><speed>8.170</speed><sat>17</sat></trkpt>
  <trkpt lat="12.60643112" lon="78.10152532"><ele>535.526</ele><time>2026-02-23T07:53:22Z</time><speed>8.160</speed><sat>19</sat></trkpt>
  <trkpt lat="12.60641043" lon="78.10159769"><ele>535.628</ele><time>2026-02-23T07:53:23Z</time><speed>8.090</speed><sat>16</sat></trkpt>
  <trkpt lat="12.60638969" lon="78.10167188"><ele>535.488</ele><time>2026-02-23T07:53:24Z</time><speed>8.250</speed><sat>20</sat></trkpt>
  <trkpt lat="12.60637502" lon="78.10174492"><ele>534.867</ele><time>2026-02-23T07:53:25Z</time><speed>8.250</speed><sat>17</sat></trkpt>
  <trkpt lat="12.60635315" lon="78.10182377"><ele>535.267</ele><time>2026-02-23T07:53:26Z</time><speed>8.360</speed><sat>16</sat></trkpt>
  <trkpt lat="12.60632154" lon="78.10189459"><ele>533.590</ele><time>2026-02-23T07:53:27Z</time><speed>8.330</speed><sat>17</sat></trkpt>
  <trkpt lat="12.60630424" lon="78.10197078"><ele>534.085</ele><time>2026-02-23T07:53:28Z</time><speed>8.380</speed><sat>17</sat></trkpt>
  <trkpt lat="12.60628712" lon="78.10204581"><ele>534.145</ele><time>2026-02-23T07:53:29Z</time><speed>8.410</speed><sat>17</sat></trkpt>
  <trkpt lat="12.60627153" lon="78.10212033"><ele>532.934</ele><time>2026-02-23T07:53:30Z</time><speed>8.130</speed><sat>17</sat></trkpt>
  <trkpt lat="12.60625278" lon="78.10219618"><ele>532.252</ele><time>2026-02-23T07:53:31Z</time><speed>8.580</speed><sat>14</sat></trkpt>
  <trkpt lat="12.60623206" lon="78.10227863"><ele>530.176</ele><time>2026-02-23T07:53:32Z</time><speed>8.520</speed><sat>15</sat></trkpt>
  <trkpt lat="12.60621692" lon="78.10234976"><ele>529.034</ele><time>2026-02-23T07:53:33Z</time><speed>8.740</speed><sat>15</sat></trkpt>
  <trkpt lat="12.60620404" lon="78.10242369"><ele>528.755</ele><time>2026-02-23T07:53:34Z</time><speed>8.870</speed><sat>15</sat></trkpt>
  <trkpt lat="12.60619125" lon="78.10250252"><ele>528.467</ele><time>2026-02-23T07:53:35Z</time><speed>9.030</speed><sat>15</sat></trkpt>
  <trkpt lat="12.60618160" lon="78.10259190"><ele>528.118</ele><time>2026-02-23T07:53:36Z</time><speed>8.950</speed><sat>16</sat></trkpt>
  <trkpt lat="12.60617253" lon="78.10267761"><ele>527.589</ele><time>2026-02-23T07:53:37Z</time><speed>8.870</speed><sat>15</sat></trkpt>
  <trkpt lat="12.60615253" lon="78.10276220"><ele>528.142</ele><time>2026-02-23T07:53:38Z</time><speed>8.930</speed><sat>17</sat></trkpt>
  <trkpt lat="12.60614080" lon="78.10284373"><ele>527.348</ele><time>2026-02-23T07:53:39Z</time><speed>9.040</speed><sat>16</sat></trkpt>
  <trkpt lat="12.60613578" lon="78.10292499"><ele>526.313</ele><time>2026-02-23T07:53:40Z</time><speed>8.950</speed><sat>16</sat></trkpt>
  <trkpt lat="12.60612319" lon="78.10300504"><ele>525.201</ele><time>2026-02-23T07:53:41Z</time><speed>9.240</speed><sat>13</sat></trkpt>
  <trkpt lat="12.60611466" lon="78.10309057"><ele>524.584</ele><time>2026-02-23T07:53:42Z</time><speed>9.400</speed><sat>15</sat></trkpt>
  <trkpt lat="12.60610833" lon="78.10317616"><ele>524.915</ele><time>2026-02-23T07:53:43Z</time><speed>9.380</speed><sat>11</sat></trkpt>
  <trkpt lat="12.60611235" lon="78.10325104"><ele>524.548</ele><time>2026-02-23T07:53:44Z</time><speed>9.300</speed><sat>13</sat></trkpt>
  <trkpt lat="12.60609965" lon="78.10333563"><ele>523.520</ele><time>2026-02-23T07:53:45Z</time><speed>9.370</speed><sat>16</sat></trkpt>
  <trkpt lat="12.60608775" lon="78.10341864"><ele>522.704</ele><time>2026-02-23T07:53:46Z</time><speed>9.480</speed><sat>18</sat></trkpt>
  <trkpt lat="12.60607861" lon="78.10350136"><ele>521.815</ele><time>2026-02-23T07:53:47Z</time><speed>9.300</speed><sat>19</sat></trkpt>
  <trkpt lat="12.60606528" lon="78.10358359"><ele>520.975</ele><time>2026-02-23T07:53:48Z</time><speed>9.470</speed><sat>20</sat></trkpt>
  <trkpt lat="12.60604790" lon="78.10367286"><ele>520.719</ele><time>2026-02-23T07:53:49Z</time><speed>9.550</speed><sat>17</sat></trkpt>
  <trkpt lat="12.60603333" lon="78.10377167"><ele>520.596</ele><time>2026-02-23T07:53:50Z</time><speed>9.710</speed><sat>17</sat></trkpt>
  <trkpt lat="12.60602300" lon="78.10386021"><ele>520.529</ele><time>2026-02-23T07:53:51Z</time><speed>9.930</speed><sat>17</sat></trkpt>
  <trkpt lat="12.60601178" lon="78.10395115"><ele>519.690</ele><time>2026-02-23T07:53:52Z</time><speed>9.970</speed><sat>15</sat></trkpt>
  <trkpt lat="12.60599588" lon="78.10403949"><ele>519.694</ele><time>2026-02-23T07:53:53Z</time><speed>9.520</speed><sat>18</sat></trkpt>
  <trkpt lat="12.60598176" lon="78.10412806"><ele>519.382</ele><time>2026-02-23T07:53:54Z</time><speed>9.370</speed><sat>17</sat></trkpt>
  <trkpt lat="12.60597036" lon="78.10421113"><ele>519.256</ele><time>2026-02-23T07:53:55Z</time><speed>9.280</speed><sat>17</sat></trkpt>
  <trkpt lat="12.60596094" lon="78.10429743"><ele>519.069</ele><time>2026-02-23T07:53:56Z</time><speed>9.270</speed><sat>18</sat></trkpt>
  <trkpt lat="12.60594585" lon="78.10438400"><ele>518.131</ele><time>2026-02-23T07:53:57Z</time><speed>9.150</speed><sat>16</sat></trkpt>
  <trkpt lat="12.60593332" lon="78.10447286"><ele>517.545</ele><time>2026-02-23T07:53:58Z</time><speed>9.170</speed><sat>18</sat></trkpt>
  <trkpt lat="12.60592240" lon="78.10455865"><ele>517.504</ele><time>2026-02-23T07:53:59Z</time><speed>9.160</speed><sat>19</sat></trkpt>
  <trkpt lat="12.60591289" lon="78.10464181"><ele>517.256</ele><time>2026-02-23T07:54:00Z</time><speed>9.220</speed><sat>16</sat></trkpt>
  <trkpt lat="12.60590972" lon="78.10472488"><ele>517.089</ele><time>2026-02-23T07:54:01Z</time><speed>9.150</speed><sat>18</sat></trkpt>
  <trkpt lat="12.60589945" lon="78.10480872"><ele>516.673</ele><time>2026-02-23T07:54:02Z</time><speed>9.200</speed><sat>15</sat></trkpt>
  <trkpt lat="12.60588826" lon="78.10489111"><ele>516.118</ele><time>2026-02-23T07:54:03Z</time><speed>9.120</speed><sat>18</sat></trkpt>
  <trkpt lat="12.60588140" lon="78.10497255"><ele>515.498</ele><time>2026-02-23T07:54:04Z</time><speed>9.290</speed><sat>19</sat></trkpt>
  <trkpt lat="12.60588025" lon="78.10505612"><ele>516.189</ele><time>2026-02-23T07:54:05Z</time><speed>9.500</speed><sat>19</sat></trkpt>
  <trkpt lat="12.60587672" lon="78.10514761"><ele>516.029</ele><time>2026-02-23T07:54:06Z</time><speed>9.600</speed><sat>18</sat></trkpt>
  <trkpt lat="12.60587257" lon="78.10523347"><ele>516.072</ele><time>2026-02-23T07:54:07Z</time><speed>9.780</speed><sat>19</sat></trkpt>
  <trkpt lat="12.60587542" lon="78.10531674"><ele>516.710</ele><time>2026-02-23T07:54:08Z</time><speed>9.770</speed><sat>18</sat></trkpt>
  <trkpt lat="12.60587896" lon="78.10541092"><ele>516.294</ele><time>2026-02-23T07:54:09Z</time><speed>9.900</speed><sat>17</sat></trkpt>
  <trkpt lat="12.60588647" lon="78.10550598"><ele>515.873</ele><time>2026-02-23T07:54:10Z</time><speed>9.990</speed><sat>18</sat></trkpt>
  <trkpt lat="12.60590171" lon="78.10559732"><ele>515.477</ele><time>2026-02-23T07:54:11Z</time><speed>9.940</speed><sat>20</sat></trkpt>
  <trkpt lat="12.60590169" lon="78.10568537"><ele>515.036</ele><time>2026-02-23T07:54:12Z</time><speed>9.880</speed><sat>20</sat></trkpt>
  <trkpt lat="12.60590901" lon="78.10577353"><ele>514.923</ele><time>2026-02-23T07:54:13Z</time><speed>9.690</speed><sat>20</sat></trkpt>
  <trkpt lat="12.60591392" lon="78.10585851"><ele>514.822</ele><time>2026-02-23T07:54:14Z</time><speed>9.540</speed><sat>21</sat></trkpt>
  <trkpt lat="12.60592536" lon="78.10594521"><ele>514.801</ele><time>2026-02-23T07:54:15Z</time><speed>9.370</speed><sat>19</sat></trkpt>
  <trkpt lat="12.60593051" lon="78.10603076"><ele>514.686</ele><time>2026-02-23T07:54:16Z</time><speed>9.020</speed><sat>21</sat></trkpt>
  <trkpt lat="12.60594263" lon="78.10610593"><ele>513.742</ele><time>2026-02-23T07:54:17Z</time><speed>8.890</speed><sat>19</sat></trkpt>
  <trkpt lat="12.60595282" lon="78.10617377"><ele>512.732</ele><time>2026-02-23T07:54:18Z</time><speed>8.550</speed><sat>20</sat></trkpt>
  <trkpt lat="12.60596648" lon="78.10625153"><ele>512.509</ele><time>2026-02-23T07:54:19Z</time><speed>8.420</speed><sat>17</sat></trkpt>
  <trkpt lat="12.60597702" lon="78.10632859"><ele>512.522</ele><time>2026-02-23T07:54:20Z</time><speed>8.340</speed><sat>20</sat></trkpt>
  <trkpt lat="12.60598743" lon="78.10640131"><ele>512.455</ele><time>2026-02-23T07:54:21Z</time><speed>8.250</speed><sat>20</sat></trkpt>
  <trkpt lat="12.60599560" lon="78.10648133"><ele>512.446</ele><time>2026-02-23T07:54:22Z</time><speed>8.520</speed><sat>17</sat></trkpt>
  <trkpt lat="12.60600412" lon="78.10655472"><ele>512.719</ele><time>2026-02-23T07:54:23Z</time><speed>8.600</speed><sat>21</sat></trkpt>
  <trkpt lat="12.60601054" lon="78.10663543"><ele>512.010</ele><time>2026-02-23T07:54:24Z</time><speed>8.720</speed><sat>16</sat></trkpt>
  <trkpt lat="12.60602209" lon="78.10671757"><ele>512.561</ele><time>2026-02-23T07:54:25Z</time><speed>8.900</speed><sat>20</sat></trkpt>
  <trkpt lat="12.60602646" lon="78.10679762"><ele>512.316</ele><time>2026-02-23T07:54:26Z</time><speed>9.070</speed><sat>22</sat></trkpt>
  <trkpt lat="12.60602469" lon="78.10687599"><ele>510.597</ele><time>2026-02-23T07:54:27Z</time><speed>9.120</speed><sat>20</sat></trkpt>
  <trkpt lat="12.60602922" lon="78.10695537"><ele>510.193</ele><time>2026-02-23T07:54:28Z</time><speed>9.260</speed><sat>19</sat></trkpt>
  <trkpt lat="12.60603225" lon="78.10704396"><ele>509.774</ele><time>2026-02-23T07:54:29Z</time><speed>9.480</speed><sat>21</sat></trkpt>
  <trkpt lat="12.60602717" lon="78.10713642"><ele>508.998</ele><time>2026-02-23T07:54:30Z</time><speed>9.440</speed><sat>18</sat></trkpt>
  <trkpt lat="12.60602557" lon="78.10722477"><ele>507.774</ele><time>2026-02-23T07:54:31Z</time><speed>9.420</speed><sat>19</sat></trkpt>
  <trkpt lat="12.60602060" lon="78.10731469"><ele>507.321</ele><time>2026-02-23T07:54:32Z</time><speed>9.320</speed><sat>17</sat></trkpt>
  <trkpt lat="12.60601715" lon="78.10740330"><ele>507.150</ele><time>2026-02-23T07:54:33Z</time><speed>9.390</speed><sat>20</sat></trkpt>
  <trkpt lat="12.60601334" lon="78.10748523"><ele>506.441</ele><time>2026-02-23T07:54:34Z</time><speed>9.310</speed><sat>18</sat></trkpt>
  <trkpt lat="12.60600768" lon="78.10757316"><ele>506.459</ele><time>2026-02-23T07:54:35Z</time><speed>9.220</speed><sat>20</sat></trkpt>
  <trkpt lat="12.60600272" lon="78.10765789"><ele>505.853</ele><time>2026-02-23T07:54:36Z</time><speed>9.220</speed><sat>12</sat></trkpt>
  <trkpt lat="12.60599819" lon="78.10774014"><ele>506.004</ele><time>2026-02-23T07:54:37Z</time><speed>9.060</speed><sat>18</sat></trkpt>
  <trkpt lat="12.60598659" lon="78.10782743"><ele>506.409</ele><time>2026-02-23T07:54:38Z</time><speed>8.920</speed><sat>19</sat></trkpt>
  <trkpt lat="12.60598136" lon="78.10790341"><ele>506.185</ele><time>2026-02-23T07:54:39Z</time><speed>8.990</speed><sat>19</sat></trkpt>
  <trkpt lat="12.60597170" lon="78.10798936"><ele>505.898</ele><time>2026-02-23T07:54:40Z</time><speed>8.890</speed><sat>19</sat></trkpt>
  <trkpt lat="12.60596949" lon="78.10807055"><ele>505.403</ele><time>2026-02-23T07:54:41Z</time><speed>9.000</speed><sat>21</sat></trkpt>
  <trkpt lat="12.60596503" lon="78.10814598"><ele>504.842</ele><time>2026-02-23T07:54:42Z</time><speed>9.120</speed><sat>21</sat></trkpt>
  <trkpt lat="12.60596356" lon="78.10822860"><ele>503.482</ele><time>2026-02-23T07:54:43Z</time><speed>9.280</speed><sat>20</sat></trkpt>
  <trkpt lat="12.60596006" lon="78.10831251"><ele>502.578</ele><time>2026-02-23T07:54:44Z</time><speed>9.370</speed><sat>19</sat></trkpt>
  <trkpt lat="12.60595665" lon="78.10840310"><ele>501.770</ele><time>2026-02-23T07:54:45Z</time><speed>9.550</speed><sat>19</sat></trkpt>
  <trkpt lat="12.60594933" lon="78.10848646"><ele>501.481</ele><time>2026-02-23T07:54:46Z</time><speed>9.680</speed><sat>21</sat></trkpt>
  <trkpt lat="12.60594925" lon="78.10857862"><ele>501.339</ele><time>2026-02-23T07:54:47Z</time><speed>9.850</speed><sat>18</sat></trkpt>
  <trkpt lat="12.60594346" lon="78.10866660"><ele>500.503</ele><time>2026-02-23T07:54:48Z</time><speed>9.770</speed><sat>21</sat></trkpt>
  <trkpt lat="12.60593713" lon="78.10875741"><ele>500.267</ele><time>2026-02-23T07:54:49Z</time><speed>9.860</speed><sat>18</sat></trkpt>
  <trkpt lat="12.60593074" lon="78.10885241"><ele>498.739</ele><time>2026-02-23T07:54:50Z</time><speed>9.620</speed><sat>17</sat></trkpt>
  <trkpt lat="12.60593501" lon="78.10893866"><ele>498.764</ele><time>2026-02-23T07:54:51Z</time><speed>9.430</speed><sat>17</sat></trkpt>
  <trkpt lat="12.60593507" lon="78.10902979"><ele>498.065</ele><time>2026-02-23T07:54:52Z</time><speed>9.380</speed><sat>20</sat></trkpt>
  <trkpt lat="12.60593721" lon="78.10911940"><ele>498.910</ele><time>2026-02-23T07:54:53Z</time><speed>9.330</speed><sat>19</sat></trkpt>
  <trkpt lat="12.60594384" lon="78.10920661"><ele>497.943</ele><time>2026-02-23T07:54:54Z</time><speed>9.360</speed><sat>22</sat></trkpt>
  <trkpt lat="12.60594680" lon="78.10929305"><ele>497.867</ele><time>2026-02-23T07:54:55Z</time><speed>9.240</speed><sat>22</sat></trkpt>
  <trkpt lat="12.60594952" lon="78.10938258"><ele>497.676</ele><time>2026-02-23T07:54:56Z</time><speed>9.320</speed><sat>17</sat></trkpt>
  <trkpt lat="12.60595691" lon="78.10946649"><ele>497.396</ele><time>2026-02-23T07:54:57Z</time><speed>9.180</speed><sat>21</sat></trkpt>
  <trkpt lat="12.60596387" lon="78.10955053"><ele>496.927</ele><time>2026-02-23T07:54:58Z</time><speed>9.080</speed><sat>22</sat></trkpt>
  <trkpt lat="12.60597528" lon="78.10962778"><ele>496.205</ele><time>2026-02-23T07:54:59Z</time><speed>8.950</speed><sat>21</sat></trkpt>
  <trkpt lat="12.60598129" lon="78.10971030"><ele>495.076</ele><time>2026-02-23T07:55:00Z</time><speed>9.080</speed><sat>19</sat></trkpt>
  <trkpt lat="12.60599680" lon="78.10979204"><ele>494.714</ele><time>2026-02-23T07:55:01Z</time><speed>9.110</speed><sat>17</sat></trkpt>
  <trkpt lat="12.60601137" lon="78.10987999"><ele>494.364</ele><time>2026-02-23T07:55:02Z</time><speed>9.160</speed><sat>22</sat></trkpt>
  <trkpt lat="12.60603615" lon="78.10996057"><ele>493.963</ele><time>2026-02-23T07:55:03Z</time><speed>9.180</speed><sat>21</sat></trkpt>
  <trkpt lat="12.60605520" lon="78.11004506"><ele>494.337</ele><time>2026-02-23T07:55:04Z</time><speed>9.110</speed><sat>21</sat></trkpt>
  <trkpt lat="12.60607008" lon="78.11012709"><ele>493.974</ele><time>2026-02-23T07:55:05Z</time><speed>9.140</speed><sat>20</sat></trkpt>
  <trkpt lat="12.60608819" lon="78.11020937"><ele>493.555</ele><time>2026-02-23T07:55:06Z</time><speed>9.030</speed><sat>20</sat></trkpt>
  <trkpt lat="12.60610623" lon="78.11028886"><ele>493.129</ele><time>2026-02-23T07:55:07Z</time><speed>8.980</speed><sat>19</sat></trkpt>
  <trkpt lat="12.60612697" lon="78.11036792"><ele>492.666</ele><time>2026-02-23T07:55:08Z</time><speed>8.730</speed><sat>18</sat></trkpt>
  <trkpt lat="12.60614899" lon="78.11044355"><ele>492.614</ele><time>2026-02-23T07:55:09Z</time><speed>8.390</speed><sat>19</sat></trkpt>
  <trkpt lat="12.60616820" lon="78.11052050"><ele>492.649</ele><time>2026-02-23T07:55:10Z</time><speed>8.220</speed><sat>18</sat></trkpt>
  <trkpt lat="12.60618588" lon="78.11059917"><ele>492.445</ele><time>2026-02-23T07:55:11Z</time><speed>8.210</speed><sat>17</sat></trkpt>
  <trkpt lat="12.60620823" lon="78.11067711"><ele>492.288</ele><time>2026-02-23T07:55:12Z</time><speed>8.490</speed><sat>18</sat></trkpt>
  <trkpt lat="12.60622558" lon="78.11075082"><ele>492.290</ele><time>2026-02-23T07:55:13Z</time><speed>8.630</speed><sat>19</sat></trkpt>
  <trkpt lat="12.60625340" lon="78.11082421"><ele>492.336</ele><time>2026-02-23T07:55:14Z</time><speed>8.670</speed><sat>21</sat></trkpt>
  <trkpt lat="12.60627197" lon="78.11090234"><ele>492.208</ele><time>2026-02-23T07:55:15Z</time><speed>8.630</speed><sat>17</sat></trkpt>
  <trkpt lat="12.60629009" lon="78.11098206"><ele>492.376</ele><time>2026-02-23T07:55:16Z</time><speed>8.510</speed><sat>18</sat></trkpt>
  <trkpt lat="12.60631289" lon="78.11105560"><ele>492.969</ele><time>2026-02-23T07:55:17Z</time><speed>8.400</speed><sat>18</sat></trkpt>
  <trkpt lat="12.60633297" lon="78.11112899"><ele>493.585</ele><time>2026-02-23T07:55:18Z</time><speed>8.410</speed><sat>19</sat></trkpt>
  <trkpt lat="12.60635154" lon="78.11120649"><ele>493.141</ele><time>2026-02-23T07:55:19Z</time><speed>8.380</speed><sat>19</sat></trkpt>
  <trkpt lat="12.60636920" lon="78.11128306"><ele>492.918</ele><time>2026-02-23T07:55:20Z</time><speed>8.610</speed><sat>19</sat></trkpt>
  <trkpt lat="12.60639112" lon="78.11136161"><ele>492.758</ele><time>2026-02-23T07:55:21Z</time><speed>8.800</speed><sat>15</sat></trkpt>
  <trkpt lat="12.60640330" lon="78.11143983"><ele>492.621</ele><time>2026-02-23T07:55:22Z</time><speed>8.680</speed><sat>17</sat></trkpt>
  <trkpt lat="12.60641755" lon="78.11151918"><ele>492.480</ele><time>2026-02-23T07:55:23Z</time><speed>8.600</speed><sat>18</sat></trkpt>
  <trkpt lat="12.60643493" lon="78.11159799"><ele>492.253</ele><time>2026-02-23T07:55:24Z</time><speed>8.680</speed><sat>16</sat></trkpt>
  <trkpt lat="12.60644939" lon="78.11167568"><ele>492.177</ele><time>2026-02-23T07:55:25Z</time><speed>8.620</speed><sat>18</sat></trkpt>
  <trkpt lat="12.60646592" lon="78.11174017"><ele>491.783</ele><time>2026-02-23T07:55:26Z</time><speed>8.400</speed><sat>19</sat></trkpt>
  <trkpt lat="12.60647946" lon="78.11181869"><ele>491.775</ele><time>2026-02-23T07:55:27Z</time><speed>8.480</speed><sat>20</sat></trkpt>
  <trkpt lat="12.60649199" lon="78.11189614"><ele>491.400</ele><time>2026-02-23T07:55:28Z</time><speed>8.560</speed><sat>21</sat></trkpt>
  <trkpt lat="12.60650652" lon="78.11197848"><ele>491.313</ele><time>2026-02-23T07:55:29Z</time><speed>8.870</speed><sat>21</sat></trkpt>
  <trkpt lat="12.60651934" lon="78.11205978"><ele>490.471</ele><time>2026-02-23T07:55:30Z</time><speed>8.720</speed><sat>18</sat></trkpt>
  <trkpt lat="12.60652779" lon="78.11213618"><ele>490.907</ele><time>2026-02-23T07:55:31Z</time><speed>8.880</speed><sat>21</sat></trkpt>
  <trkpt lat="12.60653905" lon="78.11221489"><ele>490.402</ele><time>2026-02-23T07:55:32Z</time><speed>8.940</speed><sat>20</sat></trkpt>
  <trkpt lat="12.60653928" lon="78.11229865"><ele>489.170</ele><time>2026-02-23T07:55:33Z</time><speed>9.110</speed><sat>20</sat></trkpt>
  <trkpt lat="12.60654665" lon="78.11238568"><ele>489.389</ele><time>2026-02-23T07:55:34Z</time><speed>9.170</speed><sat>18</sat></trkpt>
  <trkpt lat="12.60655113" lon="78.11246997"><ele>490.220</ele><time>2026-02-23T07:55:35Z</time><speed>9.290</speed><sat>21</sat></trkpt>
  <trkpt lat="12.60655976" lon="78.11255791"><ele>490.075</ele><time>2026-02-23T07:55:36Z</time><speed>9.330</speed><sat>18</sat></trkpt>
  <trkpt lat="12.60655722" lon="78.11264626"><ele>488.843</ele><time>2026-02-23T07:55:37Z</time><speed>9.390</speed><sat>20</sat></trkpt>
  <trkpt lat="12.60655863" lon="78.11273094"><ele>488.641</ele><time>2026-02-23T07:55:38Z</time><speed>9.440</speed><sat>18</sat></trkpt>
  <trkpt lat="12.60655698" lon="78.11281096"><ele>488.739</ele><time>2026-02-23T07:55:39Z</time><speed>9.380</speed><sat>19</sat></trkpt>
  <trkpt lat="12.60655727" lon="78.11289828"><ele>488.682</ele><time>2026-02-23T07:55:40Z</time><speed>9.270</speed><sat>17</sat></trkpt>
  <trkpt lat="12.60655389" lon="78.11297391"><ele>487.961</ele><time>2026-02-23T07:55:41Z</time><speed>9.160</speed><sat>18</sat></trkpt>
  <trkpt lat="12.60655014" lon="78.11305512"><ele>487.074</ele><time>2026-02-23T07:55:42Z</time><speed>8.970</speed><sat>16</sat></trkpt>
  <trkpt lat="12.60654774" lon="78.11313154"><ele>486.553</ele><time>2026-02-23T07:55:43Z</time><speed>9.030</speed><sat>17</sat></trkpt>
  <trkpt lat="12.60654681" lon="78.11321603"><ele>486.407</ele><time>2026-02-23T07:55:44Z</time><speed>8.990</speed><sat>18</sat></trkpt>
  <trkpt lat="12.60654634" lon="78.11330216"><ele>486.570</ele><time>2026-02-23T07:55:45Z</time><speed>8.990</speed><sat>19</sat></trkpt>
  <trkpt lat="12.60654206" lon="78.11338595"><ele>485.865</ele><time>2026-02-23T07:55:46Z</time><speed>8.990</speed><sat>18</sat></trkpt>
  <trkpt lat="12.60653976" lon="78.11346710"><ele>485.735</ele><time>2026-02-23T07:55:47Z</time><speed>8.780</speed><sat>17</sat></trkpt>
  <trkpt lat="12.60653949" lon="78.11355001"><ele>485.388</ele><time>2026-02-23T07:55:48Z</time><speed>8.680</speed><sat>18</sat></trkpt>
  <trkpt lat="12.60653263" lon="78.11362721"><ele>484.629</ele><time>2026-02-23T07:55:49Z</time><speed>8.820</speed><sat>17</sat></trkpt>
  <trkpt lat="12.60652863" lon="78.11371072"><ele>484.691</ele><time>2026-02-23T07:55:50Z</time><speed>8.790</speed><sat>16</sat></trkpt>
  <trkpt lat="12.60652342" lon="78.11378942"><ele>484.091</ele><time>2026-02-23T07:55:51Z</time><speed>8.620</speed><sat>18</sat></trkpt>
  <trkpt lat="12.60652531" lon="78.11386620"><ele>484.334</ele><time>2026-02-23T07:55:52Z</time><speed>8.470</speed><sat>17</sat></trkpt>
  <trkpt lat="12.60652421" lon="78.11394162"><ele>484.024</ele><time>2026-02-23T07:55:53Z</time><speed>8.310</speed><sat>16</sat></trkpt>
  <trkpt lat="12.60651949" lon="78.11401958"><ele>483.691</ele><time>2026-02-23T07:55:54Z</time><speed>8.230</speed><sat>18</sat></trkpt>
  <trkpt lat="12.60651630" lon="78.11409721"><ele>482.837</ele><time>2026-02-23T07:55:55Z</time><speed>8.460</speed><sat>17</sat></trkpt>
  <trkpt lat="12.60651442" lon="78.11417787"><ele>481.956</ele><time>2026-02-23T07:55:56Z</time><speed>8.720</speed><sat>15</sat></trkpt>
  <trkpt lat="12.60651192" lon="78.11426152"><ele>481.390</ele><time>2026-02-23T07:55:57Z</time><speed>8.780</speed><sat>17</sat></trkpt>
  <trkpt lat="12.60650310" lon="78.11434149"><ele>480.753</ele><time>2026-02-23T07:55:58Z</time><speed>8.870</speed><sat>17</sat></trkpt>
  <trkpt lat="12.60649335" lon="78.11442119"><ele>479.990</ele><time>2026-02-23T07:55:59Z</time><speed>8.970</speed><sat>15</sat></trkpt>
  <trkpt lat="12.60647695" lon="78.11450060"><ele>479.681</ele><time>2026-02-23T07:56:00Z</time><speed>9.010</speed><sat>16</sat></trkpt>
  <trkpt lat="12.60647025" lon="78.11458795"><ele>479.199</ele><time>2026-02-23T07:56:01Z</time><speed>9.170</speed><sat>15</sat></trkpt>
  <trkpt lat="12.60645378" lon="78.11467588"><ele>478.460</ele><time>2026-02-23T07:56:02Z</time><speed>9.220</speed><sat>15</sat></trkpt>
  <trkpt lat="12.60644056" lon="78.11476060"><ele>477.494</ele><time>2026-02-23T07:56:03Z</time><speed>9.300</speed><sat>16</sat></trkpt>
  <trkpt lat="12.60641979" lon="78.11484528"><ele>476.652</ele><time>2026-02-23T07:56:04Z</time><speed>9.300</speed><sat>15</sat></trkpt>
  <trkpt lat="12.60639139" lon="78.11492833"><ele>476.275</ele><time>2026-02-23T07:56:05Z</time><speed>9.220</speed><sat>16</sat></trkpt>
  <trkpt lat="12.60637153" lon="78.11501101"><ele>475.876</ele><time>2026-02-23T07:56:06Z</time><speed>9.280</speed><sat>16</sat></trkpt>
  <trkpt lat="12.60634880" lon="78.11509567"><ele>475.992</ele><time>2026-02-23T07:56:07Z</time><speed>9.410</speed><sat>16</sat></trkpt>
  <trkpt lat="12.60632824" lon="78.11517684"><ele>475.265</ele><time>2026-02-23T07:56:08Z</time><speed>9.230</speed><sat>16</sat></trkpt>
  <trkpt lat="12.60630822" lon="78.11525612"><ele>475.523</ele><time>2026-02-23T07:56:09Z</time><speed>9.150</speed><sat>16</sat></trkpt>
  <trkpt lat="12.60629055" lon="78.11534215"><ele>474.606</ele><time>2026-02-23T07:56:10Z</time><speed>9.330</speed><sat>14</sat></trkpt>
  <trkpt lat="12.60627245" lon="78.11542376"><ele>474.863</ele><time>2026-02-23T07:56:11Z</time><speed>9.260</speed><sat>15</sat></trkpt>
  <trkpt lat="12.60624913" lon="78.11550755"><ele>475.271</ele><time>2026-02-23T07:56:12Z</time><speed>9.170</speed><sat>15</sat></trkpt>
  <trkpt lat="12.60623170" lon="78.11559007"><ele>474.509</ele><time>2026-02-23T07:56:13Z</time><speed>8.960</speed><sat>15</sat></trkpt>
  <trkpt lat="12.60621113" lon="78.11567105"><ele>474.276</ele><time>2026-02-23T07:56:14Z</time><speed>9.270</speed><sat>15</sat></trkpt>
  <trkpt lat="12.60618692" lon="78.11574867"><ele>474.018</ele><time>2026-02-23T07:56:15Z</time><speed>9.230</speed><sat>15</sat></trkpt>
  <trkpt lat="12.60616520" lon="78.11582613"><ele>473.477</ele><time>2026-02-23T07:56:16Z</time><speed>8.990</speed><sat>15</sat></trkpt>
  <trkpt lat="12.60614565" lon="78.11591275"><ele>473.271</ele><time>2026-02-23T07:56:17Z</time><speed>9.580</speed><sat>12</sat></trkpt>
  <trkpt lat="12.60611874" lon="78.11599736"><ele>473.028</ele><time>2026-02-23T07:56:18Z</time><speed>9.600</speed><sat>15</sat></trkpt>
  <trkpt lat="12.60609974" lon="78.11609057"><ele>472.568</ele><time>2026-02-23T07:56:19Z</time><speed>9.900</speed><sat>15</sat></trkpt>
  <trkpt lat="12.60607463" lon="78.11618283"><ele>472.261</ele><time>2026-02-23T07:56:20Z</time><speed>9.940</speed><sat>17</sat></trkpt>
  <trkpt lat="12.60604352" lon="78.11625130"><ele>470.723</ele><time>2026-02-23T07:56:21Z</time><speed>10.170</speed><sat>16</sat></trkpt>
  <trkpt lat="12.60602328" lon="78.11634508"><ele>471.503</ele><time>2026-02-23T07:56:22Z</time><speed>10.330</speed><sat>14</sat></trkpt>
  <trkpt lat="12.60599055" lon="78.11642912"><ele>469.864</ele><time>2026-02-23T07:56:23Z</time><speed>10.370</speed><sat>15</sat></trkpt>
  <trkpt lat="12.60597165" lon="78.11652002"><ele>469.604</ele><time>2026-02-23T07:56:24Z</time><speed>10.300</speed><sat>17</sat></trkpt>
  <trkpt lat="12.60594813" lon="78.11661573"><ele>469.180</ele><time>2026-02-23T07:56:25Z</time><speed>10.060</speed><sat>17</sat></trkpt>
  <trkpt lat="12.60591480" lon="78.11669857"><ele>466.954</ele><time>2026-02-23T07:56:26Z</time><speed>10.120</speed><sat>17</sat></trkpt>
  <trkpt lat="12.60588696" lon="78.11679113"><ele>466.065</ele><time>2026-02-23T07:56:27Z</time><speed>10.130</speed><sat>16</sat></trkpt>
  <trkpt lat="12.60586990" lon="78.11687886"><ele>465.117</ele><time>2026-02-23T07:56:28Z</time><speed>10.080</speed><sat>16</sat></trkpt>
  <trkpt lat="12.60584534" lon="78.11696990"><ele>464.840</ele><time>2026-02-23T07:56:29Z</time><speed>10.110</speed><sat>15</sat></trkpt>
  <trkpt lat="12.60582384" lon="78.11706003"><ele>464.779</ele><time>2026-02-23T07:56:30Z</time><speed>10.100</speed><sat>17</sat></trkpt>
  <trkpt lat="12.60580123" lon="78.11715861"><ele>465.385</ele><time>2026-02-23T07:56:31Z</time><speed>10.160</speed><sat>18</sat></trkpt>
  <trkpt lat="12.60577649" lon="78.11724941"><ele>465.469</ele><time>2026-02-23T07:56:32Z</time><speed>10.110</speed><sat>17</sat></trkpt>
  <trkpt lat="12.60575084" lon="78.11734182"><ele>465.564</ele><time>2026-02-23T07:56:33Z</time><speed>10.000</speed><sat>17</sat></trkpt>
  <trkpt lat="12.60573084" lon="78.11743153"><ele>464.940</ele><time>2026-02-23T07:56:34Z</time><speed>9.920</speed><sat>16</sat></trkpt>
  <trkpt lat="12.60571080" lon="78.11751856"><ele>464.993</ele><time>2026-02-23T07:56:35Z</time><speed>9.900</speed><sat>17</sat></trkpt>
  <trkpt lat="12.60568850" lon="78.11761198"><ele>463.381</ele><time>2026-02-23T07:56:36Z</time><speed>10.110</speed><sat>16</sat></trkpt>
  <trkpt lat="12.60566894" lon="78.11770649"><ele>464.166</ele><time>2026-02-23T07:56:37Z</time><speed>10.060</speed><sat>17</sat></trkpt>
  <trkpt lat="12.60565106" lon="78.11779741"><ele>463.516</ele><time>2026-02-23T07:56:38Z</time><speed>9.890</speed><sat>14</sat></trkpt>
  <trkpt lat="12.60562292" lon="78.11788178"><ele>463.084</ele><time>2026-02-23T07:56:39Z</time><speed>9.710</speed><sat>19</sat></trkpt>
  <trkpt lat="12.60559793" lon="78.11797315"><ele>462.792</ele><time>2026-02-23T07:56:40Z</time><speed>9.790</speed><sat>18</sat></trkpt>
  <trkpt lat="12.60557070" lon="78.11806495"><ele>464.371</ele><time>2026-02-23T07:56:41Z</time><speed>9.680</speed><sat>19</sat></trkpt>
  <trkpt lat="12.60554014" lon="78.11813910"><ele>463.654</ele><time>2026-02-23T07:56:42Z</time><speed>9.550</speed><sat>16</sat></trkpt>
  <trkpt lat="12.60551712" lon="78.11822171"><ele>463.801</ele><time>2026-02-23T07:56:43Z</time><speed>9.480</speed><sat>19</sat></trkpt>
  <trkpt lat="12.60549700" lon="78.11830990"><ele>463.282</ele><time>2026-02-23T07:56:44Z</time><speed>9.370</speed><sat>17</sat></trkpt>
  <trkpt lat="12.60547313" lon="78.11839638"><ele>463.091</ele><time>2026-02-23T07:56:45Z</time><speed>9.330</speed><sat>17</sat></trkpt>
  <trkpt lat="12.60545034" lon="78.11847891"><ele>462.693</ele><time>2026-02-23T07:56:46Z</time><speed>9.290</speed><sat>18</sat></trkpt>
  <trkpt lat="12.60543036" lon="78.11856102"><ele>462.602</ele><time>2026-02-23T07:56:47Z</time><speed>9.350</speed><sat>18</sat></trkpt>
  <trkpt lat="12.60540743" lon="78.11864378"><ele>462.313</ele><time>2026-02-23T07:56:48Z</time><speed>9.440</speed><sat>17</sat></trkpt>
  <trkpt lat="12.60538536" lon="78.11872696"><ele>462.233</ele><time>2026-02-23T07:56:49Z</time><speed>9.520</speed><sat>19</sat></trkpt>
  <trkpt lat="12.60536498" lon="78.11881642"><ele>462.266</ele><time>2026-02-23T07:56:50Z</time><speed>9.430</speed><sat>16</sat></trkpt>
  <trkpt lat="12.60534446" lon="78.11890304"><ele>462.333</ele><time>2026-02-23T07:56:51Z</time><speed>9.360</speed><sat>17</sat></trkpt>
  <trkpt lat="12.60531959" lon="78.11897521"><ele>461.219</ele><time>2026-02-23T07:56:52Z</time><speed>9.420</speed><sat>19</sat></trkpt>
  <trkpt lat="12.60529585" lon="78.11906163"><ele>461.268</ele><time>2026-02-23T07:56:53Z</time><speed>9.480</speed><sat>19</sat></trkpt>
  <trkpt lat="12.60527893" lon="78.11913954"><ele>460.596</ele><time>2026-02-23T07:56:54Z</time><speed>9.440</speed><sat>20</sat></trkpt>
  <trkpt lat="12.60525222" lon="78.11922163"><ele>460.498</ele><time>2026-02-23T07:56:55Z</time><speed>9.360</speed><sat>19</sat></trkpt>
  <trkpt lat="12.60523460" lon="78.11930512"><ele>460.138</ele><time>2026-02-23T07:56:56Z</time><speed>9.310</speed><sat>18</sat></trkpt>
  <trkpt lat="12.60521382" lon="78.11938930"><ele>460.571</ele><time>2026-02-23T07:56:57Z</time><speed>9.360</speed><sat>17</sat></trkpt>
  <trkpt lat="12.60520309" lon="78.11947104"><ele>461.560</ele><time>2026-02-23T07:56:58Z</time><speed>9.420</speed><sat>20</sat></trkpt>
  <trkpt lat="12.60518004" lon="78.11955365"><ele>461.147</ele><time>2026-02-23T07:56:59Z</time><speed>9.440</speed><sat>19</sat></trkpt>
  <trkpt lat="12.60515548" lon="78.11963476"><ele>460.788</ele><time>2026-02-23T07:57:00Z</time><speed>9.360</speed><sat>20</sat></trkpt>
  <trkpt lat="12.60513159" lon="78.11972047"><ele>461.595</ele><time>2026-02-23T07:57:01Z</time><speed>8.960</speed><sat>19</sat></trkpt>
  <trkpt lat="12.60510389" lon="78.11979705"><ele>461.102</ele><time>2026-02-23T07:57:02Z</time><speed>8.970</speed><sat>19</sat></trkpt>
  <trkpt lat="12.60507759" lon="78.11987097"><ele>460.912</ele><time>2026-02-23T07:57:03Z</time><speed>8.970</speed><sat>17</sat></trkpt>
  <trkpt lat="12.60505088" lon="78.11994757"><ele>461.307</ele><time>2026-02-23T07:57:04Z</time><speed>8.990</speed><sat>20</sat></trkpt>
  <trkpt lat="12.60502023" lon="78.12002739"><ele>461.874</ele><time>2026-02-23T07:57:05Z</time><speed>9.310</speed><sat>21</sat></trkpt>
  <trkpt lat="12.60498947" lon="78.12010939"><ele>461.664</ele><time>2026-02-23T07:57:06Z</time><speed>9.620</speed><sat>21</sat></trkpt>
  <trkpt lat="12.60494962" lon="78.12019643"><ele>461.497</ele><time>2026-02-23T07:57:07Z</time><speed>9.770</speed><sat>20</sat></trkpt>
  <trkpt lat="12.60491300" lon="78.12027957"><ele>461.465</ele><time>2026-02-23T07:57:08Z</time><speed>9.870</speed><sat>21</sat></trkpt>
  <trkpt lat="12.60487373" lon="78.12035834"><ele>460.852</ele><time>2026-02-23T07:57:09Z</time><speed>9.870</speed><sat>21</sat></trkpt>
  <trkpt lat="12.60483852" lon="78.12043652"><ele>461.289</ele><time>2026-02-23T07:57:10Z</time><speed>9.790</speed><sat>18</sat></trkpt>
  <trkpt lat="12.60479862" lon="78.12051541"><ele>461.169</ele><time>2026-02-23T07:57:11Z</time><speed>9.670</speed><sat>21</sat></trkpt>
  <trkpt lat="12.60475241" lon="78.12059378"><ele>461.015</ele><time>2026-02-23T07:57:12Z</time><speed>9.700</speed><sat>23</sat></trkpt>
  <trkpt lat="12.60470508" lon="78.12067567"><ele>460.833</ele><time>2026-02-23T07:57:13Z</time><speed>9.510</speed><sat>21</sat></trkpt>
  <trkpt lat="12.60465640" lon="78.12074519"><ele>461.167</ele><time>2026-02-23T07:57:14Z</time><speed>9.390</speed><sat>20</sat></trkpt>
  <trkpt lat="12.60460859" lon="78.12081538"><ele>460.953</ele><time>2026-02-23T07:57:15Z</time><speed>9.440</speed><sat>20</sat></trkpt>
  <trkpt lat="12.60456273" lon="78.12088922"><ele>460.807</ele><time>2026-02-23T07:57:16Z</time><speed>9.350</speed><sat>21</sat></trkpt>
  <trkpt lat="12.60451639" lon="78.12095781"><ele>461.183</ele><time>2026-02-23T07:57:17Z</time><speed>9.250</speed><sat>20</sat></trkpt>
  <trkpt lat="12.60446671" lon="78.12102615"><ele>461.095</ele><time>2026-02-23T07:57:18Z</time><speed>9.180</speed><sat>23</sat></trkpt>
  <trkpt lat="12.60441363" lon="78.12109368"><ele>460.547</ele><time>2026-02-23T07:57:19Z</time><speed>9.030</speed><sat>22</sat></trkpt>
  <trkpt lat="12.60436245" lon="78.12116052"><ele>459.971</ele><time>2026-02-23T07:57:20Z</time><speed>8.920</speed><sat>20</sat></trkpt>
  <trkpt lat="12.60431121" lon="78.12122432"><ele>459.351</ele><time>2026-02-23T07:57:21Z</time><speed>8.860</speed><sat>22</sat></trkpt>
  <trkpt lat="12.60426079" lon="78.12128271"><ele>459.019</ele><time>2026-02-23T07:57:22Z</time><speed>8.760</speed><sat>19</sat></trkpt>
  <trkpt lat="12.60420721" lon="78.12134126"><ele>458.973</ele><time>2026-02-23T07:57:23Z</time><speed>8.690</speed><sat>21</sat></trkpt>
  <trkpt lat="12.60415580" lon="78.12140452"><ele>458.872</ele><time>2026-02-23T07:57:24Z</time><speed>8.650</speed><sat>20</sat></trkpt>
  <trkpt lat="12.60410151" lon="78.12146231"><ele>459.160</ele><time>2026-02-23T07:57:25Z</time><speed>8.560</speed><sat>18</sat></trkpt>
  <trkpt lat="12.60405129" lon="78.12151923"><ele>459.406</ele><time>2026-02-23T07:57:26Z</time><speed>8.610</speed><sat>21</sat></trkpt>
  <trkpt lat="12.60399521" lon="78.12158012"><ele>458.867</ele><time>2026-02-23T07:57:27Z</time><speed>8.720</speed><sat>23</sat></trkpt>
  <trkpt lat="12.60393917" lon="78.12164103"><ele>459.358</ele><time>2026-02-23T07:57:28Z</time><speed>8.800</speed><sat>23</sat></trkpt>
  <trkpt lat="12.60387961" lon="78.12169613"><ele>459.265</ele><time>2026-02-23T07:57:29Z</time><speed>8.700</speed><sat>22</sat></trkpt>
  <trkpt lat="12.60382407" lon="78.12175770"><ele>459.720</ele><time>2026-02-23T07:57:30Z</time><speed>8.770</speed><sat>22</sat></trkpt>
  <trkpt lat="12.60377037" lon="78.12181518"><ele>459.704</ele><time>2026-02-23T07:57:31Z</time><speed>8.760</speed><sat>19</sat></trkpt>
  <trkpt lat="12.60371405" lon="78.12187523"><ele>459.803</ele><time>2026-02-23T07:57:32Z</time><speed>8.730</speed><sat>18</sat></trkpt>
  <trkpt lat="12.60366404" lon="78.12193472"><ele>459.522</ele><time>2026-02-23T07:57:33Z</time><speed>8.650</speed><sat>20</sat></trkpt>
  <trkpt lat="12.60360953" lon="78.12199180"><ele>459.322</ele><time>2026-02-23T07:57:34Z</time><speed>8.720</speed><sat>20</sat></trkpt>
  <trkpt lat="12.60355599" lon="78.12204593"><ele>459.282</ele><time>2026-02-23T07:57:35Z</time><speed>8.630</speed><sat>19</sat></trkpt>
  <trkpt lat="12.60350478" lon="78.12210117"><ele>459.156</ele><time>2026-02-23T07:57:36Z</time><speed>8.370</speed><sat>19</sat></trkpt>
  <trkpt lat="12.60345310" lon="78.12216219"><ele>458.515</ele><time>2026-02-23T07:57:37Z</time><speed>8.320</speed><sat>20</sat></trkpt>
  <trkpt lat="12.60340008" lon="78.12222195"><ele>458.532</ele><time>2026-02-23T07:57:38Z</time><speed>8.310</speed><sat>22</sat></trkpt>
  <trkpt lat="12.60335381" lon="78.12228000"><ele>458.172</ele><time>2026-02-23T07:57:39Z</time><speed>8.110</speed><sat>25</sat></trkpt>
  <trkpt lat="12.60330507" lon="78.12234102"><ele>457.995</ele><time>2026-02-23T07:57:40Z</time><speed>7.960</speed><sat>20</sat></trkpt>
  <trkpt lat="12.60324736" lon="78.12239473"><ele>456.687</ele><time>2026-02-23T07:57:41Z</time><speed>8.050</speed><sat>22</sat></trkpt>
  <trkpt lat="12.60320645" lon="78.12244999"><ele>455.522</ele><time>2026-02-23T07:57:42Z</time><speed>8.120</speed><sat>22</sat></trkpt>
  <trkpt lat="12.60315321" lon="78.12250108"><ele>454.518</ele><time>2026-02-23T07:57:43Z</time><speed>8.310</speed><sat>23</sat></trkpt>
  <trkpt lat="12.60311331" lon="78.12255336"><ele>453.147</ele><time>2026-02-23T07:57:44Z</time><speed>8.610</speed><sat>24</sat></trkpt>
  <trkpt lat="12.60306438" lon="78.12262252"><ele>452.725</ele><time>2026-02-23T07:57:45Z</time><speed>8.920</speed><sat>22</sat></trkpt>
  <trkpt lat="12.60301288" lon="78.12268530"><ele>451.754</ele><time>2026-02-23T07:57:46Z</time><speed>9.250</speed><sat>24</sat></trkpt>
  <trkpt lat="12.60296415" lon="78.12274752"><ele>451.059</ele><time>2026-02-23T07:57:47Z</time><speed>9.390</speed><sat>24</sat></trkpt>
  <trkpt lat="12.60291051" lon="78.12282054"><ele>450.779</ele><time>2026-02-23T07:57:48Z</time><speed>9.530</speed><sat>21</sat></trkpt>
  <trkpt lat="12.60286103" lon="78.12289364"><ele>450.938</ele><time>2026-02-23T07:57:49Z</time><speed>9.620</speed><sat>21</sat></trkpt>
  <trkpt lat="12.60281190" lon="78.12297026"><ele>450.393</ele><time>2026-02-23T07:57:50Z</time><speed>9.680</speed><sat>21</sat></trkpt>
  <trkpt lat="12.60276721" lon="78.12304851"><ele>449.863</ele><time>2026-02-23T07:57:51Z</time><speed>9.660</speed><sat>23</sat></trkpt>
  <trkpt lat="12.60272664" lon="78.12313440"><ele>450.681</ele><time>2026-02-23T07:57:52Z</time><speed>10.170</speed><sat>21</sat></trkpt>
  <trkpt lat="12.60268385" lon="78.12320997"><ele>451.193</ele><time>2026-02-23T07:57:53Z</time><speed>9.630</speed><sat>25</sat></trkpt>
  <trkpt lat="12.60264287" lon="78.12329078"><ele>450.614</ele><time>2026-02-23T07:57:54Z</time><speed>9.660</speed><sat>21</sat></trkpt>
  <trkpt lat="12.60260397" lon="78.12336807"><ele>450.571</ele><time>2026-02-23T07:57:55Z</time><speed>9.480</speed><sat>22</sat></trkpt>
  <trkpt lat="12.60256307" lon="78.12344435"><ele>450.338</ele><time>2026-02-23T07:57:56Z</time><speed>9.510</speed><sat>23</sat></trkpt>
  <trkpt lat="12.60251937" lon="78.12352439"><ele>450.972</ele><time>2026-02-23T07:57:57Z</time><speed>9.270</speed><sat>24</sat></trkpt>
  <trkpt lat="12.60247975" lon="78.12360031"><ele>451.056</ele><time>2026-02-23T07:57:58Z</time><speed>9.360</speed><sat>21</sat></trkpt>
  <trkpt lat="12.60244547" lon="78.12367743"><ele>450.956</ele><time>2026-02-23T07:57:59Z</time><speed>9.270</speed><sat>25</sat></trkpt>
  <trkpt lat="12.60240947" lon="78.12375938"><ele>450.507</ele><time>2026-02-23T07:58:00Z</time><speed>9.380</speed><sat>19</sat></trkpt>
  <trkpt lat="12.60237176" lon="78.12383631"><ele>450.146</ele><time>2026-02-23T07:58:01Z</time><speed>9.210</speed><sat>22</sat></trkpt>
  <trkpt lat="12.60233832" lon="78.12391460"><ele>450.636</ele><time>2026-02-23T07:58:02Z</time><speed>9.280</speed><sat>19</sat></trkpt>
  <trkpt lat="12.60230125" lon="78.12399410"><ele>450.792</ele><time>2026-02-23T07:58:03Z</time><speed>9.230</speed><sat>19</sat></trkpt>
  <trkpt lat="12.60226027" lon="78.12406746"><ele>450.825</ele><time>2026-02-23T07:58:04Z</time><speed>9.450</speed><sat>18</sat></trkpt>
  <trkpt lat="12.60221795" lon="78.12413939"><ele>451.337</ele><time>2026-02-23T07:58:05Z</time><speed>9.460</speed><sat>19</sat></trkpt>
  <trkpt lat="12.60217537" lon="78.12421301"><ele>450.998</ele><time>2026-02-23T07:58:06Z</time><speed>9.460</speed><sat>18</sat></trkpt>
  <trkpt lat="12.60213601" lon="78.12429219"><ele>450.250</ele><time>2026-02-23T07:58:07Z</time><speed>9.530</speed><sat>21</sat></trkpt>
  <trkpt lat="12.60210110" lon="78.12437246"><ele>449.851</ele><time>2026-02-23T07:58:08Z</time><speed>9.430</speed><sat>22</sat></trkpt>
  <trkpt lat="12.60205660" lon="78.12444988"><ele>449.054</ele><time>2026-02-23T07:58:09Z</time><speed>9.440</speed><sat>17</sat></trkpt>
  <trkpt lat="12.60202134" lon="78.12452064"><ele>447.702</ele><time>2026-02-23T07:58:10Z</time><speed>9.160</speed><sat>21</sat></trkpt>
  <trkpt lat="12.60198054" lon="78.12459248"><ele>446.645</ele><time>2026-02-23T07:58:11Z</time><speed>9.210</speed><sat>21</sat></trkpt>
  <trkpt lat="12.60193702" lon="78.12466965"><ele>446.604</ele><time>2026-02-23T07:58:12Z</time><speed>9.320</speed><sat>19</sat></trkpt>
  <trkpt lat="12.60190269" lon="78.12474068"><ele>445.333</ele><time>2026-02-23T07:58:13Z</time><speed>9.510</speed><sat>19</sat></trkpt>
  <trkpt lat="12.60187026" lon="78.12481849"><ele>444.145</ele><time>2026-02-23T07:58:14Z</time><speed>9.530</speed><sat>18</sat></trkpt>
  <trkpt lat="12.60183091" lon="78.12490626"><ele>443.794</ele><time>2026-02-23T07:58:15Z</time><speed>9.530</speed><sat>20</sat></trkpt>
  <trkpt lat="12.60178985" lon="78.12499032"><ele>442.287</ele><time>2026-02-23T07:58:16Z</time><speed>9.670</speed><sat>21</sat></trkpt>
  <trkpt lat="12.60174376" lon="78.12506667"><ele>441.764</ele><time>2026-02-23T07:58:17Z</time><speed>9.780</speed><sat>22</sat></trkpt>
  <trkpt lat="12.60171228" lon="78.12515157"><ele>441.024</ele><time>2026-02-23T07:58:18Z</time><speed>10.000</speed><sat>22</sat></trkpt>
  <trkpt lat="12.60167244" lon="78.12523007"><ele>441.577</ele><time>2026-02-23T07:58:19Z</time><speed>9.900</speed><sat>22</sat></trkpt>
  <trkpt lat="12.60163290" lon="78.12531591"><ele>441.296</ele><time>2026-02-23T07:58:20Z</time><speed>10.070</speed><sat>19</sat></trkpt>
  <trkpt lat="12.60159060" lon="78.12539788"><ele>441.580</ele><time>2026-02-23T07:58:21Z</time><speed>10.110</speed><sat>23</sat></trkpt>
  <trkpt lat="12.60154955" lon="78.12548295"><ele>441.737</ele><time>2026-02-23T07:58:22Z</time><speed>10.140</speed><sat>19</sat></trkpt>
  <trkpt lat="12.60150991" lon="78.12556643"><ele>442.689</ele><time>2026-02-23T07:58:23Z</time><speed>10.210</speed><sat>20</sat></trkpt>
  <trkpt lat="12.60147414" lon="78.12565533"><ele>442.063</ele><time>2026-02-23T07:58:24Z</time><speed>10.390</speed><sat>23</sat></trkpt>
  <trkpt lat="12.60143873" lon="78.12574090"><ele>441.994</ele><time>2026-02-23T07:58:25Z</time><speed>10.130</speed><sat>20</sat></trkpt>
  <trkpt lat="12.60140048" lon="78.12581773"><ele>441.404</ele><time>2026-02-23T07:58:26Z</time><speed>9.860</speed><sat>22</sat></trkpt>
  <trkpt lat="12.60136530" lon="78.12589954"><ele>441.355</ele><time>2026-02-23T07:58:27Z</time><speed>9.780</speed><sat>23</sat></trkpt>
  <trkpt lat="12.60133390" lon="78.12598347"><ele>440.879</ele><time>2026-02-23T07:58:28Z</time><speed>9.680</speed><sat>23</sat></trkpt>
  <trkpt lat="12.60130227" lon="78.12605892"><ele>440.728</ele><time>2026-02-23T07:58:29Z</time><speed>9.430</speed><sat>21</sat></trkpt>
  <trkpt lat="12.60127646" lon="78.12614327"><ele>440.928</ele><time>2026-02-23T07:58:30Z</time><speed>9.440</speed><sat>21</sat></trkpt>
  <trkpt lat="12.60124717" lon="78.12622419"><ele>440.658</ele><time>2026-02-23T07:58:31Z</time><speed>9.400</speed><sat>20</sat></trkpt>
  <trkpt lat="12.60122231" lon="78.12630407"><ele>440.512</ele><time>2026-02-23T07:58:32Z</time><speed>9.450</speed><sat>22</sat></trkpt>
  <trkpt lat="12.60119797" lon="78.12638474"><ele>440.356</ele><time>2026-02-23T07:58:33Z</time><speed>9.450</speed><sat>23</sat></trkpt>
  <trkpt lat="12.60117454" lon="78.12647222"><ele>441.362</ele><time>2026-02-23T07:58:34Z</time><speed>9.390</speed><sat>23</sat></trkpt>
  <trkpt lat="12.60114985" lon="78.12655479"><ele>441.431</ele><time>2026-02-23T07:58:35Z</time><speed>9.380</speed><sat>19</sat></trkpt>
  <trkpt lat="12.60112728" lon="78.12663906"><ele>441.249</ele><time>2026-02-23T07:58:36Z</time><speed>9.410</speed><sat>19</sat></trkpt>
  <trkpt lat="12.60110474" lon="78.12671966"><ele>441.121</ele><time>2026-02-23T07:58:37Z</time><speed>9.450</speed><sat>19</sat></trkpt>
  <trkpt lat="12.60108717" lon="78.12681330"><ele>441.588</ele><time>2026-02-23T07:58:38Z</time><speed>9.550</speed><sat>21</sat></trkpt>
  <trkpt lat="12.60106840" lon="78.12689984"><ele>441.707</ele><time>2026-02-23T07:58:39Z</time><speed>9.420</speed><sat>24</sat></trkpt>
  <trkpt lat="12.60103579" lon="78.12698025"><ele>441.778</ele><time>2026-02-23T07:58:40Z</time><speed>9.440</speed><sat>23</sat></trkpt>
  <trkpt lat="12.60101603" lon="78.12706747"><ele>441.797</ele><time>2026-02-23T07:58:41Z</time><speed>9.560</speed><sat>21</sat></trkpt>
  <trkpt lat="12.60099983" lon="78.12715011"><ele>441.864</ele><time>2026-02-23T07:58:42Z</time><speed>9.540</speed><sat>22</sat></trkpt>
  <trkpt lat="12.60098072" lon="78.12723892"><ele>441.630</ele><time>2026-02-23T07:58:43Z</time><speed>9.580</speed><sat>21</sat></trkpt>
  <trkpt lat="12.60096366" lon="78.12732853"><ele>441.151</ele><time>2026-02-23T07:58:44Z</time><speed>9.740</speed><sat>22</sat></trkpt>
  <trkpt lat="12.60094513" lon="78.12742026"><ele>441.215</ele><time>2026-02-23T07:58:45Z</time><speed>9.910</speed><sat>18</sat></trkpt>
  <trkpt lat="12.60093117" lon="78.12750830"><ele>441.146</ele><time>2026-02-23T07:58:46Z</time><speed>10.010</speed><sat>22</sat></trkpt>
  <trkpt lat="12.60091506" lon="78.12759681"><ele>441.242</ele><time>2026-02-23T07:58:47Z</time><speed>9.930</speed><sat>20</sat></trkpt>
  <trkpt lat="12.60090022" lon="78.12768512"><ele>441.489</ele><time>2026-02-23T07:58:48Z</time><speed>10.040</speed><sat>23</sat></trkpt>
  <trkpt lat="12.60088141" lon="78.12777871"><ele>441.877</ele><time>2026-02-23T07:58:49Z</time><speed>10.210</speed><sat>19</sat></trkpt>
  <trkpt lat="12.60086493" lon="78.12786882"><ele>441.729</ele><time>2026-02-23T07:58:50Z</time><speed>9.910</speed><sat>21</sat></trkpt>
  <trkpt lat="12.60085048" lon="78.12795165"><ele>441.438</ele><time>2026-02-23T07:58:51Z</time><speed>9.640</speed><sat>17</sat></trkpt>
  <trkpt lat="12.60083004" lon="78.12803583"><ele>441.144</ele><time>2026-02-23T07:58:52Z</time><speed>9.770</speed><sat>22</sat></trkpt>
  <trkpt lat="12.60081534" lon="78.12812373"><ele>441.657</ele><time>2026-02-23T07:58:53Z</time><speed>10.010</speed><sat>22</sat></trkpt>
  <trkpt lat="12.60079973" lon="78.12821989"><ele>441.411</ele><time>2026-02-23T07:58:54Z</time><speed>10.270</speed><sat>20</sat></trkpt>
  <trkpt lat="12.60077661" lon="78.12831564"><ele>441.980</ele><time>2026-02-23T07:58:55Z</time><speed>10.500</speed><sat>19</sat></trkpt>
  <trkpt lat="12.60075859" lon="78.12841364"><ele>442.318</ele><time>2026-02-23T07:58:56Z</time><speed>10.620</speed><sat>18</sat></trkpt>
  <trkpt lat="12.60073695" lon="78.12850979"><ele>441.918</ele><time>2026-02-23T07:58:57Z</time><speed>10.510</speed><sat>20</sat></trkpt>
  <trkpt lat="12.60072551" lon="78.12859952"><ele>441.351</ele><time>2026-02-23T07:58:58Z</time><speed>10.580</speed><sat>20</sat></trkpt>
  <trkpt lat="12.60070339" lon="78.12869549"><ele>441.313</ele><time>2026-02-23T07:58:59Z</time><speed>10.480</speed><sat>19</sat></trkpt>
  <trkpt lat="12.60068841" lon="78.12879318"><ele>441.056</ele><time>2026-02-23T07:59:00Z</time><speed>10.370</speed><sat>19</sat></trkpt>
  <trkpt lat="12.60066706" lon="78.12888652"><ele>441.054</ele><time>2026-02-23T07:59:01Z</time><speed>10.310</speed><sat>25</sat></trkpt>
  <trkpt lat="12.60064479" lon="78.12897984"><ele>441.349</ele><time>2026-02-23T07:59:02Z</time><speed>10.150</speed><sat>23</sat></trkpt>
  <trkpt lat="12.60062691" lon="78.12907136"><ele>441.560</ele><time>2026-02-23T07:59:03Z</time><speed>10.000</speed><sat>23</sat></trkpt>
  <trkpt lat="12.60060898" lon="78.12915909"><ele>442.608</ele><time>2026-02-23T07:59:04Z</time><speed>10.130</speed><sat>23</sat></trkpt>
  <trkpt lat="12.60059203" lon="78.12924693"><ele>443.123</ele><time>2026-02-23T07:59:05Z</time><speed>10.050</speed><sat>22</sat></trkpt>
  <trkpt lat="12.60056990" lon="78.12933893"><ele>443.084</ele><time>2026-02-23T07:59:06Z</time><speed>9.920</speed><sat>23</sat></trkpt>
  <trkpt lat="12.60055077" lon="78.12942507"><ele>443.037</ele><time>2026-02-23T07:59:07Z</time><speed>10.000</speed><sat>22</sat></trkpt>
  <trkpt lat="12.60052938" lon="78.12951513"><ele>442.965</ele><time>2026-02-23T07:59:08Z</time><speed>10.060</speed><sat>23</sat></trkpt>
  <trkpt lat="12.60050940" lon="78.12960625"><ele>442.789</ele><time>2026-02-23T07:59:09Z</time><speed>10.020</speed><sat>22</sat></trkpt>
  <trkpt lat="12.60047868" lon="78.12969974"><ele>442.969</ele><time>2026-02-23T07:59:10Z</time><speed>10.040</speed><sat>23</sat></trkpt>
  <trkpt lat="12.60045461" lon="78.12979317"><ele>442.778</ele><time>2026-02-23T07:59:11Z</time><speed>10.280</speed><sat>23</sat></trkpt>
  <trkpt lat="12.60043587" lon="78.12988436"><ele>443.011</ele><time>2026-02-23T07:59:12Z</time><speed>10.420</speed><sat>20</sat></trkpt>
  <trkpt lat="12.60040860" lon="78.12997458"><ele>442.717</ele><time>2026-02-23T07:59:13Z</time><speed>10.450</speed><sat>22</sat></trkpt>
  <trkpt lat="12.60037773" lon="78.13006037"><ele>442.268</ele><time>2026-02-23T07:59:14Z</time><speed>10.630</speed><sat>20</sat></trkpt>
  <trkpt lat="12.60034573" lon="78.13014133"><ele>442.357</ele><time>2026-02-23T07:59:15Z</time><speed>10.920</speed><sat>21</sat></trkpt>
  <trkpt lat="12.60031361" lon="78.13024134"><ele>442.638</ele><time>2026-02-23T07:59:16Z</time><speed>11.050</speed><sat>20</sat></trkpt>
  <trkpt lat="12.60028706" lon="78.13032751"><ele>443.599</ele><time>2026-02-23T07:59:17Z</time><speed>11.130</speed><sat>22</sat></trkpt>
  <trkpt lat="12.60024843" lon="78.13042547"><ele>444.291</ele><time>2026-02-23T07:59:18Z</time><speed>11.290</speed><sat>23</sat></trkpt>
  <trkpt lat="12.60020646" lon="78.13052120"><ele>443.878</ele><time>2026-02-23T07:59:19Z</time><speed>11.290</speed><sat>20</sat></trkpt>
  <trkpt lat="12.60016453" lon="78.13061617"><ele>443.859</ele><time>2026-02-23T07:59:20Z</time><speed>11.090</speed><sat>23</sat></trkpt>
  <trkpt lat="12.60012522" lon="78.13071758"><ele>442.863</ele><time>2026-02-23T07:59:21Z</time><speed>10.700</speed><sat>22</sat></trkpt>
  <trkpt lat="12.60008832" lon="78.13079959"><ele>442.553</ele><time>2026-02-23T07:59:22Z</time><speed>10.190</speed><sat>23</sat></trkpt>
  <trkpt lat="12.60005004" lon="78.13088687"><ele>442.108</ele><time>2026-02-23T07:59:23Z</time><speed>10.090</speed><sat>23</sat></trkpt>
  <trkpt lat="12.60001239" lon="78.13097690"><ele>441.509</ele><time>2026-02-23T07:59:24Z</time><speed>10.050</speed><sat>24</sat></trkpt>
  <trkpt lat="12.59996888" lon="78.13105710"><ele>440.959</ele><time>2026-02-23T07:59:25Z</time><speed>9.990</speed><sat>22</sat></trkpt>
  <trkpt lat="12.59992922" lon="78.13114105"><ele>440.628</ele><time>2026-02-23T07:59:26Z</time><speed>9.970</speed><sat>20</sat></trkpt>
  <trkpt lat="12.59989228" lon="78.13123098"><ele>439.742</ele><time>2026-02-23T07:59:27Z</time><speed>10.000</speed><sat>19</sat></trkpt>
  <trkpt lat="12.59985420" lon="78.13131449"><ele>438.791</ele><time>2026-02-23T07:59:28Z</time><speed>10.010</speed><sat>18</sat></trkpt>
  <trkpt lat="12.59981513" lon="78.13139926"><ele>439.052</ele><time>2026-02-23T07:59:29Z</time><speed>10.140</speed><sat>20</sat></trkpt>
  <trkpt lat="12.59978489" lon="78.13147787"><ele>436.777</ele><time>2026-02-23T07:59:30Z</time><speed>10.210</speed><sat>18</sat></trkpt>
  <trkpt lat="12.59974567" lon="78.13156708"><ele>436.438</ele><time>2026-02-23T07:59:31Z</time><speed>10.380</speed><sat>20</sat></trkpt>
  <trkpt lat="12.59970512" lon="78.13165435"><ele>436.183</ele><time>2026-02-23T07:59:32Z</time><speed>10.380</speed><sat>19</sat></trkpt>
  <trkpt lat="12.59966673" lon="78.13174494"><ele>436.451</ele><time>2026-02-23T07:59:33Z</time><speed>10.470</speed><sat>20</sat></trkpt>
  <trkpt lat="12.59962962" lon="78.13183806"><ele>436.265</ele><time>2026-02-23T07:59:34Z</time><speed>10.370</speed><sat>22</sat></trkpt>
  <trkpt lat="12.59959437" lon="78.13192337"><ele>435.958</ele><time>2026-02-23T07:59:35Z</time><speed>10.300</speed><sat>21</sat></trkpt>
  <trkpt lat="12.59955820" lon="78.13200720"><ele>435.620</ele><time>2026-02-23T07:59:36Z</time><speed>9.960</speed><sat>22</sat></trkpt>
  <trkpt lat="12.59952262" lon="78.13208970"><ele>434.321</ele><time>2026-02-23T07:59:37Z</time><speed>9.960</speed><sat>21</sat></trkpt>
  <trkpt lat="12.59948458" lon="78.13217142"><ele>434.295</ele><time>2026-02-23T07:59:38Z</time><speed>9.580</speed><sat>19</sat></trkpt>
  <trkpt lat="12.59944906" lon="78.13224947"><ele>434.020</ele><time>2026-02-23T07:59:39Z</time><speed>9.690</speed><sat>22</sat></trkpt>
  <trkpt lat="12.59941322" lon="78.13232977"><ele>433.445</ele><time>2026-02-23T07:59:40Z</time><speed>9.420</speed><sat>24</sat></trkpt>
  <trkpt lat="12.59938409" lon="78.13241316"><ele>433.938</ele><time>2026-02-23T07:59:41Z</time><speed>9.470</speed><sat>23</sat></trkpt>
  <trkpt lat="12.59934933" lon="78.13249916"><ele>433.754</ele><time>2026-02-23T07:59:42Z</time><speed>9.550</speed><sat>22</sat></trkpt>
  <trkpt lat="12.59931322" lon="78.13257655"><ele>433.500</ele><time>2026-02-23T07:59:43Z</time><speed>9.540</speed><sat>23</sat></trkpt>
  <trkpt lat="12.59927026" lon="78.13265699"><ele>432.387</ele><time>2026-02-23T07:59:44Z</time><speed>9.640</speed><sat>23</sat></trkpt>
  <trkpt lat="12.59923426" lon="78.13274304"><ele>432.019</ele><time>2026-02-23T07:59:45Z</time><speed>9.770</speed><sat>23</sat></trkpt>
  <trkpt lat="12.59920005" lon="78.13281908"><ele>431.792</ele><time>2026-02-23T07:59:46Z</time><speed>9.990</speed><sat>19</sat></trkpt>
  <trkpt lat="12.59915700" lon="78.13290536"><ele>431.101</ele><time>2026-02-23T07:59:47Z</time><speed>10.140</speed><sat>20</sat></trkpt>
  <trkpt lat="12.59912227" lon="78.13299548"><ele>431.219</ele><time>2026-02-23T07:59:48Z</time><speed>10.190</speed><sat>19</sat></trkpt>
  <trkpt lat="12.59908277" lon="78.13308299"><ele>431.422</ele><time>2026-02-23T07:59:49Z</time><speed>10.160</speed><sat>21</sat></trkpt>
  <trkpt lat="12.59904194" lon="78.13316382"><ele>431.373</ele><time>2026-02-23T07:59:50Z</time><speed>10.250</speed><sat>19</sat></trkpt>
  <trkpt lat="12.59900511" lon="78.13324497"><ele>430.283</ele><time>2026-02-23T07:59:51Z</time><speed>10.350</speed><sat>21</sat></trkpt>
  <trkpt lat="12.59896815" lon="78.13333103"><ele>430.898</ele><time>2026-02-23T07:59:52Z</time><speed>10.460</speed><sat>21</sat></trkpt>
  <trkpt lat="12.59893006" lon="78.13342070"><ele>430.333</ele><time>2026-02-23T07:59:53Z</time><speed>10.560</speed><sat>21</sat></trkpt>
  <trkpt lat="12.59889137" lon="78.13351329"><ele>430.163</ele><time>2026-02-23T07:59:54Z</time><speed>10.760</speed><sat>23</sat></trkpt>
  <trkpt lat="12.59884630" lon="78.13360151"><ele>429.693</ele><time>2026-02-23T07:59:55Z</time><speed>10.890</speed><sat>23</sat></trkpt>
  <trkpt lat="12.59880675" lon="78.13369685"><ele>429.006</ele><time>2026-02-23T07:59:56Z</time><speed>10.950</speed><sat>22</sat></trkpt>
  <trkpt lat="12.59876845" lon="78.13379346"><ele>428.864</ele><time>2026-02-23T07:59:57Z</time><speed>10.700</speed><sat>21</sat></trkpt>
  <trkpt lat="12.59872520" lon="78.13388198"><ele>428.227</ele><time>2026-02-23T07:59:58Z</time><speed>10.520</speed><sat>20</sat></trkpt>
  <trkpt lat="12.59868110" lon="78.13396002"><ele>427.474</ele><time>2026-02-23T07:59:59Z</time><speed>10.130</speed><sat>20</sat></trkpt>
  <trkpt lat="12.59864382" lon="78.13405194"><ele>428.307</ele><time>2026-02-23T08:00:00Z</time><speed>9.880</speed><sat>22</sat></trkpt>
  <trkpt lat="12.59861239" lon="78.13412994"><ele>428.441</ele><time>2026-02-23T08:00:01Z</time><speed>9.790</speed><sat>21</sat></trkpt>
  <trkpt lat="12.59857344" lon="78.13421311"><ele>429.028</ele><time>2026-02-23T08:00:02Z</time><speed>9.810</speed><sat>21</sat></trkpt>
  <trkpt lat="12.59853157" lon="78.13429341"><ele>429.799</ele><time>2026-02-23T08:00:03Z</time><speed>9.980</speed><sat>21</sat></trkpt>
  <trkpt lat="12.59849284" lon="78.13437599"><ele>429.987</ele><time>2026-02-23T08:00:04Z</time><speed>10.000</speed><sat>21</sat></trkpt>
  <trkpt lat="12.59845154" lon="78.13445150"><ele>430.224</ele><time>2026-02-23T08:00:05Z</time><speed>9.830</speed><sat>22</sat></trkpt>
  <trkpt lat="12.59840638" lon="78.13453102"><ele>429.868</ele><time>2026-02-23T08:00:06Z</time><speed>9.730</speed><sat>22</sat></trkpt>
  <trkpt lat="12.59836563" lon="78.13461131"><ele>430.022</ele><time>2026-02-23T08:00:07Z</time><speed>9.750</speed><sat>21</sat></trkpt>
  <trkpt lat="12.59833851" lon="78.13468850"><ele>429.802</ele><time>2026-02-23T08:00:08Z</time><speed>9.580</speed><sat>22</sat></trkpt>
  <trkpt lat="12.59829966" lon="78.13477208"><ele>429.968</ele><time>2026-02-23T08:00:09Z</time><speed>9.800</speed><sat>22</sat></trkpt>
  <trkpt lat="12.59826691" lon="78.13485593"><ele>429.606</ele><time>2026-02-23T08:00:10Z</time><speed>9.740</speed><sat>22</sat></trkpt>
  <trkpt lat="12.59822747" lon="78.13494120"><ele>430.578</ele><time>2026-02-23T08:00:11Z</time><speed>9.820</speed><sat>22</sat></trkpt>
  <trkpt lat="12.59818995" lon="78.13502569"><ele>430.457</ele><time>2026-02-23T08:00:12Z</time><speed>9.720</speed><sat>21</sat></trkpt>
  <trkpt lat="12.59815263" lon="78.13510596"><ele>430.880</ele><time>2026-02-23T08:00:13Z</time><speed>9.850</speed><sat>23</sat></trkpt>
  <trkpt lat="12.59811037" lon="78.13518688"><ele>431.386</ele><time>2026-02-23T08:00:14Z</time><speed>10.000</speed><sat>23</sat></trkpt>
  <trkpt lat="12.59807074" lon="78.13526941"><ele>432.138</ele><time>2026-02-23T08:00:15Z</time><speed>10.090</speed><sat>21</sat></trkpt>
  <trkpt lat="12.59802329" lon="78.13535163"><ele>432.594</ele><time>2026-02-23T08:00:16Z</time><speed>10.280</speed><sat>23</sat></trkpt>
  <trkpt lat="12.59798614" lon="78.13542452"><ele>433.277</ele><time>2026-02-23T08:00:17Z</time><speed>10.480</speed><sat>25</sat></trkpt>
  <trkpt lat="12.59793418" lon="78.13551100"><ele>433.452</ele><time>2026-02-23T08:00:18Z</time><speed>10.450</speed><sat>21</sat></trkpt>
  <trkpt lat="12.59788535" lon="78.13559325"><ele>433.344</ele><time>2026-02-23T08:00:19Z</time><speed>10.350</speed><sat>23</sat></trkpt>
  <trkpt lat="12.59783529" lon="78.13567607"><ele>433.205</ele><time>2026-02-23T08:00:20Z</time><speed>10.280</speed><sat>24</sat></trkpt>
  <trkpt lat="12.59778268" lon="78.13575527"><ele>433.041</ele><time>2026-02-23T08:00:21Z</time><speed>10.150</speed><sat>26</sat></trkpt>
  <trkpt lat="12.59772764" lon="78.13582587"><ele>432.764</ele><time>2026-02-23T08:00:22Z</time><speed>10.000</speed><sat>22</sat></trkpt>
  <trkpt lat="12.59767619" lon="78.13589705"><ele>432.733</ele><time>2026-02-23T08:00:23Z</time><speed>9.920</speed><sat>25</sat></trkpt>
  <trkpt lat="12.59761666" lon="78.13596835"><ele>432.205</ele><time>2026-02-23T08:00:24Z</time><speed>9.790</speed><sat>24</sat></trkpt>
  <trkpt lat="12.59756203" lon="78.13604133"><ele>431.999</ele><time>2026-02-23T08:00:25Z</time><speed>9.930</speed><sat>22</sat></trkpt>
  <trkpt lat="12.59750183" lon="78.13610654"><ele>432.423</ele><time>2026-02-23T08:00:26Z</time><speed>9.920</speed><sat>19</sat></trkpt>
  <trkpt lat="12.59743795" lon="78.13617455"><ele>431.979</ele><time>2026-02-23T08:00:27Z</time><speed>10.100</speed><sat>23</sat></trkpt>
  <trkpt lat="12.59738065" lon="78.13623954"><ele>431.228</ele><time>2026-02-23T08:00:28Z</time><speed>9.880</speed><sat>23</sat></trkpt>
  <trkpt lat="12.59732345" lon="78.13631350"><ele>432.418</ele><time>2026-02-23T08:00:29Z</time><speed>10.060</speed><sat>23</sat></trkpt>
  <trkpt lat="12.59725921" lon="78.13638409"><ele>431.570</ele><time>2026-02-23T08:00:30Z</time><speed>10.350</speed><sat>25</sat></trkpt>
  <trkpt lat="12.59718146" lon="78.13645760"><ele>432.323</ele><time>2026-02-23T08:00:31Z</time><speed>10.770</speed><sat>23</sat></trkpt>
  <trkpt lat="12.59711444" lon="78.13651843"><ele>432.364</ele><time>2026-02-23T08:00:32Z</time><speed>10.420</speed><sat>22</sat></trkpt>
  <trkpt lat="12.59703706" lon="78.13657516"><ele>432.932</ele><time>2026-02-23T08:00:33Z</time><speed>10.410</speed><sat>26</sat></trkpt>
  <trkpt lat="12.59695639" lon="78.13663360"><ele>433.067</ele><time>2026-02-23T08:00:34Z</time><speed>10.470</speed><sat>23</sat></trkpt>
  <trkpt lat="12.59687783" lon="78.13669435"><ele>432.572</ele><time>2026-02-23T08:00:35Z</time><speed>10.640</speed><sat>26</sat></trkpt>
  <trkpt lat="12.59680286" lon="78.13675537"><ele>432.968</ele><time>2026-02-23T08:00:36Z</time><speed>10.700</speed><sat>26</sat></trkpt>
  <trkpt lat="12.59672025" lon="78.13681353"><ele>432.703</ele><time>2026-02-23T08:00:37Z</time><speed>10.950</speed><sat>24</sat></trkpt>
  <trkpt lat="12.59663880" lon="78.13686776"><ele>432.819</ele><time>2026-02-23T08:00:38Z</time><speed>11.010</speed><sat>21</sat></trkpt>
  <trkpt lat="12.59655499" lon="78.13692957"><ele>433.109</ele><time>2026-02-23T08:00:39Z</time><speed>11.040</speed><sat>25</sat></trkpt>
  <trkpt lat="12.59646949" lon="78.13698033"><ele>433.366</ele><time>2026-02-23T08:00:40Z</time><speed>11.040</speed><sat>24</sat></trkpt>
  <trkpt lat="12.59638301" lon="78.13702957"><ele>433.718</ele><time>2026-02-23T08:00:41Z</time><speed>11.050</speed><sat>23</sat></trkpt>
  <trkpt lat="12.59629453" lon="78.13707168"><ele>434.374</ele><time>2026-02-23T08:00:42Z</time><speed>10.940</speed><sat>25</sat></trkpt>
  <trkpt lat="12.59620993" lon="78.13711510"><ele>434.516</ele><time>2026-02-23T08:00:43Z</time><speed>10.820</speed><sat>24</sat></trkpt>
  <trkpt lat="12.59612347" lon="78.13715773"><ele>435.160</ele><time>2026-02-23T08:00:44Z</time><speed>10.910</speed><sat>23</sat></trkpt>
  <trkpt lat="12.59603267" lon="78.13719961"><ele>435.234</ele><time>2026-02-23T08:00:45Z</time><speed>10.830</speed><sat>20</sat></trkpt>
  <trkpt lat="12.59594807" lon="78.13723713"><ele>435.982</ele><time>2026-02-23T08:00:46Z</time><speed>10.630</speed><sat>24</sat></trkpt>
  <trkpt lat="12.59586268" lon="78.13727378"><ele>436.587</ele><time>2026-02-23T08:00:47Z</time><speed>10.590</speed><sat>24</sat></trkpt>
  <trkpt lat="12.59577199" lon="78.13731910"><ele>437.185</ele><time>2026-02-23T08:00:48Z</time><speed>10.590</speed><sat>24</sat></trkpt>
  <trkpt lat="12.59568148" lon="78.13736042"><ele>437.197</ele><time>2026-02-23T08:00:49Z</time><speed>10.590</speed><sat>25</sat></trkpt>
  <trkpt lat="12.59559645" lon="78.13740240"><ele>437.277</ele><time>2026-02-23T08:00:50Z</time><speed>10.690</speed><sat>25</sat></trkpt>
  <trkpt lat="12.59550675" lon="78.13744093"><ele>437.511</ele><time>2026-02-23T08:00:51Z</time><speed>10.730</speed><sat>26</sat></trkpt>
  <trkpt lat="12.59541574" lon="78.13747827"><ele>438.092</ele><time>2026-02-23T08:00:52Z</time><speed>10.870</speed><sat>25</sat></trkpt>
  <trkpt lat="12.59532152" lon="78.13752349"><ele>437.755</ele><time>2026-02-23T08:00:53Z</time><speed>11.000</speed><sat>25</sat></trkpt>
  <trkpt lat="12.59523160" lon="78.13755963"><ele>438.343</ele><time>2026-02-23T08:00:54Z</time><speed>11.120</speed><sat>25</sat></trkpt>
  <trkpt lat="12.59514063" lon="78.13759612"><ele>438.365</ele><time>2026-02-23T08:00:55Z</time><speed>11.170</speed><sat>24</sat></trkpt>
  <trkpt lat="12.59505021" lon="78.13763982"><ele>439.056</ele><time>2026-02-23T08:00:56Z</time><speed>11.160</speed><sat>26</sat></trkpt>
  <trkpt lat="12.59495436" lon="78.13767923"><ele>439.759</ele><time>2026-02-23T08:00:57Z</time><speed>11.180</speed><sat>24</sat></trkpt>
  <trkpt lat="12.59485524" lon="78.13772262"><ele>440.304</ele><time>2026-02-23T08:00:58Z</time><speed>11.290</speed><sat>21</sat></trkpt>
  <trkpt lat="12.59476407" lon="78.13776594"><ele>440.626</ele><time>2026-02-23T08:00:59Z</time><speed>11.360</speed><sat>24</sat></trkpt>
  <trkpt lat="12.59467198" lon="78.13780390"><ele>440.255</ele><time>2026-02-23T08:01:00Z</time><speed>11.450</speed><sat>23</sat></trkpt>
  <trkpt lat="12.59457564" lon="78.13784843"><ele>440.318</ele><time>2026-02-23T08:01:01Z</time><speed>11.490</speed><sat>24</sat></trkpt>
  <trkpt lat="12.59447867" lon="78.13789554"><ele>440.416</ele><time>2026-02-23T08:01:02Z</time><speed>11.590</speed><sat>25</sat></trkpt>
  <trkpt lat="12.59437770" lon="78.13794315"><ele>440.179</ele><time>2026-02-23T08:01:03Z</time><speed>11.660</speed><sat>25</sat></trkpt>
  <trkpt lat="12.59427964" lon="78.13798863"><ele>440.774</ele><time>2026-02-23T08:01:04Z</time><speed>11.670</speed><sat>24</sat></trkpt>
  <trkpt lat="12.59418230" lon="78.13803239"><ele>440.656</ele><time>2026-02-23T08:01:05Z</time><speed>11.720</speed><sat>23</sat></trkpt>
  <trkpt lat="12.59408727" lon="78.13807847"><ele>441.037</ele><time>2026-02-23T08:01:06Z</time><speed>11.630</speed><sat>24</sat></trkpt>
  <trkpt lat="12.59399507" lon="78.13812515"><ele>441.098</ele><time>2026-02-23T08:01:07Z</time><speed>11.590</speed><sat>24</sat></trkpt>
  <trkpt lat="12.59390222" lon="78.13816689"><ele>441.589</ele><time>2026-02-23T08:01:08Z</time><speed>11.310</speed><sat>21</sat></trkpt>
  <trkpt lat="12.59381140" lon="78.13820687"><ele>441.791</ele><time>2026-02-23T08:01:09Z</time><speed>11.240</speed><sat>25</sat></trkpt>
  <trkpt lat="12.59372089" lon="78.13824375"><ele>441.933</ele><time>2026-02-23T08:01:10Z</time><speed>11.210</speed><sat>25</sat></trkpt>
  <trkpt lat="12.59362353" lon="78.13828525"><ele>441.778</ele><time>2026-02-23T08:01:11Z</time><speed>11.420</speed><sat>25</sat></trkpt>
  <trkpt lat="12.59353107" lon="78.13833830"><ele>442.086</ele><time>2026-02-23T08:01:12Z</time><speed>11.480</speed><sat>22</sat></trkpt>
  <trkpt lat="12.59344097" lon="78.13839099"><ele>442.512</ele><time>2026-02-23T08:01:13Z</time><speed>11.440</speed><sat>23</sat></trkpt>
  <trkpt lat="12.59335206" lon="78.13844922"><ele>442.736</ele><time>2026-02-23T08:01:14Z</time><speed>11.330</speed><sat>26</sat></trkpt>
  <trkpt lat="12.59326821" lon="78.13850140"><ele>443.262</ele><time>2026-02-23T08:01:15Z</time><speed>11.290</speed><sat>23</sat></trkpt>
  <trkpt lat="12.59318211" lon="78.13855696"><ele>443.377</ele><time>2026-02-23T08:01:16Z</time><speed>11.170</speed><sat>23</sat></trkpt>
  <trkpt lat="12.59310395" lon="78.13861741"><ele>443.306</ele><time>2026-02-23T08:01:17Z</time><speed>11.020</speed><sat>22</sat></trkpt>
  <trkpt lat="12.59302243" lon="78.13867763"><ele>443.144</ele><time>2026-02-23T08:01:18Z</time><speed>10.920</speed><sat>25</sat></trkpt>
  <trkpt lat="12.59294952" lon="78.13873865"><ele>443.540</ele><time>2026-02-23T08:01:19Z</time><speed>10.570</speed><sat>22</sat></trkpt>
  <trkpt lat="12.59287615" lon="78.13879698"><ele>444.184</ele><time>2026-02-23T08:01:20Z</time><speed>10.270</speed><sat>25</sat></trkpt>
  <trkpt lat="12.59280788" lon="78.13885165"><ele>444.109</ele><time>2026-02-23T08:01:21Z</time><speed>10.030</speed><sat>21</sat></trkpt>
  <trkpt lat="12.59274425" lon="78.13890980"><ele>444.489</ele><time>2026-02-23T08:01:22Z</time><speed>9.850</speed><sat>22</sat></trkpt>
  <trkpt lat="12.59268164" lon="78.13897408"><ele>444.536</ele><time>2026-02-23T08:01:23Z</time><speed>9.950</speed><sat>23</sat></trkpt>
  <trkpt lat="12.59262506" lon="78.13903582"><ele>443.454</ele><time>2026-02-23T08:01:24Z</time><speed>10.120</speed><sat>25</sat></trkpt>
  <trkpt lat="12.59256450" lon="78.13909825"><ele>443.136</ele><time>2026-02-23T08:01:25Z</time><speed>10.020</speed><sat>26</sat></trkpt>
  <trkpt lat="12.59249864" lon="78.13917289"><ele>442.984</ele><time>2026-02-23T08:01:26Z</time><speed>10.180</speed><sat>23</sat></trkpt>
  <trkpt lat="12.59243743" lon="78.13924494"><ele>442.791</ele><time>2026-02-23T08:01:27Z</time><speed>10.170</speed><sat>25</sat></trkpt>
  <trkpt lat="12.59238316" lon="78.13931479"><ele>442.528</ele><time>2026-02-23T08:01:28Z</time><speed>10.030</speed><sat>21</sat></trkpt>
  <trkpt lat="12.59232027" lon="78.13938835"><ele>441.831</ele><time>2026-02-23T08:01:29Z</time><speed>9.990</speed><sat>26</sat></trkpt>
  <trkpt lat="12.59226111" lon="78.13946180"><ele>441.571</ele><time>2026-02-23T08:01:30Z</time><speed>10.010</speed><sat>23</sat></trkpt>
  <trkpt lat="12.59220365" lon="78.13952750"><ele>441.168</ele><time>2026-02-23T08:01:31Z</time><speed>9.970</speed><sat>23</sat></trkpt>
  <trkpt lat="12.59215357" lon="78.13959598"><ele>440.518</ele><time>2026-02-23T08:01:32Z</time><speed>9.780</speed><sat>24</sat></trkpt>
  <trkpt lat="12.59209584" lon="78.13966766"><ele>440.077</ele><time>2026-02-23T08:01:33Z</time><speed>9.780</speed><sat>26</sat></trkpt>
  <trkpt lat="12.59203999" lon="78.13972898"><ele>438.415</ele><time>2026-02-23T08:01:34Z</time><speed>9.850</speed><sat>24</sat></trkpt>
  <trkpt lat="12.59197823" lon="78.13979900"><ele>437.980</ele><time>2026-02-23T08:01:35Z</time><speed>9.850</speed><sat>25</sat></trkpt>
  <trkpt lat="12.59192030" lon="78.13986852"><ele>438.308</ele><time>2026-02-23T08:01:36Z</time><speed>9.880</speed><sat>23</sat></trkpt>
  <trkpt lat="12.59186310" lon="78.13993649"><ele>438.404</ele><time>2026-02-23T08:01:37Z</time><speed>9.920</speed><sat>20</sat></trkpt>
  <trkpt lat="12.59181380" lon="78.14000127"><ele>436.703</ele><time>2026-02-23T08:01:38Z</time><speed>9.980</speed><sat>21</sat></trkpt>
  <trkpt lat="12.59174879" lon="78.14007208"><ele>436.530</ele><time>2026-02-23T08:01:39Z</time><speed>10.070</speed><sat>23</sat></trkpt>
  <trkpt lat="12.59169308" lon="78.14014058"><ele>435.866</ele><time>2026-02-23T08:01:40Z</time><speed>10.020</speed><sat>23</sat></trkpt>
  <trkpt lat="12.59163409" lon="78.14021550"><ele>435.557</ele><time>2026-02-23T08:01:41Z</time><speed>9.950</speed><sat>21</sat></trkpt>
  <trkpt lat="12.59157226" lon="78.14028873"><ele>435.076</ele><time>2026-02-23T08:01:42Z</time><speed>10.000</speed><sat>19</sat></trkpt>
  <trkpt lat="12.59151873" lon="78.14035755"><ele>434.594</ele><time>2026-02-23T08:01:43Z</time><speed>9.950</speed><sat>22</sat></trkpt>
  <trkpt lat="12.59146174" lon="78.14042588"><ele>434.150</ele><time>2026-02-23T08:01:44Z</time><speed>9.930</speed><sat>25</sat></trkpt>
  <trkpt lat="12.59140007" lon="78.14050044"><ele>433.747</ele><time>2026-02-23T08:01:45Z</time><speed>9.890</speed><sat>24</sat></trkpt>
  <trkpt lat="12.59134657" lon="78.14057146"><ele>433.414</ele><time>2026-02-23T08:01:46Z</time><speed>10.110</speed><sat>20</sat></trkpt>
  <trkpt lat="12.59129068" lon="78.14065162"><ele>434.085</ele><time>2026-02-23T08:01:47Z</time><speed>10.770</speed><sat>20</sat></trkpt>
  <trkpt lat="12.59122322" lon="78.14072561"><ele>433.884</ele><time>2026-02-23T08:01:48Z</time><speed>10.180</speed><sat>18</sat></trkpt>
  <trkpt lat="12.59115977" lon="78.14080195"><ele>433.248</ele><time>2026-02-23T08:01:49Z</time><speed>11.240</speed><sat>25</sat></trkpt>
  <trkpt lat="12.59109334" lon="78.14088465"><ele>433.411</ele><time>2026-02-23T08:01:50Z</time><speed>11.200</speed><sat>24</sat></trkpt>
  <trkpt lat="12.59102185" lon="78.14097078"><ele>433.172</ele><time>2026-02-23T08:01:51Z</time><speed>11.460</speed><sat>24</sat></trkpt>
  <trkpt lat="12.59095535" lon="78.14104766"><ele>432.878</ele><time>2026-02-23T08:01:52Z</time><speed>11.480</speed><sat>26</sat></trkpt>
  <trkpt lat="12.59088901" lon="78.14113048"><ele>432.934</ele><time>2026-02-23T08:01:53Z</time><speed>11.510</speed><sat>25</sat></trkpt>
  <trkpt lat="12.59081955" lon="78.14120757"><ele>433.539</ele><time>2026-02-23T08:01:54Z</time><speed>11.210</speed><sat>24</sat></trkpt>
  <trkpt lat="12.59075490" lon="78.14128075"><ele>434.103</ele><time>2026-02-23T08:01:55Z</time><speed>10.830</speed><sat>24</sat></trkpt>
  <trkpt lat="12.59068779" lon="78.14136723"><ele>433.670</ele><time>2026-02-23T08:01:56Z</time><speed>10.480</speed><sat>24</sat></trkpt>
  <trkpt lat="12.59062346" lon="78.14143902"><ele>432.930</ele><time>2026-02-23T08:01:57Z</time><speed>10.110</speed><sat>23</sat></trkpt>
  <trkpt lat="12.59056224" lon="78.14151367"><ele>433.795</ele><time>2026-02-23T08:01:58Z</time><speed>10.050</speed><sat>25</sat></trkpt>
  <trkpt lat="12.59050770" lon="78.14158781"><ele>434.264</ele><time>2026-02-23T08:01:59Z</time><speed>10.210</speed><sat>23</sat></trkpt>
  <trkpt lat="12.59044795" lon="78.14166561"><ele>433.516</ele><time>2026-02-23T08:02:00Z</time><speed>10.350</speed><sat>25</sat></trkpt>
  <trkpt lat="12.59039181" lon="78.14172891"><ele>434.271</ele><time>2026-02-23T08:02:01Z</time><speed>10.260</speed><sat>24</sat></trkpt>
  <trkpt lat="12.59033962" lon="78.14179699"><ele>434.314</ele><time>2026-02-23T08:02:02Z</time><speed>10.070</speed><sat>24</sat></trkpt>
  <trkpt lat="12.59028082" lon="78.14186407"><ele>434.550</ele><time>2026-02-23T08:02:03Z</time><speed>9.910</speed><sat>22</sat></trkpt>
  <trkpt lat="12.59023064" lon="78.14193487"><ele>434.810</ele><time>2026-02-23T08:02:04Z</time><speed>9.560</speed><sat>24</sat></trkpt>
  <trkpt lat="12.59017551" lon="78.14200066"><ele>434.880</ele><time>2026-02-23T08:02:05Z</time><speed>9.240</speed><sat>24</sat></trkpt>
  <trkpt lat="12.59012222" lon="78.14206308"><ele>434.956</ele><time>2026-02-23T08:02:06Z</time><speed>9.040</speed><sat>21</sat></trkpt>
  <trkpt lat="12.59006989" lon="78.14212462"><ele>435.063</ele><time>2026-02-23T08:02:07Z</time><speed>8.910</speed><sat>22</sat></trkpt>
  <trkpt lat="12.59001505" lon="78.14218363"><ele>435.759</ele><time>2026-02-23T08:02:08Z</time><speed>8.610</speed><sat>22</sat></trkpt>
  <trkpt lat="12.58996227" lon="78.14225054"><ele>436.345</ele><time>2026-02-23T08:02:09Z</time><speed>8.310</speed><sat>25</sat></trkpt>
  <trkpt lat="12.58991192" lon="78.14230884"><ele>436.931</ele><time>2026-02-23T08:02:10Z</time><speed>8.040</speed><sat>25</sat></trkpt>
  <trkpt lat="12.58986331" lon="78.14236965"><ele>437.222</ele><time>2026-02-23T08:02:11Z</time><speed>7.770</speed><sat>26</sat></trkpt>
  <trkpt lat="12.58981820" lon="78.14241567"><ele>437.219</ele><time>2026-02-23T08:02:12Z</time><speed>7.700</speed><sat>24</sat></trkpt>
  <trkpt lat="12.58977492" lon="78.14246930"><ele>437.553</ele><time>2026-02-23T08:02:13Z</time><speed>7.800</speed><sat>26</sat></trkpt>
  <trkpt lat="12.58973504" lon="78.14251970"><ele>436.688</ele><time>2026-02-23T08:02:14Z</time><speed>7.900</speed><sat>26</sat></trkpt>
  <trkpt lat="12.58968960" lon="78.14257390"><ele>437.270</ele><time>2026-02-23T08:02:15Z</time><speed>7.630</speed><sat>23</sat></trkpt>
  <trkpt lat="12.58964682" lon="78.14262792"><ele>437.292</ele><time>2026-02-23T08:02:16Z</time><speed>7.350</speed><sat>23</sat></trkpt>
  <trkpt lat="12.58960230" lon="78.14268509"><ele>436.946</ele><time>2026-02-23T08:02:17Z</time><speed>7.690</speed><sat>24</sat></trkpt>
  <trkpt lat="12.58955498" lon="78.14273683"><ele>437.507</ele><time>2026-02-23T08:02:18Z</time><speed>8.000</speed><sat>26</sat></trkpt>
  <trkpt lat="12.58950754" lon="78.14280105"><ele>437.411</ele><time>2026-02-23T08:02:19Z</time><speed>8.430</speed><sat>25</sat></trkpt>
  <trkpt lat="12.58945811" lon="78.14285962"><ele>438.136</ele><time>2026-02-23T08:02:20Z</time><speed>8.780</speed><sat>26</sat></trkpt>
  <trkpt lat="12.58940592" lon="78.14292319"><ele>438.546</ele><time>2026-02-23T08:02:21Z</time><speed>9.070</speed><sat>26</sat></trkpt>
  <trkpt lat="12.58935080" lon="78.14298912"><ele>438.771</ele><time>2026-02-23T08:02:22Z</time><speed>9.190</speed><sat>26</sat></trkpt>
  <trkpt lat="12.58930038" lon="78.14305770"><ele>438.083</ele><time>2026-02-23T08:02:23Z</time><speed>9.350</speed><sat>23</sat></trkpt>
  <trkpt lat="12.58925151" lon="78.14312619"><ele>437.959</ele><time>2026-02-23T08:02:24Z</time><speed>9.480</speed><sat>24</sat></trkpt>
  <trkpt lat="12.58920284" lon="78.14319598"><ele>439.248</ele><time>2026-02-23T08:02:25Z</time><speed>9.410</speed><sat>22</sat></trkpt>
  <trkpt lat="12.58915315" lon="78.14326342"><ele>439.709</ele><time>2026-02-23T08:02:26Z</time><speed>9.390</speed><sat>22</sat></trkpt>
  <trkpt lat="12.58910320" lon="78.14333643"><ele>439.309</ele><time>2026-02-23T08:02:27Z</time><speed>9.550</speed><sat>25</sat></trkpt>
  <trkpt lat="12.58905582" lon="78.14340752"><ele>439.072</ele><time>2026-02-23T08:02:28Z</time><speed>9.430</speed><sat>27</sat></trkpt>
  <trkpt lat="12.58901163" lon="78.14347348"><ele>439.494</ele><time>2026-02-23T08:02:29Z</time><speed>9.420</speed><sat>25</sat></trkpt>
  <trkpt lat="12.58896466" lon="78.14354833"><ele>439.503</ele><time>2026-02-23T08:02:30Z</time><speed>9.440</speed><sat>26</sat></trkpt>
  <trkpt lat="12.58892467" lon="78.14362090"><ele>439.635</ele><time>2026-02-23T08:02:31Z</time><speed>9.390</speed><sat>24</sat></trkpt>
  <trkpt lat="12.58888565" lon="78.14369178"><ele>439.510</ele><time>2026-02-23T08:02:32Z</time><speed>9.380</speed><sat>18</sat></trkpt>
  <trkpt lat="12.58884969" lon="78.14376635"><ele>439.492</ele><time>2026-02-23T08:02:33Z</time><speed>9.440</speed><sat>24</sat></trkpt>
  <trkpt lat="12.58881155" lon="78.14384951"><ele>439.500</ele><time>2026-02-23T08:02:34Z</time><speed>9.590</speed><sat>21</sat></trkpt>
  <trkpt lat="12.58876954" lon="78.14392968"><ele>439.828</ele><time>2026-02-23T08:02:35Z</time><speed>9.780</speed><sat>23</sat></trkpt>
  <trkpt lat="12.58874556" lon="78.14400405"><ele>442.073</ele><time>2026-02-23T08:02:36Z</time><speed>9.500</speed><sat>25</sat></trkpt>
  <trkpt lat="12.58872258" lon="78.14409573"><ele>443.051</ele><time>2026-02-23T08:02:37Z</time><speed>9.490</speed><sat>24</sat></trkpt>
  <trkpt lat="12.58869466" lon="78.14417977"><ele>443.999</ele><time>2026-02-23T08:02:38Z</time><speed>9.190</speed><sat>22</sat></trkpt>
  <trkpt lat="12.58867118" lon="78.14425922"><ele>444.810</ele><time>2026-02-23T08:02:39Z</time><speed>9.290</speed><sat>24</sat></trkpt>
  <trkpt lat="12.58864357" lon="78.14434068"><ele>445.165</ele><time>2026-02-23T08:02:40Z</time><speed>9.120</speed><sat>23</sat></trkpt>
  <trkpt lat="12.58861691" lon="78.14441831"><ele>445.222</ele><time>2026-02-23T08:02:41Z</time><speed>8.990</speed><sat>24</sat></trkpt>
  <trkpt lat="12.58859051" lon="78.14449845"><ele>445.128</ele><time>2026-02-23T08:02:42Z</time><speed>8.750</speed><sat>25</sat></trkpt>
  <trkpt lat="12.58857017" lon="78.14457548"><ele>445.959</ele><time>2026-02-23T08:02:43Z</time><speed>8.700</speed><sat>20</sat></trkpt>
  <trkpt lat="12.58855455" lon="78.14465041"><ele>446.229</ele><time>2026-02-23T08:02:44Z</time><speed>8.660</speed><sat>23</sat></trkpt>
  <trkpt lat="12.58853326" lon="78.14473464"><ele>445.953</ele><time>2026-02-23T08:02:45Z</time><speed>8.590</speed><sat>22</sat></trkpt>
  <trkpt lat="12.58851599" lon="78.14481372"><ele>446.633</ele><time>2026-02-23T08:02:46Z</time><speed>8.520</speed><sat>23</sat></trkpt>
  <trkpt lat="12.58849439" lon="78.14489037"><ele>446.679</ele><time>2026-02-23T08:02:47Z</time><speed>8.280</speed><sat>21</sat></trkpt>
  <trkpt lat="12.58847998" lon="78.14495906"><ele>446.818</ele><time>2026-02-23T08:02:48Z</time><speed>8.180</speed><sat>21</sat></trkpt>
  <trkpt lat="12.58845674" lon="78.14503267"><ele>446.983</ele><time>2026-02-23T08:02:49Z</time><speed>8.240</speed><sat>18</sat></trkpt>
  <trkpt lat="12.58843745" lon="78.14510206"><ele>448.643</ele><time>2026-02-23T08:02:50Z</time><speed>8.410</speed><sat>23</sat></trkpt>
  <trkpt lat="12.58842439" lon="78.14518022"><ele>449.121</ele><time>2026-02-23T08:02:51Z</time><speed>8.650</speed><sat>23</sat></trkpt>
  <trkpt lat="12.58840451" lon="78.14525968"><ele>449.744</ele><time>2026-02-23T08:02:52Z</time><speed>8.900</speed><sat>21</sat></trkpt>
  <trkpt lat="12.58838134" lon="78.14534028"><ele>449.859</ele><time>2026-02-23T08:02:53Z</time><speed>8.770</speed><sat>19</sat></trkpt>
  <trkpt lat="12.58836221" lon="78.14541954"><ele>450.136</ele><time>2026-02-23T08:02:54Z</time><speed>8.550</speed><sat>23</sat></trkpt>
  <trkpt lat="12.58833837" lon="78.14549198"><ele>450.377</ele><time>2026-02-23T08:02:55Z</time><speed>8.240</speed><sat>22</sat></trkpt>
  <trkpt lat="12.58831352" lon="78.14556692"><ele>451.170</ele><time>2026-02-23T08:02:56Z</time><speed>8.130</speed><sat>20</sat></trkpt>
  <trkpt lat="12.58829038" lon="78.14563334"><ele>452.430</ele><time>2026-02-23T08:02:57Z</time><speed>8.120</speed><sat>21</sat></trkpt>
  <trkpt lat="12.58826726" lon="78.14570340"><ele>452.645</ele><time>2026-02-23T08:02:58Z</time><speed>8.040</speed><sat>22</sat></trkpt>
  <trkpt lat="12.58824989" lon="78.14576852"><ele>453.521</ele><time>2026-02-23T08:02:59Z</time><speed>8.180</speed><sat>26</sat></trkpt>
  <trkpt lat="12.58822766" lon="78.14583771"><ele>453.851</ele><time>2026-02-23T08:03:00Z</time><speed>8.390</speed><sat>25</sat></trkpt>
  <trkpt lat="12.58821189" lon="78.14591218"><ele>453.274</ele><time>2026-02-23T08:03:01Z</time><speed>8.560</speed><sat>26</sat></trkpt>
  <trkpt lat="12.58819298" lon="78.14598748"><ele>452.724</ele><time>2026-02-23T08:03:02Z</time><speed>8.710</speed><sat>20</sat></trkpt>
  <trkpt lat="12.58817476" lon="78.14607224"><ele>452.604</ele><time>2026-02-23T08:03:03Z</time><speed>8.990</speed><sat>24</sat></trkpt>
  <trkpt lat="12.58815642" lon="78.14615336"><ele>452.134</ele><time>2026-02-23T08:03:04Z</time><speed>9.350</speed><sat>23</sat></trkpt>
  <trkpt lat="12.58813517" lon="78.14623867"><ele>452.740</ele><time>2026-02-23T08:03:05Z</time><speed>9.730</speed><sat>20</sat></trkpt>
  <trkpt lat="12.58810618" lon="78.14632462"><ele>453.157</ele><time>2026-02-23T08:03:06Z</time><speed>9.950</speed><sat>24</sat></trkpt>
  <trkpt lat="12.58807119" lon="78.14641126"><ele>453.111</ele><time>2026-02-23T08:03:07Z</time><speed>10.170</speed><sat>21</sat></trkpt>
  <trkpt lat="12.58803642" lon="78.14649807"><ele>453.533</ele><time>2026-02-23T08:03:08Z</time><speed>10.430</speed><sat>26</sat></trkpt>
  <trkpt lat="12.58800386" lon="78.14658459"><ele>453.443</ele><time>2026-02-23T08:03:09Z</time><speed>10.560</speed><sat>25</sat></trkpt>
  <trkpt lat="12.58795698" lon="78.14667612"><ele>452.185</ele><time>2026-02-23T08:03:10Z</time><speed>10.640</speed><sat>25</sat></trkpt>
  <trkpt lat="12.58791715" lon="78.14677363"><ele>451.231</ele><time>2026-02-23T08:03:11Z</time><speed>10.770</speed><sat>23</sat></trkpt>
  <trkpt lat="12.58787258" lon="78.14686223"><ele>451.132</ele><time>2026-02-23T08:03:12Z</time><speed>10.840</speed><sat>28</sat></trkpt>
  <trkpt lat="12.58782725" lon="78.14694419"><ele>452.190</ele><time>2026-02-23T08:03:13Z</time><speed>11.010</speed><sat>25</sat></trkpt>
  <trkpt lat="12.58777851" lon="78.14703192"><ele>452.735</ele><time>2026-02-23T08:03:14Z</time><speed>11.060</speed><sat>25</sat></trkpt>
  <trkpt lat="12.58773285" lon="78.14712183"><ele>451.699</ele><time>2026-02-23T08:03:15Z</time><speed>11.140</speed><sat>27</sat></trkpt>
  <trkpt lat="12.58767563" lon="78.14720854"><ele>451.940</ele><time>2026-02-23T08:03:16Z</time><speed>11.330</speed><sat>26</sat></trkpt>
  <trkpt lat="12.58761617" lon="78.14729792"><ele>451.943</ele><time>2026-02-23T08:03:17Z</time><speed>11.310</speed><sat>26</sat></trkpt>
  <trkpt lat="12.58756218" lon="78.14738194"><ele>450.818</ele><time>2026-02-23T08:03:18Z</time><speed>11.370</speed><sat>27</sat></trkpt>
  <trkpt lat="12.58749598" lon="78.14746997"><ele>450.451</ele><time>2026-02-23T08:03:19Z</time><speed>11.380</speed><sat>23</sat></trkpt>
  <trkpt lat="12.58743309" lon="78.14754213"><ele>450.206</ele><time>2026-02-23T08:03:20Z</time><speed>10.850</speed><sat>26</sat></trkpt>
  <trkpt lat="12.58737857" lon="78.14761786"><ele>449.632</ele><time>2026-02-23T08:03:21Z</time><speed>10.220</speed><sat>25</sat></trkpt>
  <trkpt lat="12.58731813" lon="78.14768302"><ele>450.295</ele><time>2026-02-23T08:03:22Z</time><speed>9.900</speed><sat>26</sat></trkpt>
  <trkpt lat="12.58725883" lon="78.14774693"><ele>449.550</ele><time>2026-02-23T08:03:23Z</time><speed>9.520</speed><sat>27</sat></trkpt>
  <trkpt lat="12.58720020" lon="78.14781491"><ele>449.660</ele><time>2026-02-23T08:03:24Z</time><speed>9.370</speed><sat>26</sat></trkpt>
  <trkpt lat="12.58713764" lon="78.14787996"><ele>449.889</ele><time>2026-02-23T08:03:25Z</time><speed>9.290</speed><sat>25</sat></trkpt>
  <trkpt lat="12.58707594" lon="78.14793711"><ele>449.645</ele><time>2026-02-23T08:03:26Z</time><speed>9.100</speed><sat>25</sat></trkpt>
  <trkpt lat="12.58702019" lon="78.14800428"><ele>449.498</ele><time>2026-02-23T08:03:27Z</time><speed>8.950</speed><sat>26</sat></trkpt>
  <trkpt lat="12.58696159" lon="78.14805972"><ele>448.941</ele><time>2026-02-23T08:03:28Z</time><speed>9.030</speed><sat>27</sat></trkpt>
  <trkpt lat="12.58690304" lon="78.14811514"><ele>448.104</ele><time>2026-02-23T08:03:29Z</time><speed>9.000</speed><sat>25</sat></trkpt>
  <trkpt lat="12.58684728" lon="78.14817794"><ele>447.199</ele><time>2026-02-23T08:03:30Z</time><speed>8.990</speed><sat>25</sat></trkpt>
  <trkpt lat="12.58679377" lon="78.14823742"><ele>446.686</ele><time>2026-02-23T08:03:31Z</time><speed>8.950</speed><sat>26</sat></trkpt>
  <trkpt lat="12.58674346" lon="78.14830373"><ele>446.199</ele><time>2026-02-23T08:03:32Z</time><speed>8.860</speed><sat>28</sat></trkpt>
  <trkpt lat="12.58669321" lon="78.14835615"><ele>445.093</ele><time>2026-02-23T08:03:33Z</time><speed>8.880</speed><sat>25</sat></trkpt>
  <trkpt lat="12.58663521" lon="78.14841619"><ele>445.350</ele><time>2026-02-23T08:03:34Z</time><speed>8.900</speed><sat>27</sat></trkpt>
  <trkpt lat="12.58658000" lon="78.14846989"><ele>444.793</ele><time>2026-02-23T08:03:35Z</time><speed>9.130</speed><sat>26</sat></trkpt>
  <trkpt lat="12.58652491" lon="78.14852634"><ele>444.521</ele><time>2026-02-23T08:03:36Z</time><speed>9.420</speed><sat>28</sat></trkpt>
  <trkpt lat="12.58646038" lon="78.14858999"><ele>444.774</ele><time>2026-02-23T08:03:37Z</time><speed>9.470</speed><sat>25</sat></trkpt>
  <trkpt lat="12.58639624" lon="78.14864796"><ele>444.373</ele><time>2026-02-23T08:03:38Z</time><speed>9.560</speed><sat>27</sat></trkpt>
  <trkpt lat="12.58633731" lon="78.14871592"><ele>444.836</ele><time>2026-02-23T08:03:39Z</time><speed>9.710</speed><sat>24</sat></trkpt>
  <trkpt lat="12.58627622" lon="78.14878169"><ele>444.541</ele><time>2026-02-23T08:03:40Z</time><speed>9.660</speed><sat>27</sat></trkpt>
  <trkpt lat="12.58621243" lon="78.14884548"><ele>444.790</ele><time>2026-02-23T08:03:41Z</time><speed>9.930</speed><sat>25</sat></trkpt>
  <trkpt lat="12.58614355" lon="78.14891282"><ele>444.723</ele><time>2026-02-23T08:03:42Z</time><speed>9.960</speed><sat>26</sat></trkpt>
  <trkpt lat="12.58608162" lon="78.14898062"><ele>444.925</ele><time>2026-02-23T08:03:43Z</time><speed>10.080</speed><sat>27</sat></trkpt>
  <trkpt lat="12.58601412" lon="78.14905259"><ele>444.635</ele><time>2026-02-23T08:03:44Z</time><speed>9.980</speed><sat>21</sat></trkpt>
  <trkpt lat="12.58594544" lon="78.14912174"><ele>444.471</ele><time>2026-02-23T08:03:45Z</time><speed>10.110</speed><sat>24</sat></trkpt>
  <trkpt lat="12.58588225" lon="78.14919053"><ele>444.267</ele><time>2026-02-23T08:03:46Z</time><speed>10.180</speed><sat>26</sat></trkpt>
  <trkpt lat="12.58581192" lon="78.14926287"><ele>444.338</ele><time>2026-02-23T08:03:47Z</time><speed>10.370</speed><sat>26</sat></trkpt>
  <trkpt lat="12.58574910" lon="78.14933227"><ele>444.521</ele><time>2026-02-23T08:03:48Z</time><speed>10.110</speed><sat>26</sat></trkpt>
  <trkpt lat="12.58567976" lon="78.14939380"><ele>444.668</ele><time>2026-02-23T08:03:49Z</time><speed>10.120</speed><sat>24</sat></trkpt>
  <trkpt lat="12.58561544" lon="78.14946235"><ele>444.897</ele><time>2026-02-23T08:03:50Z</time><speed>10.210</speed><sat>22</sat></trkpt>
  <trkpt lat="12.58555301" lon="78.14953367"><ele>445.030</ele><time>2026-02-23T08:03:51Z</time><speed>10.120</speed><sat>23</sat></trkpt>
  <trkpt lat="12.58549443" lon="78.14960586"><ele>445.114</ele><time>2026-02-23T08:03:52Z</time><speed>9.860</speed><sat>18</sat></trkpt>
  <trkpt lat="12.58543477" lon="78.14967340"><ele>444.798</ele><time>2026-02-23T08:03:53Z</time><speed>9.660</speed><sat>21</sat></trkpt>
  <trkpt lat="12.58538208" lon="78.14974069"><ele>444.013</ele><time>2026-02-23T08:03:54Z</time><speed>9.810</speed><sat>23</sat></trkpt>
  <trkpt lat="12.58532348" lon="78.14981282"><ele>444.419</ele><time>2026-02-23T08:03:55Z</time><speed>9.870</speed><sat>20</sat></trkpt>
  <trkpt lat="12.58526736" lon="78.14988476"><ele>444.914</ele><time>2026-02-23T08:03:56Z</time><speed>9.910</speed><sat>24</sat></trkpt>
  <trkpt lat="12.58521971" lon="78.14995871"><ele>445.421</ele><time>2026-02-23T08:03:57Z</time><speed>9.790</speed><sat>20</sat></trkpt>
  <trkpt lat="12.58516181" lon="78.15001983"><ele>444.737</ele><time>2026-02-23T08:03:58Z</time><speed>9.790</speed><sat>24</sat></trkpt>
  <trkpt lat="12.58511526" lon="78.15010209"><ele>445.047</ele><time>2026-02-23T08:03:59Z</time><speed>9.870</speed><sat>23</sat></trkpt>
  <trkpt lat="12.58507411" lon="78.15018462"><ele>445.112</ele><time>2026-02-23T08:04:00Z</time><speed>10.090</speed><sat>20</sat></trkpt>
  <trkpt lat="12.58503806" lon="78.15026428"><ele>445.325</ele><time>2026-02-23T08:04:01Z</time><speed>9.730</speed><sat>21</sat></trkpt>
  <trkpt lat="12.58499793" lon="78.15034381"><ele>445.244</ele><time>2026-02-23T08:04:02Z</time><speed>10.160</speed><sat>21</sat></trkpt>
  <trkpt lat="12.58494560" lon="78.15041515"><ele>444.770</ele><time>2026-02-23T08:04:03Z</time><speed>9.940</speed><sat>23</sat></trkpt>
  <trkpt lat="12.58490902" lon="78.15050942"><ele>444.420</ele><time>2026-02-23T08:04:04Z</time><speed>10.830</speed><sat>23</sat></trkpt>
  <trkpt lat="12.58487798" lon="78.15060232"><ele>445.280</ele><time>2026-02-23T08:04:05Z</time><speed>10.510</speed><sat>25</sat></trkpt>
  <trkpt lat="12.58484820" lon="78.15069392"><ele>445.671</ele><time>2026-02-23T08:04:06Z</time><speed>10.290</speed><sat>25</sat></trkpt>
  <trkpt lat="12.58482444" lon="78.15078536"><ele>446.200</ele><time>2026-02-23T08:04:07Z</time><speed>10.570</speed><sat>25</sat></trkpt>
  <trkpt lat="12.58479458" lon="78.15088196"><ele>446.533</ele><time>2026-02-23T08:04:08Z</time><speed>10.640</speed><sat>22</sat></trkpt>
  <trkpt lat="12.58476644" lon="78.15096998"><ele>446.557</ele><time>2026-02-23T08:04:09Z</time><speed>10.450</speed><sat>20</sat></trkpt>
  <trkpt lat="12.58474368" lon="78.15105367"><ele>446.595</ele><time>2026-02-23T08:04:10Z</time><speed>10.210</speed><sat>21</sat></trkpt>
  <trkpt lat="12.58472006" lon="78.15114899"><ele>446.520</ele><time>2026-02-23T08:04:11Z</time><speed>10.180</speed><sat>21</sat></trkpt>
  <trkpt lat="12.58469387" lon="78.15123766"><ele>447.089</ele><time>2026-02-23T08:04:12Z</time><speed>10.040</speed><sat>20</sat></trkpt>
  <trkpt lat="12.58466785" lon="78.15131640"><ele>447.320</ele><time>2026-02-23T08:04:13Z</time><speed>9.840</speed><sat>21</sat></trkpt>
  <trkpt lat="12.58464608" lon="78.15140463"><ele>447.164</ele><time>2026-02-23T08:04:14Z</time><speed>9.570</speed><sat>21</sat></trkpt>
  <trkpt lat="12.58463013" lon="78.15148789"><ele>447.040</ele><time>2026-02-23T08:04:15Z</time><speed>9.470</speed><sat>22</sat></trkpt>
  <trkpt lat="12.58461234" lon="78.15157326"><ele>447.287</ele><time>2026-02-23T08:04:16Z</time><speed>9.460</speed><sat>19</sat></trkpt>
  <trkpt lat="12.58457938" lon="78.15165232"><ele>444.950</ele><time>2026-02-23T08:04:17Z</time><speed>9.590</speed><sat>20</sat></trkpt>
  <trkpt lat="12.58455814" lon="78.15174255"><ele>445.461</ele><time>2026-02-23T08:04:18Z</time><speed>9.810</speed><sat>20</sat></trkpt>
  <trkpt lat="12.58454034" lon="78.15182729"><ele>445.853</ele><time>2026-02-23T08:04:19Z</time><speed>9.670</speed><sat>19</sat></trkpt>
  <trkpt lat="12.58451956" lon="78.15191516"><ele>444.929</ele><time>2026-02-23T08:04:20Z</time><speed>9.800</speed><sat>22</sat></trkpt>
  <trkpt lat="12.58450586" lon="78.15199131"><ele>443.891</ele><time>2026-02-23T08:04:21Z</time><speed>9.840</speed><sat>20</sat></trkpt>
  <trkpt lat="12.58449342" lon="78.15209722"><ele>443.517</ele><time>2026-02-23T08:04:22Z</time><speed>9.830</speed><sat>20</sat></trkpt>
  <trkpt lat="12.58447495" lon="78.15218166"><ele>442.916</ele><time>2026-02-23T08:04:23Z</time><speed>9.840</speed><sat>19</sat></trkpt>
  <trkpt lat="12.58445629" lon="78.15227825"><ele>442.569</ele><time>2026-02-23T08:04:24Z</time><speed>9.710</speed><sat>18</sat></trkpt>
  <trkpt lat="12.58445279" lon="78.15236636"><ele>444.158</ele><time>2026-02-23T08:04:25Z</time><speed>9.640</speed><sat>19</sat></trkpt>
  <trkpt lat="12.58444301" lon="78.15244967"><ele>445.603</ele><time>2026-02-23T08:04:26Z</time><speed>9.610</speed><sat>22</sat></trkpt>
  <trkpt lat="12.58442400" lon="78.15253723"><ele>445.640</ele><time>2026-02-23T08:04:27Z</time><speed>9.630</speed><sat>18</sat></trkpt>
  <trkpt lat="12.58439820" lon="78.15262423"><ele>445.631</ele><time>2026-02-23T08:04:28Z</time><speed>9.610</speed><sat>20</sat></trkpt>
  <trkpt lat="12.58437813" lon="78.15270979"><ele>446.473</ele><time>2026-02-23T08:04:29Z</time><speed>9.410</speed><sat>20</sat></trkpt>
  <trkpt lat="12.58435826" lon="78.15279083"><ele>447.105</ele><time>2026-02-23T08:04:30Z</time><speed>9.410</speed><sat>21</sat></trkpt>
  <trkpt lat="12.58433350" lon="78.15286422"><ele>447.160</ele><time>2026-02-23T08:04:31Z</time><speed>9.110</speed><sat>22</sat></trkpt>
  <trkpt lat="12.58430847" lon="78.15294812"><ele>446.270</ele><time>2026-02-23T08:04:32Z</time><speed>9.340</speed><sat>22</sat></trkpt>
  <trkpt lat="12.58427835" lon="78.15304444"><ele>445.300</ele><time>2026-02-23T08:04:33Z</time><speed>9.260</speed><sat>26</sat></trkpt>
  <trkpt lat="12.58424930" lon="78.15312797"><ele>445.139</ele><time>2026-02-23T08:04:34Z</time><speed>9.390</speed><sat>23</sat></trkpt>
  <trkpt lat="12.58421774" lon="78.15321553"><ele>444.926</ele><time>2026-02-23T08:04:35Z</time><speed>9.450</speed><sat>24</sat></trkpt>
  <trkpt lat="12.58418906" lon="78.15329075"><ele>444.770</ele><time>2026-02-23T08:04:36Z</time><speed>9.630</speed><sat>24</sat></trkpt>
  <trkpt lat="12.58415196" lon="78.15337662"><ele>444.702</ele><time>2026-02-23T08:04:37Z</time><speed>9.790</speed><sat>23</sat></trkpt>
  <trkpt lat="12.58411933" lon="78.15345841"><ele>443.953</ele><time>2026-02-23T08:04:38Z</time><speed>9.990</speed><sat>23</sat></trkpt>
  <trkpt lat="12.58408327" lon="78.15354770"><ele>443.660</ele><time>2026-02-23T08:04:39Z</time><speed>10.120</speed><sat>24</sat></trkpt>
  <trkpt lat="12.58405199" lon="78.15363268"><ele>442.921</ele><time>2026-02-23T08:04:40Z</time><speed>10.200</speed><sat>21</sat></trkpt>
  <trkpt lat="12.58401919" lon="78.15372042"><ele>443.390</ele><time>2026-02-23T08:04:41Z</time><speed>10.180</speed><sat>24</sat></trkpt>
  <trkpt lat="12.58397432" lon="78.15381121"><ele>444.602</ele><time>2026-02-23T08:04:42Z</time><speed>10.290</speed><sat>23</sat></trkpt>
  <trkpt lat="12.58394091" lon="78.15389819"><ele>443.797</ele><time>2026-02-23T08:04:43Z</time><speed>10.340</speed><sat>21</sat></trkpt>
  <trkpt lat="12.58390424" lon="78.15399041"><ele>443.064</ele><time>2026-02-23T08:04:44Z</time><speed>10.320</speed><sat>20</sat></trkpt>
  <trkpt lat="12.58386585" lon="78.15407766"><ele>443.452</ele><time>2026-02-23T08:04:45Z</time><speed>10.370</speed><sat>18</sat></trkpt>
  <trkpt lat="12.58383091" lon="78.15416172"><ele>443.217</ele><time>2026-02-23T08:04:46Z</time><speed>10.350</speed><sat>20</sat></trkpt>
  <trkpt lat="12.58379911" lon="78.15425066"><ele>443.559</ele><time>2026-02-23T08:04:47Z</time><speed>10.380</speed><sat>18</sat></trkpt>
  <trkpt lat="12.58376286" lon="78.15434136"><ele>442.812</ele><time>2026-02-23T08:04:48Z</time><speed>10.490</speed><sat>21</sat></trkpt>
  <trkpt lat="12.58372697" lon="78.15443774"><ele>442.560</ele><time>2026-02-23T08:04:49Z</time><speed>10.570</speed><sat>19</sat></trkpt>
  <trkpt lat="12.58368519" lon="78.15452540"><ele>442.512</ele><time>2026-02-23T08:04:50Z</time><speed>10.700</speed><sat>22</sat></trkpt>
  <trkpt lat="12.58364363" lon="78.15461250"><ele>441.505</ele><time>2026-02-23T08:04:51Z</time><speed>10.770</speed><sat>17</sat></trkpt>
  <trkpt lat="12.58360278" lon="78.15470500"><ele>441.317</ele><time>2026-02-23T08:04:52Z</time><speed>10.690</speed><sat>22</sat></trkpt>
  <trkpt lat="12.58356775" lon="78.15479616"><ele>441.903</ele><time>2026-02-23T08:04:53Z</time><speed>10.650</speed><sat>20</sat></trkpt>
  <trkpt lat="12.58352762" lon="78.15488749"><ele>441.061</ele><time>2026-02-23T08:04:54Z</time><speed>10.450</speed><sat>18</sat></trkpt>
  <trkpt lat="12.58349674" lon="78.15497492"><ele>440.267</ele><time>2026-02-23T08:04:55Z</time><speed>10.410</speed><sat>22</sat></trkpt>
  <trkpt lat="12.58345195" lon="78.15505211"><ele>440.426</ele><time>2026-02-23T08:04:56Z</time><speed>10.210</speed><sat>20</sat></trkpt>
  <trkpt lat="12.58341305" lon="78.15514552"><ele>440.121</ele><time>2026-02-23T08:04:57Z</time><speed>10.110</speed><sat>23</sat></trkpt>
  <trkpt lat="12.58337384" lon="78.15522412"><ele>440.429</ele><time>2026-02-23T08:04:58Z</time><speed>9.960</speed><sat>23</sat></trkpt>
  <trkpt lat="12.58334304" lon="78.15530740"><ele>440.175</ele><time>2026-02-23T08:04:59Z</time><speed>9.790</speed><sat>22</sat></trkpt>
  <trkpt lat="12.58330625" lon="78.15539792"><ele>439.549</ele><time>2026-02-23T08:05:00Z</time><speed>9.670</speed><sat>19</sat></trkpt>
  <trkpt lat="12.58327095" lon="78.15548121"><ele>439.294</ele><time>2026-02-23T08:05:01Z</time><speed>9.530</speed><sat>21</sat></trkpt>
  <trkpt lat="12.58323856" lon="78.15556371"><ele>439.324</ele><time>2026-02-23T08:05:02Z</time><speed>9.550</speed><sat>21</sat></trkpt>
  <trkpt lat="12.58320722" lon="78.15564876"><ele>438.923</ele><time>2026-02-23T08:05:03Z</time><speed>9.450</speed><sat>22</sat></trkpt>
  <trkpt lat="12.58317250" lon="78.15573049"><ele>438.809</ele><time>2026-02-23T08:05:04Z</time><speed>9.430</speed><sat>21</sat></trkpt>
  <trkpt lat="12.58313918" lon="78.15581184"><ele>439.227</ele><time>2026-02-23T08:05:05Z</time><speed>9.480</speed><sat>25</sat></trkpt>
  <trkpt lat="12.58310574" lon="78.15589161"><ele>439.494</ele><time>2026-02-23T08:05:06Z</time><speed>9.420</speed><sat>26</sat></trkpt>
  <trkpt lat="12.58306281" lon="78.15597531"><ele>439.747</ele><time>2026-02-23T08:05:07Z</time><speed>9.630</speed><sat>20</sat></trkpt>
  <trkpt lat="12.58303313" lon="78.15605317"><ele>440.174</ele><time>2026-02-23T08:05:08Z</time><speed>9.850</speed><sat>23</sat></trkpt>
  <trkpt lat="12.58299850" lon="78.15613977"><ele>440.283</ele><time>2026-02-23T08:05:09Z</time><speed>10.100</speed><sat>20</sat></trkpt>
  <trkpt lat="12.58295867" lon="78.15623128"><ele>439.431</ele><time>2026-02-23T08:05:10Z</time><speed>10.170</speed><sat>21</sat></trkpt>
  <trkpt lat="12.58293058" lon="78.15631771"><ele>440.387</ele><time>2026-02-23T08:05:11Z</time><speed>10.350</speed><sat>22</sat></trkpt>
  <trkpt lat="12.58289127" lon="78.15640555"><ele>440.031</ele><time>2026-02-23T08:05:12Z</time><speed>10.360</speed><sat>23</sat></trkpt>
  <trkpt lat="12.58285414" lon="78.15649092"><ele>439.515</ele><time>2026-02-23T08:05:13Z</time><speed>10.540</speed><sat>19</sat></trkpt>
  <trkpt lat="12.58282003" lon="78.15657401"><ele>441.096</ele><time>2026-02-23T08:05:14Z</time><speed>10.420</speed><sat>26</sat></trkpt>
  <trkpt lat="12.58277520" lon="78.15666345"><ele>440.978</ele><time>2026-02-23T08:05:15Z</time><speed>10.550</speed><sat>22</sat></trkpt>
  <trkpt lat="12.58274076" lon="78.15674960"><ele>441.333</ele><time>2026-02-23T08:05:16Z</time><speed>10.370</speed><sat>23</sat></trkpt>
  <trkpt lat="12.58271099" lon="78.15682791"><ele>440.463</ele><time>2026-02-23T08:05:17Z</time><speed>10.240</speed><sat>25</sat></trkpt>
  <trkpt lat="12.58267915" lon="78.15691356"><ele>440.007</ele><time>2026-02-23T08:05:18Z</time><speed>10.050</speed><sat>25</sat></trkpt>
  <trkpt lat="12.58264451" lon="78.15699755"><ele>439.727</ele><time>2026-02-23T08:05:19Z</time><speed>9.890</speed><sat>23</sat></trkpt>
  <trkpt lat="12.58261035" lon="78.15708036"><ele>440.170</ele><time>2026-02-23T08:05:20Z</time><speed>9.710</speed><sat>19</sat></trkpt>
  <trkpt lat="12.58257828" lon="78.15715894"><ele>439.242</ele><time>2026-02-23T08:05:21Z</time><speed>9.840</speed><sat>21</sat></trkpt>
  <trkpt lat="12.58254500" lon="78.15724428"><ele>439.815</ele><time>2026-02-23T08:05:22Z</time><speed>9.800</speed><sat>21</sat></trkpt>
  <trkpt lat="12.58251093" lon="78.15733035"><ele>439.696</ele><time>2026-02-23T08:05:23Z</time><speed>9.870</speed><sat>21</sat></trkpt>
  <trkpt lat="12.58247656" lon="78.15741469"><ele>439.605</ele><time>2026-02-23T08:05:24Z</time><speed>9.760</speed><sat>19</sat></trkpt>
  <trkpt lat="12.58244510" lon="78.15749635"><ele>439.004</ele><time>2026-02-23T08:05:25Z</time><speed>9.820</speed><sat>21</sat></trkpt>
  <trkpt lat="12.58241007" lon="78.15758226"><ele>438.971</ele><time>2026-02-23T08:05:26Z</time><speed>9.920</speed><sat>22</sat></trkpt>
  <trkpt lat="12.58237724" lon="78.15766856"><ele>438.747</ele><time>2026-02-23T08:05:27Z</time><speed>9.910</speed><sat>19</sat></trkpt>
  <trkpt lat="12.58234440" lon="78.15775180"><ele>439.215</ele><time>2026-02-23T08:05:28Z</time><speed>9.790</speed><sat>22</sat></trkpt>
  <trkpt lat="12.58230500" lon="78.15783547"><ele>438.796</ele><time>2026-02-23T08:05:29Z</time><speed>9.760</speed><sat>23</sat></trkpt>
  <trkpt lat="12.58227034" lon="78.15791718"><ele>438.795</ele><time>2026-02-23T08:05:30Z</time><speed>9.650</speed><sat>22</sat></trkpt>
  <trkpt lat="12.58223317" lon="78.15800034"><ele>438.917</ele><time>2026-02-23T08:05:31Z</time><speed>9.700</speed><sat>22</sat></trkpt>
  <trkpt lat="12.58220252" lon="78.15808305"><ele>439.341</ele><time>2026-02-23T08:05:32Z</time><speed>9.590</speed><sat>24</sat></trkpt>
  <trkpt lat="12.58217016" lon="78.15816712"><ele>438.928</ele><time>2026-02-23T08:05:33Z</time><speed>9.600</speed><sat>22</sat></trkpt>
  <trkpt lat="12.58213631" lon="78.15825131"><ele>438.439</ele><time>2026-02-23T08:05:34Z</time><speed>9.600</speed><sat>25</sat></trkpt>
  <trkpt lat="12.58210343" lon="78.15833337"><ele>438.406</ele><time>2026-02-23T08:05:35Z</time><speed>9.680</speed><sat>23</sat></trkpt>
  <trkpt lat="12.58206785" lon="78.15841369"><ele>438.630</ele><time>2026-02-23T08:05:36Z</time><speed>9.680</speed><sat>25</sat></trkpt>
  <trkpt lat="12.58203489" lon="78.15849807"><ele>438.619</ele><time>2026-02-23T08:05:37Z</time><speed>9.740</speed><sat>24</sat></trkpt>
  <trkpt lat="12.58199735" lon="78.15857967"><ele>438.509</ele><time>2026-02-23T08:05:38Z</time><speed>9.670</speed><sat>25</sat></trkpt>
  <trkpt lat="12.58196243" lon="78.15866853"><ele>438.424</ele><time>2026-02-23T08:05:39Z</time><speed>9.620</speed><sat>25</sat></trkpt>
  <trkpt lat="12.58192374" lon="78.15874777"><ele>438.532</ele><time>2026-02-23T08:05:40Z</time><speed>9.530</speed><sat>22</sat></trkpt>
  <trkpt lat="12.58188899" lon="78.15882907"><ele>438.571</ele><time>2026-02-23T08:05:41Z</time><speed>9.560</speed><sat>24</sat></trkpt>
  <trkpt lat="12.58185189" lon="78.15890555"><ele>438.563</ele><time>2026-02-23T08:05:42Z</time><speed>9.480</speed><sat>24</sat></trkpt>
  <trkpt lat="12.58181673" lon="78.15898328"><ele>438.905</ele><time>2026-02-23T08:05:43Z</time><speed>9.500</speed><sat>24</sat></trkpt>
  <trkpt lat="12.58177168" lon="78.15906791"><ele>438.524</ele><time>2026-02-23T08:05:44Z</time><speed>9.750</speed><sat>23</sat></trkpt>
  <trkpt lat="12.58172817" lon="78.15914597"><ele>438.370</ele><time>2026-02-23T08:05:45Z</time><speed>9.710</speed><sat>21</sat></trkpt>
  <trkpt lat="12.58168563" lon="78.15922673"><ele>438.055</ele><time>2026-02-23T08:05:46Z</time><speed>9.800</speed><sat>19</sat></trkpt>
  <trkpt lat="12.58164209" lon="78.15930795"><ele>438.215</ele><time>2026-02-23T08:05:47Z</time><speed>9.860</speed><sat>20</sat></trkpt>
  <trkpt lat="12.58159504" lon="78.15938739"><ele>438.148</ele><time>2026-02-23T08:05:48Z</time><speed>9.890</speed><sat>20</sat></trkpt>
  <trkpt lat="12.58155446" lon="78.15946503"><ele>437.926</ele><time>2026-02-23T08:05:49Z</time><speed>9.950</speed><sat>23</sat></trkpt>
  <trkpt lat="12.58150728" lon="78.15954446"><ele>438.287</ele><time>2026-02-23T08:05:50Z</time><speed>9.950</speed><sat>23</sat></trkpt>
  <trkpt lat="12.58145600" lon="78.15962579"><ele>438.614</ele><time>2026-02-23T08:05:51Z</time><speed>10.110</speed><sat>26</sat></trkpt>
  <trkpt lat="12.58140383" lon="78.15970638"><ele>438.504</ele><time>2026-02-23T08:05:52Z</time><speed>10.260</speed><sat>25</sat></trkpt>
  <trkpt lat="12.58135005" lon="78.15978183"><ele>438.125</ele><time>2026-02-23T08:05:53Z</time><speed>10.340</speed><sat>26</sat></trkpt>
  <trkpt lat="12.58129496" lon="78.15985957"><ele>437.808</ele><time>2026-02-23T08:05:54Z</time><speed>10.500</speed><sat>22</sat></trkpt>
  <trkpt lat="12.58123807" lon="78.15993828"><ele>437.506</ele><time>2026-02-23T08:05:55Z</time><speed>10.580</speed><sat>24</sat></trkpt>
  <trkpt lat="12.58117758" lon="78.16001553"><ele>437.655</ele><time>2026-02-23T08:05:56Z</time><speed>10.690</speed><sat>21</sat></trkpt>
  <trkpt lat="12.58111731" lon="78.16009159"><ele>437.583</ele><time>2026-02-23T08:05:57Z</time><speed>10.640</speed><sat>23</sat></trkpt>
  <trkpt lat="12.58105654" lon="78.16017266"><ele>437.296</ele><time>2026-02-23T08:05:58Z</time><speed>10.670</speed><sat>22</sat></trkpt>
  <trkpt lat="12.58099607" lon="78.16025014"><ele>437.255</ele><time>2026-02-23T08:05:59Z</time><speed>10.740</speed><sat>22</sat></trkpt>
  <trkpt lat="12.58093304" lon="78.16031781"><ele>436.085</ele><time>2026-02-23T08:06:00Z</time><speed>10.870</speed><sat>24</sat></trkpt>
  <trkpt lat="12.58086936" lon="78.16039325"><ele>436.304</ele><time>2026-02-23T08:06:01Z</time><speed>10.900</speed><sat>24</sat></trkpt>
  <trkpt lat="12.58080600" lon="78.16046544"><ele>435.912</ele><time>2026-02-23T08:06:02Z</time><speed>10.790</speed><sat>22</sat></trkpt>
  <trkpt lat="12.58074446" lon="78.16054372"><ele>435.711</ele><time>2026-02-23T08:06:03Z</time><speed>10.830</speed><sat>23</sat></trkpt>
  <trkpt lat="12.58068627" lon="78.16061876"><ele>435.530</ele><time>2026-02-23T08:06:04Z</time><speed>10.550</speed><sat>22</sat></trkpt>
  <trkpt lat="12.58062578" lon="78.16068914"><ele>436.496</ele><time>2026-02-23T08:06:05Z</time><speed>10.300</speed><sat>19</sat></trkpt>
  <trkpt lat="12.58056794" lon="78.16076637"><ele>436.155</ele><time>2026-02-23T08:06:06Z</time><speed>9.990</speed><sat>24</sat></trkpt>
  <trkpt lat="12.58050530" lon="78.16083400"><ele>436.141</ele><time>2026-02-23T08:06:07Z</time><speed>9.710</speed><sat>25</sat></trkpt>
  <trkpt lat="12.58044483" lon="78.16089718"><ele>435.632</ele><time>2026-02-23T08:06:08Z</time><speed>9.480</speed><sat>22</sat></trkpt>
  <trkpt lat="12.58039066" lon="78.16096154"><ele>434.889</ele><time>2026-02-23T08:06:09Z</time><speed>9.260</speed><sat>24</sat></trkpt>
  <trkpt lat="12.58033801" lon="78.16102940"><ele>435.293</ele><time>2026-02-23T08:06:10Z</time><speed>9.310</speed><sat>22</sat></trkpt>
  <trkpt lat="12.58027818" lon="78.16109672"><ele>433.950</ele><time>2026-02-23T08:06:11Z</time><speed>9.650</speed><sat>24</sat></trkpt>
  <trkpt lat="12.58022521" lon="78.16116454"><ele>433.642</ele><time>2026-02-23T08:06:12Z</time><speed>9.770</speed><sat>21</sat></trkpt>
  <trkpt lat="12.58016659" lon="78.16123511"><ele>433.267</ele><time>2026-02-23T08:06:13Z</time><speed>9.710</speed><sat>22</sat></trkpt>
  <trkpt lat="12.58011186" lon="78.16130175"><ele>433.152</ele><time>2026-02-23T08:06:14Z</time><speed>9.610</speed><sat>22</sat></trkpt>
  <trkpt lat="12.58006090" lon="78.16136836"><ele>433.236</ele><time>2026-02-23T08:06:15Z</time><speed>9.480</speed><sat>22</sat></trkpt>
  <trkpt lat="12.57999656" lon="78.16143118"><ele>432.470</ele><time>2026-02-23T08:06:16Z</time><speed>9.350</speed><sat>23</sat></trkpt>
  <trkpt lat="12.57995044" lon="78.16148263"><ele>430.802</ele><time>2026-02-23T08:06:17Z</time><speed>9.350</speed><sat>24</sat></trkpt>
  <trkpt lat="12.57989122" lon="78.16154764"><ele>430.831</ele><time>2026-02-23T08:06:18Z</time><speed>9.380</speed><sat>23</sat></trkpt>
  <trkpt lat="12.57983681" lon="78.16161472"><ele>430.854</ele><time>2026-02-23T08:06:19Z</time><speed>9.460</speed><sat>22</sat></trkpt>
  <trkpt lat="12.57977922" lon="78.16168027"><ele>431.351</ele><time>2026-02-23T08:06:20Z</time><speed>9.540</speed><sat>19</sat></trkpt>
  <trkpt lat="12.57972741" lon="78.16175241"><ele>431.048</ele><time>2026-02-23T08:06:21Z</time><speed>9.580</speed><sat>21</sat></trkpt>
  <trkpt lat="12.57967128" lon="78.16181571"><ele>430.999</ele><time>2026-02-23T08:06:22Z</time><speed>9.670</speed><sat>21</sat></trkpt>
  <trkpt lat="12.57961821" lon="78.16188590"><ele>431.706</ele><time>2026-02-23T08:06:23Z</time><speed>9.820</speed><sat>20</sat></trkpt>
  <trkpt lat="12.57956793" lon="78.16195851"><ele>431.829</ele><time>2026-02-23T08:06:24Z</time><speed>10.020</speed><sat>23</sat></trkpt>
  <trkpt lat="12.57950777" lon="78.16202769"><ele>431.959</ele><time>2026-02-23T08:06:25Z</time><speed>9.960</speed><sat>22</sat></trkpt>
  <trkpt lat="12.57944919" lon="78.16209960"><ele>431.925</ele><time>2026-02-23T08:06:26Z</time><speed>10.110</speed><sat>24</sat></trkpt>
  <trkpt lat="12.57938817" lon="78.16217392"><ele>431.752</ele><time>2026-02-23T08:06:27Z</time><speed>10.260</speed><sat>25</sat></trkpt>
  <trkpt lat="12.57932497" lon="78.16224233"><ele>430.939</ele><time>2026-02-23T08:06:28Z</time><speed>10.360</speed><sat>24</sat></trkpt>
  <trkpt lat="12.57926251" lon="78.16231940"><ele>430.134</ele><time>2026-02-23T08:06:29Z</time><speed>10.530</speed><sat>25</sat></trkpt>
  <trkpt lat="12.57920071" lon="78.16239439"><ele>430.052</ele><time>2026-02-23T08:06:30Z</time><speed>10.600</speed><sat>22</sat></trkpt>
  <trkpt lat="12.57913583" lon="78.16247168"><ele>429.749</ele><time>2026-02-23T08:06:31Z</time><speed>10.630</speed><sat>20</sat></trkpt>
  <trkpt lat="12.57907317" lon="78.16255062"><ele>429.124</ele><time>2026-02-23T08:06:32Z</time><speed>10.830</speed><sat>19</sat></trkpt>
  <trkpt lat="12.57900791" lon="78.16262146"><ele>428.205</ele><time>2026-02-23T08:06:33Z</time><speed>10.880</speed><sat>22</sat></trkpt>
  <trkpt lat="12.57894528" lon="78.16269892"><ele>427.711</ele><time>2026-02-23T08:06:34Z</time><speed>10.970</speed><sat>21</sat></trkpt>
  <trkpt lat="12.57888489" lon="78.16277534"><ele>427.351</ele><time>2026-02-23T08:06:35Z</time><speed>10.890</speed><sat>22</sat></trkpt>
  <trkpt lat="12.57882133" lon="78.16285445"><ele>426.846</ele><time>2026-02-23T08:06:36Z</time><speed>10.650</speed><sat>23</sat></trkpt>
  <trkpt lat="12.57875982" lon="78.16293069"><ele>426.799</ele><time>2026-02-23T08:06:37Z</time><speed>10.340</speed><sat>24</sat></trkpt>
  <trkpt lat="12.57870260" lon="78.16300562"><ele>426.440</ele><time>2026-02-23T08:06:38Z</time><speed>10.230</speed><sat>23</sat></trkpt>
  <trkpt lat="12.57864261" lon="78.16307993"><ele>426.567</ele><time>2026-02-23T08:06:39Z</time><speed>10.050</speed><sat>22</sat></trkpt>
  <trkpt lat="12.57857926" lon="78.16314396"><ele>426.951</ele><time>2026-02-23T08:06:40Z</time><speed>9.910</speed><sat>23</sat></trkpt>
  <trkpt lat="12.57851749" lon="78.16320691"><ele>426.439</ele><time>2026-02-23T08:06:41Z</time><speed>9.940</speed><sat>22</sat></trkpt>
  <trkpt lat="12.57846204" lon="78.16327554"><ele>426.528</ele><time>2026-02-23T08:06:42Z</time><speed>9.760</speed><sat>22</sat></trkpt>
  <trkpt lat="12.57840849" lon="78.16334906"><ele>427.108</ele><time>2026-02-23T08:06:43Z</time><speed>9.830</speed><sat>18</sat></trkpt>
  <trkpt lat="12.57835475" lon="78.16341859"><ele>427.012</ele><time>2026-02-23T08:06:44Z</time><speed>9.670</speed><sat>22</sat></trkpt>
  <trkpt lat="12.57829994" lon="78.16348382"><ele>427.539</ele><time>2026-02-23T08:06:45Z</time><speed>9.620</speed><sat>23</sat></trkpt>
  <trkpt lat="12.57824374" lon="78.16355543"><ele>428.067</ele><time>2026-02-23T08:06:46Z</time><speed>9.450</speed><sat>23</sat></trkpt>
  <trkpt lat="12.57819588" lon="78.16362309"><ele>428.014</ele><time>2026-02-23T08:06:47Z</time><speed>9.470</speed><sat>24</sat></trkpt>
  <trkpt lat="12.57814615" lon="78.16369324"><ele>428.443</ele><time>2026-02-23T08:06:48Z</time><speed>9.540</speed><sat>22</sat></trkpt>
  <trkpt lat="12.57809447" lon="78.16375942"><ele>427.521</ele><time>2026-02-23T08:06:49Z</time><speed>9.590</speed><sat>22</sat></trkpt>
  <trkpt lat="12.57803620" lon="78.16383025"><ele>427.268</ele><time>2026-02-23T08:06:50Z</time><speed>9.840</speed><sat>26</sat></trkpt>
  <trkpt lat="12.57798217" lon="78.16389851"><ele>427.043</ele><time>2026-02-23T08:06:51Z</time><speed>10.050</speed><sat>24</sat></trkpt>
  <trkpt lat="12.57793266" lon="78.16397528"><ele>427.105</ele><time>2026-02-23T08:06:52Z</time><speed>9.990</speed><sat>24</sat></trkpt>
  <trkpt lat="12.57787235" lon="78.16404911"><ele>426.787</ele><time>2026-02-23T08:06:53Z</time><speed>9.870</speed><sat>24</sat></trkpt>
  <trkpt lat="12.57782072" lon="78.16412899"><ele>426.096</ele><time>2026-02-23T08:06:54Z</time><speed>9.740</speed><sat>25</sat></trkpt>
  <trkpt lat="12.57777763" lon="78.16420218"><ele>425.699</ele><time>2026-02-23T08:06:55Z</time><speed>9.790</speed><sat>22</sat></trkpt>
  <trkpt lat="12.57773033" lon="78.16428098"><ele>425.207</ele><time>2026-02-23T08:06:56Z</time><speed>9.610</speed><sat>24</sat></trkpt>
  <trkpt lat="12.57768687" lon="78.16435514"><ele>426.056</ele><time>2026-02-23T08:06:57Z</time><speed>9.520</speed><sat>24</sat></trkpt>
  <trkpt lat="12.57763802" lon="78.16442319"><ele>425.810</ele><time>2026-02-23T08:06:58Z</time><speed>9.400</speed><sat>24</sat></trkpt>
  <trkpt lat="12.57758424" lon="78.16449150"><ele>425.886</ele><time>2026-02-23T08:06:59Z</time><speed>9.270</speed><sat>26</sat></trkpt>
  <trkpt lat="12.57754234" lon="78.16456725"><ele>425.234</ele><time>2026-02-23T08:07:00Z</time><speed>9.210</speed><sat>25</sat></trkpt>
  <trkpt lat="12.57749752" lon="78.16463905"><ele>425.117</ele><time>2026-02-23T08:07:01Z</time><speed>9.110</speed><sat>20</sat></trkpt>
  <trkpt lat="12.57745424" lon="78.16470680"><ele>424.563</ele><time>2026-02-23T08:07:02Z</time><speed>9.110</speed><sat>24</sat></trkpt>
  <trkpt lat="12.57740724" lon="78.16477694"><ele>424.021</ele><time>2026-02-23T08:07:03Z</time><speed>8.940</speed><sat>24</sat></trkpt>
  <trkpt lat="12.57736094" lon="78.16485110"><ele>424.045</ele><time>2026-02-23T08:07:04Z</time><speed>8.930</speed><sat>21</sat></trkpt>
  <trkpt lat="12.57731658" lon="78.16492037"><ele>424.253</ele><time>2026-02-23T08:07:05Z</time><speed>8.990</speed><sat>22</sat></trkpt>
  <trkpt lat="12.57727596" lon="78.16499387"><ele>424.453</ele><time>2026-02-23T08:07:06Z</time><speed>9.160</speed><sat>23</sat></trkpt>
  <trkpt lat="12.57722838" lon="78.16507137"><ele>423.959</ele><time>2026-02-23T08:07:07Z</time><speed>9.170</speed><sat>23</sat></trkpt>
  <trkpt lat="12.57718706" lon="78.16514253"><ele>423.777</ele><time>2026-02-23T08:07:08Z</time><speed>9.320</speed><sat>22</sat></trkpt>
  <trkpt lat="12.57714304" lon="78.16521639"><ele>423.283</ele><time>2026-02-23T08:07:09Z</time><speed>9.320</speed><sat>23</sat></trkpt>
  <trkpt lat="12.57709925" lon="78.16528464"><ele>422.804</ele><time>2026-02-23T08:07:10Z</time><speed>9.350</speed><sat>24</sat></trkpt>
  <trkpt lat="12.57705543" lon="78.16536224"><ele>422.898</ele><time>2026-02-23T08:07:11Z</time><speed>9.470</speed><sat>20</sat></trkpt>
  <trkpt lat="12.57700751" lon="78.16543972"><ele>423.160</ele><time>2026-02-23T08:07:12Z</time><speed>9.460</speed><sat>22</sat></trkpt>
  <trkpt lat="12.57696229" lon="78.16551217"><ele>423.128</ele><time>2026-02-23T08:07:13Z</time><speed>9.570</speed><sat>22</sat></trkpt>
  <trkpt lat="12.57691543" lon="78.16559012"><ele>423.144</ele><time>2026-02-23T08:07:14Z</time><speed>9.590</speed><sat>22</sat></trkpt>
  <trkpt lat="12.57687587" lon="78.16566436"><ele>423.367</ele><time>2026-02-23T08:07:15Z</time><speed>9.590</speed><sat>14</sat></trkpt>
  <trkpt lat="12.57683667" lon="78.16574140"><ele>424.117</ele><time>2026-02-23T08:07:16Z</time><speed>9.190</speed><sat>23</sat></trkpt>
  <trkpt lat="12.57679049" lon="78.16581742"><ele>423.673</ele><time>2026-02-23T08:07:17Z</time><speed>9.480</speed><sat>23</sat></trkpt>
  <trkpt lat="12.57674937" lon="78.16589013"><ele>423.839</ele><time>2026-02-23T08:07:18Z</time><speed>9.400</speed><sat>22</sat></trkpt>
  <trkpt lat="12.57670646" lon="78.16596558"><ele>424.228</ele><time>2026-02-23T08:07:19Z</time><speed>9.510</speed><sat>24</sat></trkpt>
  <trkpt lat="12.57665529" lon="78.16604286"><ele>424.681</ele><time>2026-02-23T08:07:20Z</time><speed>9.780</speed><sat>22</sat></trkpt>
  <trkpt lat="12.57661143" lon="78.16611968"><ele>424.878</ele><time>2026-02-23T08:07:21Z</time><speed>9.730</speed><sat>19</sat></trkpt>
  <trkpt lat="12.57655781" lon="78.16619905"><ele>424.930</ele><time>2026-02-23T08:07:22Z</time><speed>9.790</speed><sat>20</sat></trkpt>
  <trkpt lat="12.57651235" lon="78.16627556"><ele>424.981</ele><time>2026-02-23T08:07:23Z</time><speed>9.830</speed><sat>17</sat></trkpt>
  <trkpt lat="12.57646732" lon="78.16634951"><ele>425.453</ele><time>2026-02-23T08:07:24Z</time><speed>9.780</speed><sat>19</sat></trkpt>
  <trkpt lat="12.57642454" lon="78.16642535"><ele>425.460</ele><time>2026-02-23T08:07:25Z</time><speed>9.730</speed><sat>18</sat></trkpt>
  <trkpt lat="12.57638305" lon="78.16649995"><ele>425.496</ele><time>2026-02-23T08:07:26Z</time><speed>9.610</speed><sat>17</sat></trkpt>
  <trkpt lat="12.57632449" lon="78.16657788"><ele>425.682</ele><time>2026-02-23T08:07:27Z</time><speed>9.680</speed><sat>18</sat></trkpt>
  <trkpt lat="12.57628135" lon="78.16665084"><ele>426.854</ele><time>2026-02-23T08:07:28Z</time><speed>9.720</speed><sat>17</sat></trkpt>
  <trkpt lat="12.57623940" lon="78.16672031"><ele>427.644</ele><time>2026-02-23T08:07:29Z</time><speed>9.500</speed><sat>17</sat></trkpt>
  <trkpt lat="12.57619367" lon="78.16679312"><ele>428.407</ele><time>2026-02-23T08:07:30Z</time><speed>9.530</speed><sat>17</sat></trkpt>
  <trkpt lat="12.57614891" lon="78.16686445"><ele>428.249</ele><time>2026-02-23T08:07:31Z</time><speed>9.300</speed><sat>18</sat></trkpt>
  <trkpt lat="12.57611138" lon="78.16693648"><ele>429.721</ele><time>2026-02-23T08:07:32Z</time><speed>9.190</speed><sat>15</sat></trkpt>
  <trkpt lat="12.57606477" lon="78.16700956"><ele>429.620</ele><time>2026-02-23T08:07:33Z</time><speed>9.470</speed><sat>17</sat></trkpt>
  <trkpt lat="12.57602054" lon="78.16708474"><ele>430.151</ele><time>2026-02-23T08:07:34Z</time><speed>9.600</speed><sat>16</sat></trkpt>
  <trkpt lat="12.57597912" lon="78.16715911"><ele>430.313</ele><time>2026-02-23T08:07:35Z</time><speed>9.620</speed><sat>16</sat></trkpt>
  <trkpt lat="12.57593606" lon="78.16723602"><ele>430.425</ele><time>2026-02-23T08:07:36Z</time><speed>9.670</speed><sat>17</sat></trkpt>
  <trkpt lat="12.57589020" lon="78.16731278"><ele>430.732</ele><time>2026-02-23T08:07:37Z</time><speed>9.600</speed><sat>17</sat></trkpt>
  <trkpt lat="12.57584111" lon="78.16738931"><ele>431.078</ele><time>2026-02-23T08:07:38Z</time><speed>9.600</speed><sat>18</sat></trkpt>
  <trkpt lat="12.57579301" lon="78.16746799"><ele>431.105</ele><time>2026-02-23T08:07:39Z</time><speed>9.650</speed><sat>17</sat></trkpt>
  <trkpt lat="12.57574356" lon="78.16754744"><ele>431.252</ele><time>2026-02-23T08:07:40Z</time><speed>9.590</speed><sat>18</sat></trkpt>
  <trkpt lat="12.57569833" lon="78.16762237"><ele>431.424</ele><time>2026-02-23T08:07:41Z</time><speed>9.570</speed><sat>17</sat></trkpt>
  <trkpt lat="12.57564996" lon="78.16770206"><ele>432.102</ele><time>2026-02-23T08:07:42Z</time><speed>9.610</speed><sat>19</sat></trkpt>
  <trkpt lat="12.57560503" lon="78.16777679"><ele>432.164</ele><time>2026-02-23T08:07:43Z</time><speed>9.600</speed><sat>16</sat></trkpt>
  <trkpt lat="12.57555972" lon="78.16784881"><ele>432.481</ele><time>2026-02-23T08:07:44Z</time><speed>9.550</speed><sat>19</sat></trkpt>
  <trkpt lat="12.57550994" lon="78.16792355"><ele>432.347</ele><time>2026-02-23T08:07:45Z</time><speed>9.580</speed><sat>18</sat></trkpt>
  <trkpt lat="12.57546503" lon="78.16799707"><ele>431.872</ele><time>2026-02-23T08:07:46Z</time><speed>9.680</speed><sat>14</sat></trkpt>
  <trkpt lat="12.57541381" lon="78.16806953"><ele>432.181</ele><time>2026-02-23T08:07:47Z</time><speed>9.970</speed><sat>20</sat></trkpt>
  <trkpt lat="12.57536370" lon="78.16814370"><ele>431.114</ele><time>2026-02-23T08:07:48Z</time><speed>10.040</speed><sat>18</sat></trkpt>
  <trkpt lat="12.57529936" lon="78.16821561"><ele>431.132</ele><time>2026-02-23T08:07:49Z</time><speed>10.070</speed><sat>19</sat></trkpt>
  <trkpt lat="12.57524696" lon="78.16828496"><ele>430.852</ele><time>2026-02-23T08:07:50Z</time><speed>9.900</speed><sat>20</sat></trkpt>
  <trkpt lat="12.57519249" lon="78.16835102"><ele>430.617</ele><time>2026-02-23T08:07:51Z</time><speed>9.750</speed><sat>16</sat></trkpt>
  <trkpt lat="12.57514000" lon="78.16841380"><ele>430.243</ele><time>2026-02-23T08:07:52Z</time><speed>9.920</speed><sat>17</sat></trkpt>
  <trkpt lat="12.57507867" lon="78.16848405"><ele>430.248</ele><time>2026-02-23T08:07:53Z</time><speed>10.080</speed><sat>15</sat></trkpt>
  <trkpt lat="12.57501599" lon="78.16855120"><ele>430.427</ele><time>2026-02-23T08:07:54Z</time><speed>10.050</speed><sat>16</sat></trkpt>
  <trkpt lat="12.57495708" lon="78.16861528"><ele>429.708</ele><time>2026-02-23T08:07:55Z</time><speed>10.040</speed><sat>19</sat></trkpt>
  <trkpt lat="12.57489606" lon="78.16867621"><ele>429.220</ele><time>2026-02-23T08:07:56Z</time><speed>10.110</speed><sat>17</sat></trkpt>
  <trkpt lat="12.57483051" lon="78.16873764"><ele>429.449</ele><time>2026-02-23T08:07:57Z</time><speed>10.250</speed><sat>20</sat></trkpt>
  <trkpt lat="12.57475892" lon="78.16880143"><ele>429.262</ele><time>2026-02-23T08:07:58Z</time><speed>10.150</speed><sat>20</sat></trkpt>
  <trkpt lat="12.57468717" lon="78.16886115"><ele>429.850</ele><time>2026-02-23T08:07:59Z</time><speed>10.230</speed><sat>18</sat></trkpt>
  <trkpt lat="12.57460345" lon="78.16891469"><ele>425.607</ele><time>2026-02-23T08:08:00Z</time><speed>10.240</speed><sat>19</sat></trkpt>
  <trkpt lat="12.57453455" lon="78.16897727"><ele>425.500</ele><time>2026-02-23T08:08:01Z</time><speed>10.220</speed><sat>19</sat></trkpt>
  <trkpt lat="12.57446124" lon="78.16904933"><ele>427.117</ele><time>2026-02-23T08:08:02Z</time><speed>9.810</speed><sat>20</sat></trkpt>
  <trkpt lat="12.57439498" lon="78.16910717"><ele>427.110</ele><time>2026-02-23T08:08:03Z</time><speed>9.760</speed><sat>19</sat></trkpt>
  <trkpt lat="12.57433074" lon="78.16916487"><ele>426.750</ele><time>2026-02-23T08:08:04Z</time><speed>9.930</speed><sat>17</sat></trkpt>
  <trkpt lat="12.57426740" lon="78.16922098"><ele>426.053</ele><time>2026-02-23T08:08:05Z</time><speed>9.830</speed><sat>22</sat></trkpt>
  <trkpt lat="12.57419961" lon="78.16927303"><ele>424.898</ele><time>2026-02-23T08:08:06Z</time><speed>9.980</speed><sat>23</sat></trkpt>
  <trkpt lat="12.57412996" lon="78.16932975"><ele>424.630</ele><time>2026-02-23T08:08:07Z</time><speed>10.000</speed><sat>23</sat></trkpt>
  <trkpt lat="12.57405081" lon="78.16939023"><ele>424.892</ele><time>2026-02-23T08:08:08Z</time><speed>10.140</speed><sat>22</sat></trkpt>
  <trkpt lat="12.57398062" lon="78.16945056"><ele>425.227</ele><time>2026-02-23T08:08:09Z</time><speed>10.000</speed><sat>22</sat></trkpt>
  <trkpt lat="12.57391671" lon="78.16950754"><ele>425.264</ele><time>2026-02-23T08:08:10Z</time><speed>9.930</speed><sat>19</sat></trkpt>
  <trkpt lat="12.57383970" lon="78.16957024"><ele>425.261</ele><time>2026-02-23T08:08:11Z</time><speed>9.860</speed><sat>19</sat></trkpt>
  <trkpt lat="12.57377036" lon="78.16962930"><ele>424.716</ele><time>2026-02-23T08:08:12Z</time><speed>9.670</speed><sat>20</sat></trkpt>
  <trkpt lat="12.57370633" lon="78.16968443"><ele>424.536</ele><time>2026-02-23T08:08:13Z</time><speed>9.820</speed><sat>20</sat></trkpt>
  <trkpt lat="12.57364186" lon="78.16974225"><ele>424.247</ele><time>2026-02-23T08:08:14Z</time><speed>9.920</speed><sat>20</sat></trkpt>
  <trkpt lat="12.57356967" lon="78.16980500"><ele>424.115</ele><time>2026-02-23T08:08:15Z</time><speed>9.960</speed><sat>16</sat></trkpt>
  <trkpt lat="12.57350199" lon="78.16986665"><ele>424.003</ele><time>2026-02-23T08:08:16Z</time><speed>9.990</speed><sat>17</sat></trkpt>
  <trkpt lat="12.57342996" lon="78.16992460"><ele>424.156</ele><time>2026-02-23T08:08:17Z</time><speed>10.090</speed><sat>18</sat></trkpt>
  <trkpt lat="12.57335762" lon="78.16998119"><ele>423.601</ele><time>2026-02-23T08:08:18Z</time><speed>9.970</speed><sat>17</sat></trkpt>
  <trkpt lat="12.57329030" lon="78.17003548"><ele>423.883</ele><time>2026-02-23T08:08:19Z</time><speed>9.980</speed><sat>17</sat></trkpt>
  <trkpt lat="12.57322096" lon="78.17009502"><ele>424.208</ele><time>2026-02-23T08:08:20Z</time><speed>9.870</speed><sat>18</sat></trkpt>
  <trkpt lat="12.57315370" lon="78.17015377"><ele>424.073</ele><time>2026-02-23T08:08:21Z</time><speed>9.890</speed><sat>17</sat></trkpt>
  <trkpt lat="12.57307154" lon="78.17021088"><ele>424.649</ele><time>2026-02-23T08:08:22Z</time><speed>9.840</speed><sat>20</sat></trkpt>
  <trkpt lat="12.57300213" lon="78.17026524"><ele>425.172</ele><time>2026-02-23T08:08:23Z</time><speed>9.880</speed><sat>20</sat></trkpt>
  <trkpt lat="12.57291220" lon="78.17030035"><ele>424.153</ele><time>2026-02-23T08:08:24Z</time><speed>9.760</speed><sat>20</sat></trkpt>
  <trkpt lat="12.57283977" lon="78.17035766"><ele>424.255</ele><time>2026-02-23T08:08:25Z</time><speed>9.850</speed><sat>19</sat></trkpt>
  <trkpt lat="12.57277251" lon="78.17041442"><ele>424.611</ele><time>2026-02-23T08:08:26Z</time><speed>10.030</speed><sat>19</sat></trkpt>
  <trkpt lat="12.57270504" lon="78.17048381"><ele>426.280</ele><time>2026-02-23T08:08:27Z</time><speed>10.000</speed><sat>16</sat></trkpt>
  <trkpt lat="12.57263135" lon="78.17054208"><ele>426.063</ele><time>2026-02-23T08:08:28Z</time><speed>10.180</speed><sat>15</sat></trkpt>
  <trkpt lat="12.57256514" lon="78.17060050"><ele>425.757</ele><time>2026-02-23T08:08:29Z</time><speed>10.110</speed><sat>18</sat></trkpt>
  <trkpt lat="12.57249777" lon="78.17065718"><ele>425.630</ele><time>2026-02-23T08:08:30Z</time><speed>10.310</speed><sat>18</sat></trkpt>
  <trkpt lat="12.57242976" lon="78.17071667"><ele>424.909</ele><time>2026-02-23T08:08:31Z</time><speed>10.270</speed><sat>18</sat></trkpt>
  <trkpt lat="12.57236255" lon="78.17077431"><ele>424.481</ele><time>2026-02-23T08:08:32Z</time><speed>10.340</speed><sat>19</sat></trkpt>
  <trkpt lat="12.57228775" lon="78.17083853"><ele>424.763</ele><time>2026-02-23T08:08:33Z</time><speed>10.300</speed><sat>19</sat></trkpt>
  <trkpt lat="12.57221932" lon="78.17089883"><ele>424.653</ele><time>2026-02-23T08:08:34Z</time><speed>10.270</speed><sat>14</sat></trkpt>
  <trkpt lat="12.57214800" lon="78.17095533"><ele>424.988</ele><time>2026-02-23T08:08:35Z</time><speed>10.180</speed><sat>17</sat></trkpt>
  <trkpt lat="12.57207817" lon="78.17101417"><ele>425.001</ele><time>2026-02-23T08:08:36Z</time><speed>10.230</speed><sat>14</sat></trkpt>
  <trkpt lat="12.57200645" lon="78.17106731"><ele>425.267</ele><time>2026-02-23T08:08:37Z</time><speed>10.150</speed><sat>15</sat></trkpt>
  <trkpt lat="12.57193344" lon="78.17112845"><ele>425.413</ele><time>2026-02-23T08:08:38Z</time><speed>10.150</speed><sat>16</sat></trkpt>
  <trkpt lat="12.57186510" lon="78.17118575"><ele>425.320</ele><time>2026-02-23T08:08:39Z</time><speed>10.100</speed><sat>17</sat></trkpt>
  <trkpt lat="12.57179726" lon="78.17125065"><ele>424.608</ele><time>2026-02-23T08:08:40Z</time><speed>10.070</speed><sat>17</sat></trkpt>
  <trkpt lat="12.57174434" lon="78.17133395"><ele>422.836</ele><time>2026-02-23T08:08:41Z</time><speed>10.020</speed><sat>16</sat></trkpt>
  <trkpt lat="12.57167198" lon="78.17139623"><ele>422.871</ele><time>2026-02-23T08:08:42Z</time><speed>10.240</speed><sat>14</sat></trkpt>
  <trkpt lat="12.57160351" lon="78.17145877"><ele>422.365</ele><time>2026-02-23T08:08:43Z</time><speed>10.440</speed><sat>16</sat></trkpt>
  <trkpt lat="12.57152979" lon="78.17152230"><ele>422.684</ele><time>2026-02-23T08:08:44Z</time><speed>10.580</speed><sat>16</sat></trkpt>
  <trkpt lat="12.57146134" lon="78.17159124"><ele>423.087</ele><time>2026-02-23T08:08:45Z</time><speed>10.860</speed><sat>14</sat></trkpt>
  <trkpt lat="12.57139065" lon="78.17166510"><ele>422.394</ele><time>2026-02-23T08:08:46Z</time><speed>11.110</speed><sat>19</sat></trkpt>
  <trkpt lat="12.57132443" lon="78.17173844"><ele>422.272</ele><time>2026-02-23T08:08:47Z</time><speed>11.190</speed><sat>20</sat></trkpt>
  <trkpt lat="12.57125530" lon="78.17181131"><ele>422.648</ele><time>2026-02-23T08:08:48Z</time><speed>11.190</speed><sat>19</sat></trkpt>
  <trkpt lat="12.57118774" lon="78.17188587"><ele>422.975</ele><time>2026-02-23T08:08:49Z</time><speed>11.110</speed><sat>19</sat></trkpt>
  <trkpt lat="12.57112480" lon="78.17196487"><ele>422.911</ele><time>2026-02-23T08:08:50Z</time><speed>11.100</speed><sat>20</sat></trkpt>
  <trkpt lat="12.57105809" lon="78.17204241"><ele>423.041</ele><time>2026-02-23T08:08:51Z</time><speed>10.880</speed><sat>17</sat></trkpt>
  <trkpt lat="12.57099871" lon="78.17211861"><ele>422.326</ele><time>2026-02-23T08:08:52Z</time><speed>10.690</speed><sat>17</sat></trkpt>
  <trkpt lat="12.57093918" lon="78.17219569"><ele>422.488</ele><time>2026-02-23T08:08:53Z</time><speed>10.580</speed><sat>18</sat></trkpt>
  <trkpt lat="12.57088443" lon="78.17227177"><ele>422.916</ele><time>2026-02-23T08:08:54Z</time><speed>10.400</speed><sat>18</sat></trkpt>
  <trkpt lat="12.57083322" lon="78.17235206"><ele>423.034</ele><time>2026-02-23T08:08:55Z</time><speed>10.320</speed><sat>20</sat></trkpt>
  <trkpt lat="12.57078152" lon="78.17242600"><ele>423.470</ele><time>2026-02-23T08:08:56Z</time><speed>10.320</speed><sat>20</sat></trkpt>
  <trkpt lat="12.57072877" lon="78.17249981"><ele>424.171</ele><time>2026-02-23T08:08:57Z</time><speed>10.340</speed><sat>16</sat></trkpt>
  <trkpt lat="12.57068189" lon="78.17259147"><ele>424.222</ele><time>2026-02-23T08:08:58Z</time><speed>9.970</speed><sat>16</sat></trkpt>
  <trkpt lat="12.57062590" lon="78.17267554"><ele>424.427</ele><time>2026-02-23T08:08:59Z</time><speed>9.930</speed><sat>18</sat></trkpt>
  <trkpt lat="12.57057954" lon="78.17275409"><ele>424.446</ele><time>2026-02-23T08:09:00Z</time><speed>9.740</speed><sat>16</sat></trkpt>
  <trkpt lat="12.57052716" lon="78.17283297"><ele>424.520</ele><time>2026-02-23T08:09:01Z</time><speed>9.640</speed><sat>18</sat></trkpt>
  <trkpt lat="12.57047919" lon="78.17290633"><ele>424.989</ele><time>2026-02-23T08:09:02Z</time><speed>9.450</speed><sat>16</sat></trkpt>
  <trkpt lat="12.57043180" lon="78.17299023"><ele>425.925</ele><time>2026-02-23T08:09:03Z</time><speed>9.530</speed><sat>18</sat></trkpt>
  <trkpt lat="12.57038221" lon="78.17305364"><ele>425.914</ele><time>2026-02-23T08:09:04Z</time><speed>9.220</speed><sat>16</sat></trkpt>
  <trkpt lat="12.57034220" lon="78.17313104"><ele>426.633</ele><time>2026-02-23T08:09:05Z</time><speed>9.190</speed><sat>15</sat></trkpt>
  <trkpt lat="12.57029441" lon="78.17320639"><ele>426.624</ele><time>2026-02-23T08:09:06Z</time><speed>9.140</speed><sat>17</sat></trkpt>
  <trkpt lat="12.57023435" lon="78.17324560"><ele>425.153</ele><time>2026-02-23T08:09:07Z</time><speed>8.960</speed><sat>19</sat></trkpt>
  <trkpt lat="12.57018187" lon="78.17331677"><ele>426.189</ele><time>2026-02-23T08:09:08Z</time><speed>8.870</speed><sat>18</sat></trkpt>
  <trkpt lat="12.57013402" lon="78.17338271"><ele>426.070</ele><time>2026-02-23T08:09:09Z</time><speed>8.920</speed><sat>21</sat></trkpt>
  <trkpt lat="12.57008472" lon="78.17344926"><ele>426.690</ele><time>2026-02-23T08:09:10Z</time><speed>8.850</speed><sat>19</sat></trkpt>
  <trkpt lat="12.57004014" lon="78.17351250"><ele>427.049</ele><time>2026-02-23T08:09:11Z</time><speed>8.700</speed><sat>16</sat></trkpt>
  <trkpt lat="12.56998907" lon="78.17357480"><ele>427.565</ele><time>2026-02-23T08:09:12Z</time><speed>8.860</speed><sat>17</sat></trkpt>
  <trkpt lat="12.56993926" lon="78.17363323"><ele>428.101</ele><time>2026-02-23T08:09:13Z</time><speed>8.750</speed><sat>16</sat></trkpt>
  <trkpt lat="12.56988574" lon="78.17369287"><ele>428.381</ele><time>2026-02-23T08:09:14Z</time><speed>8.590</speed><sat>19</sat></trkpt>
  <trkpt lat="12.56982919" lon="78.17375596"><ele>427.343</ele><time>2026-02-23T08:09:15Z</time><speed>8.320</speed><sat>18</sat></trkpt>
  <trkpt lat="12.56977164" lon="78.17381389"><ele>427.395</ele><time>2026-02-23T08:09:16Z</time><speed>8.280</speed><sat>18</sat></trkpt>
  <trkpt lat="12.56972081" lon="78.17386496"><ele>427.948</ele><time>2026-02-23T08:09:17Z</time><speed>8.300</speed><sat>18</sat></trkpt>
  <trkpt lat="12.56966830" lon="78.17391393"><ele>428.738</ele><time>2026-02-23T08:09:18Z</time><speed>8.310</speed><sat>18</sat></trkpt>
  <trkpt lat="12.56961337" lon="78.17396631"><ele>428.446</ele><time>2026-02-23T08:09:19Z</time><speed>8.400</speed><sat>19</sat></trkpt>
  <trkpt lat="12.56956126" lon="78.17402350"><ele>428.931</ele><time>2026-02-23T08:09:20Z</time><speed>8.500</speed><sat>20</sat></trkpt>
  <trkpt lat="12.56950390" lon="78.17408186"><ele>428.253</ele><time>2026-02-23T08:09:21Z</time><speed>8.870</speed><sat>21</sat></trkpt>
  <trkpt lat="12.56943842" lon="78.17413847"><ele>428.677</ele><time>2026-02-23T08:09:22Z</time><speed>9.260</speed><sat>20</sat></trkpt>
  <trkpt lat="12.56937707" lon="78.17419018"><ele>429.049</ele><time>2026-02-23T08:09:23Z</time><speed>9.500</speed><sat>22</sat></trkpt>
  <trkpt lat="12.56931210" lon="78.17424882"><ele>429.397</ele><time>2026-02-23T08:09:24Z</time><speed>9.890</speed><sat>19</sat></trkpt>
  <trkpt lat="12.56924383" lon="78.17430970"><ele>429.389</ele><time>2026-02-23T08:09:25Z</time><speed>9.940</speed><sat>19</sat></trkpt>
  <trkpt lat="12.56917518" lon="78.17436569"><ele>429.713</ele><time>2026-02-23T08:09:26Z</time><speed>9.890</speed><sat>18</sat></trkpt>
  <trkpt lat="12.56910705" lon="78.17442084"><ele>429.996</ele><time>2026-02-23T08:09:27Z</time><speed>9.790</speed><sat>19</sat></trkpt>
  <trkpt lat="12.56903809" lon="78.17448067"><ele>429.976</ele><time>2026-02-23T08:09:28Z</time><speed>9.840</speed><sat>19</sat></trkpt>
  <trkpt lat="12.56896967" lon="78.17453521"><ele>430.443</ele><time>2026-02-23T08:09:29Z</time><speed>9.790</speed><sat>18</sat></trkpt>
  <trkpt lat="12.56889655" lon="78.17457280"><ele>428.853</ele><time>2026-02-23T08:09:30Z</time><speed>9.570</speed><sat>19</sat></trkpt>
  <trkpt lat="12.56883234" lon="78.17464680"><ele>428.343</ele><time>2026-02-23T08:09:31Z</time><speed>9.930</speed><sat>17</sat></trkpt>
  <trkpt lat="12.56875950" lon="78.17469663"><ele>428.974</ele><time>2026-02-23T08:09:32Z</time><speed>10.020</speed><sat>13</sat></trkpt>
  <trkpt lat="12.56867812" lon="78.17472194"><ele>429.230</ele><time>2026-02-23T08:09:33Z</time><speed>9.890</speed><sat>18</sat></trkpt>
  <trkpt lat="12.56861250" lon="78.17478503"><ele>428.212</ele><time>2026-02-23T08:09:34Z</time><speed>9.700</speed><sat>20</sat></trkpt>
  <trkpt lat="12.56852479" lon="78.17480701"><ele>429.045</ele><time>2026-02-23T08:09:35Z</time><speed>9.660</speed><sat>18</sat></trkpt>
  <trkpt lat="12.56844865" lon="78.17485560"><ele>428.976</ele><time>2026-02-23T08:09:36Z</time><speed>9.330</speed><sat>20</sat></trkpt>
  <trkpt lat="12.56839286" lon="78.17491869"><ele>426.006</ele><time>2026-02-23T08:09:37Z</time><speed>9.410</speed><sat>22</sat></trkpt>
  <trkpt lat="12.56833122" lon="78.17497556"><ele>427.525</ele><time>2026-02-23T08:09:38Z</time><speed>9.420</speed><sat>21</sat></trkpt>
  <trkpt lat="12.56826286" lon="78.17502934"><ele>426.520</ele><time>2026-02-23T08:09:39Z</time><speed>9.400</speed><sat>19</sat></trkpt>
  <trkpt lat="12.56819046" lon="78.17508293"><ele>426.701</ele><time>2026-02-23T08:09:40Z</time><speed>9.440</speed><sat>18</sat></trkpt>
  <trkpt lat="12.56812583" lon="78.17513235"><ele>426.842</ele><time>2026-02-23T08:09:41Z</time><speed>9.440</speed><sat>19</sat></trkpt>
  <trkpt lat="12.56805905" lon="78.17518542"><ele>426.851</ele><time>2026-02-23T08:09:42Z</time><speed>9.370</speed><sat>17</sat></trkpt>
  <trkpt lat="12.56798887" lon="78.17523346"><ele>427.224</ele><time>2026-02-23T08:09:43Z</time><speed>9.460</speed><sat>16</sat></trkpt>
  <trkpt lat="12.56791287" lon="78.17527981"><ele>428.074</ele><time>2026-02-23T08:09:44Z</time><speed>9.620</speed><sat>14</sat></trkpt>
  <trkpt lat="12.56784121" lon="78.17532851"><ele>427.585</ele><time>2026-02-23T08:09:45Z</time><speed>9.640</speed><sat>15</sat></trkpt>
  <trkpt lat="12.56777166" lon="78.17536873"><ele>426.151</ele><time>2026-02-23T08:09:46Z</time><speed>9.520</speed><sat>18</sat></trkpt>
  <trkpt lat="12.56770036" lon="78.17541712"><ele>426.640</ele><time>2026-02-23T08:09:47Z</time><speed>9.400</speed><sat>16</sat></trkpt>
  <trkpt lat="12.56763120" lon="78.17546677"><ele>427.657</ele><time>2026-02-23T08:09:48Z</time><speed>9.220</speed><sat>17</sat></trkpt>
  <trkpt lat="12.56756882" lon="78.17551623"><ele>427.302</ele><time>2026-02-23T08:09:49Z</time><speed>9.250</speed><sat>19</sat></trkpt>
  <trkpt lat="12.56750268" lon="78.17556560"><ele>427.632</ele><time>2026-02-23T08:09:50Z</time><speed>9.560</speed><sat>20</sat></trkpt>
  <trkpt lat="12.56743040" lon="78.17562410"><ele>429.011</ele><time>2026-02-23T08:09:51Z</time><speed>9.710</speed><sat>20</sat></trkpt>
  <trkpt lat="12.56735084" lon="78.17567716"><ele>428.869</ele><time>2026-02-23T08:09:52Z</time><speed>9.820</speed><sat>18</sat></trkpt>
  <trkpt lat="12.56727814" lon="78.17572790"><ele>428.532</ele><time>2026-02-23T08:09:53Z</time><speed>9.700</speed><sat>19</sat></trkpt>
  <trkpt lat="12.56720264" lon="78.17577973"><ele>428.047</ele><time>2026-02-23T08:09:54Z</time><speed>9.620</speed><sat>18</sat></trkpt>
  <trkpt lat="12.56711757" lon="78.17583560"><ele>427.670</ele><time>2026-02-23T08:09:55Z</time><speed>9.590</speed><sat>15</sat></trkpt>
  <trkpt lat="12.56704118" lon="78.17587450"><ele>428.884</ele><time>2026-02-23T08:09:56Z</time><speed>9.550</speed><sat>17</sat></trkpt>
  <trkpt lat="12.56697267" lon="78.17592187"><ele>428.827</ele><time>2026-02-23T08:09:57Z</time><speed>9.380</speed><sat>17</sat></trkpt>
  <trkpt lat="12.56690898" lon="78.17597293"><ele>428.535</ele><time>2026-02-23T08:09:58Z</time><speed>9.240</speed><sat>17</sat></trkpt>
  <trkpt lat="12.56684157" lon="78.17601988"><ele>428.630</ele><time>2026-02-23T08:09:59Z</time><speed>9.200</speed><sat>15</sat></trkpt>
  <trkpt lat="12.56677483" lon="78.17608086"><ele>427.497</ele><time>2026-02-23T08:10:00Z</time><speed>9.560</speed><sat>16</sat></trkpt>
  <trkpt lat="12.56671620" lon="78.17614859"><ele>429.211</ele><time>2026-02-23T08:10:01Z</time><speed>9.610</speed><sat>15</sat></trkpt>
  <trkpt lat="12.56665101" lon="78.17620075"><ele>428.871</ele><time>2026-02-23T08:10:02Z</time><speed>9.580</speed><sat>15</sat></trkpt>
  <trkpt lat="12.56658665" lon="78.17625909"><ele>428.346</ele><time>2026-02-23T08:10:03Z</time><speed>9.650</speed><sat>19</sat></trkpt>
  <trkpt lat="12.56651339" lon="78.17630628"><ele>428.372</ele><time>2026-02-23T08:10:04Z</time><speed>9.640</speed><sat>16</sat></trkpt>
  <trkpt lat="12.56644108" lon="78.17635733"><ele>428.279</ele><time>2026-02-23T08:10:05Z</time><speed>9.660</speed><sat>17</sat></trkpt>
  <trkpt lat="12.56636730" lon="78.17640810"><ele>426.824</ele><time>2026-02-23T08:10:06Z</time><speed>9.600</speed><sat>19</sat></trkpt>
  <trkpt lat="12.56629637" lon="78.17645846"><ele>426.319</ele><time>2026-02-23T08:10:07Z</time><speed>9.730</speed><sat>22</sat></trkpt>
  <trkpt lat="12.56623395" lon="78.17652865"><ele>427.083</ele><time>2026-02-23T08:10:08Z</time><speed>9.830</speed><sat>18</sat></trkpt>
  <trkpt lat="12.56614378" lon="78.17655954"><ele>424.561</ele><time>2026-02-23T08:10:09Z</time><speed>9.750</speed><sat>20</sat></trkpt>
  <trkpt lat="12.56606614" lon="78.17661260"><ele>425.111</ele><time>2026-02-23T08:10:10Z</time><speed>9.730</speed><sat>18</sat></trkpt>
  <trkpt lat="12.56599673" lon="78.17666569"><ele>425.236</ele><time>2026-02-23T08:10:11Z</time><speed>9.790</speed><sat>19</sat></trkpt>
  <trkpt lat="12.56592290" lon="78.17672036"><ele>425.007</ele><time>2026-02-23T08:10:12Z</time><speed>9.750</speed><sat>17</sat></trkpt>
  <trkpt lat="12.56584821" lon="78.17677779"><ele>424.915</ele><time>2026-02-23T08:10:13Z</time><speed>9.710</speed><sat>17</sat></trkpt>
  <trkpt lat="12.56578023" lon="78.17682977"><ele>424.747</ele><time>2026-02-23T08:10:14Z</time><speed>9.570</speed><sat>18</sat></trkpt>
  <trkpt lat="12.56571367" lon="78.17687959"><ele>425.254</ele><time>2026-02-23T08:10:15Z</time><speed>9.450</speed><sat>19</sat></trkpt>
  <trkpt lat="12.56564917" lon="78.17693538"><ele>425.173</ele><time>2026-02-23T08:10:16Z</time><speed>9.300</speed><sat>18</sat></trkpt>
  <trkpt lat="12.56558343" lon="78.17699132"><ele>425.360</ele><time>2026-02-23T08:10:17Z</time><speed>9.160</speed><sat>17</sat></trkpt>
  <trkpt lat="12.56552067" lon="78.17704575"><ele>425.444</ele><time>2026-02-23T08:10:18Z</time><speed>9.050</speed><sat>16</sat></trkpt>
  <trkpt lat="12.56546219" lon="78.17709963"><ele>425.290</ele><time>2026-02-23T08:10:19Z</time><speed>9.180</speed><sat>16</sat></trkpt>
  <trkpt lat="12.56540396" lon="78.17715971"><ele>425.171</ele><time>2026-02-23T08:10:20Z</time><speed>9.400</speed><sat>15</sat></trkpt>
  <trkpt lat="12.56534423" lon="78.17722307"><ele>425.239</ele><time>2026-02-23T08:10:21Z</time><speed>9.450</speed><sat>17</sat></trkpt>
  <trkpt lat="12.56528188" lon="78.17728700"><ele>425.847</ele><time>2026-02-23T08:10:22Z</time><speed>9.470</speed><sat>17</sat></trkpt>
  <trkpt lat="12.56521630" lon="78.17734911"><ele>426.212</ele><time>2026-02-23T08:10:23Z</time><speed>9.380</speed><sat>14</sat></trkpt>
  <trkpt lat="12.56516266" lon="78.17741051"><ele>426.068</ele><time>2026-02-23T08:10:24Z</time><speed>9.370</speed><sat>17</sat></trkpt>
  <trkpt lat="12.56510593" lon="78.17746959"><ele>425.832</ele><time>2026-02-23T08:10:25Z</time><speed>9.360</speed><sat>16</sat></trkpt>
  <trkpt lat="12.56505147" lon="78.17752960"><ele>425.575</ele><time>2026-02-23T08:10:26Z</time><speed>9.320</speed><sat>14</sat></trkpt>
  <trkpt lat="12.56499843" lon="78.17759380"><ele>425.654</ele><time>2026-02-23T08:10:27Z</time><speed>9.420</speed><sat>14</sat></trkpt>
  <trkpt lat="12.56494770" lon="78.17766112"><ele>425.180</ele><time>2026-02-23T08:10:28Z</time><speed>9.480</speed><sat>19</sat></trkpt>
  <trkpt lat="12.56488930" lon="78.17773095"><ele>425.034</ele><time>2026-02-23T08:10:29Z</time><speed>9.610</speed><sat>19</sat></trkpt>
  <trkpt lat="12.56483342" lon="78.17780136"><ele>424.840</ele><time>2026-02-23T08:10:30Z</time><speed>9.660</speed><sat>18</sat></trkpt>
  <trkpt lat="12.56477564" lon="78.17786804"><ele>424.483</ele><time>2026-02-23T08:10:31Z</time><speed>9.600</speed><sat>19</sat></trkpt>
  <trkpt lat="12.56472641" lon="78.17793797"><ele>423.624</ele><time>2026-02-23T08:10:32Z</time><speed>9.730</speed><sat>18</sat></trkpt>
  <trkpt lat="12.56466590" lon="78.17800047"><ele>423.666</ele><time>2026-02-23T08:10:33Z</time><speed>9.670</speed><sat>16</sat></trkpt>
  <trkpt lat="12.56461120" lon="78.17807469"><ele>423.240</ele><time>2026-02-23T08:10:34Z</time><speed>9.610</speed><sat>17</sat></trkpt>
  <trkpt lat="12.56454870" lon="78.17812806"><ele>420.641</ele><time>2026-02-23T08:10:35Z</time><speed>9.430</speed><sat>19</sat></trkpt>
  <trkpt lat="12.56449307" lon="78.17819169"><ele>421.288</ele><time>2026-02-23T08:10:36Z</time><speed>9.400</speed><sat>18</sat></trkpt>
  <trkpt lat="12.56442670" lon="78.17823299"><ele>418.778</ele><time>2026-02-23T08:10:37Z</time><speed>9.290</speed><sat>18</sat></trkpt>
  <trkpt lat="12.56437410" lon="78.17829750"><ele>418.336</ele><time>2026-02-23T08:10:38Z</time><speed>9.370</speed><sat>17</sat></trkpt>
  <trkpt lat="12.56431914" lon="78.17836704"><ele>418.300</ele><time>2026-02-23T08:10:39Z</time><speed>9.380</speed><sat>15</sat></trkpt>
  <trkpt lat="12.56426277" lon="78.17842969"><ele>417.282</ele><time>2026-02-23T08:10:40Z</time><speed>9.410</speed><sat>14</sat></trkpt>
  <trkpt lat="12.56420568" lon="78.17849730"><ele>417.488</ele><time>2026-02-23T08:10:41Z</time><speed>9.680</speed><sat>15</sat></trkpt>
  <trkpt lat="12.56414576" lon="78.17856729"><ele>418.019</ele><time>2026-02-23T08:10:42Z</time><speed>10.020</speed><sat>16</sat></trkpt>
  <trkpt lat="12.56407923" lon="78.17863720"><ele>417.279</ele><time>2026-02-23T08:10:43Z</time><speed>10.080</speed><sat>16</sat></trkpt>
  <trkpt lat="12.56402358" lon="78.17871042"><ele>417.621</ele><time>2026-02-23T08:10:44Z</time><speed>10.200</speed><sat>15</sat></trkpt>
  <trkpt lat="12.56396290" lon="78.17878410"><ele>416.063</ele><time>2026-02-23T08:10:45Z</time><speed>10.340</speed><sat>16</sat></trkpt>
  <trkpt lat="12.56390113" lon="78.17885620"><ele>416.359</ele><time>2026-02-23T08:10:46Z</time><speed>10.290</speed><sat>15</sat></trkpt>
  <trkpt lat="12.56383790" lon="78.17892872"><ele>416.554</ele><time>2026-02-23T08:10:47Z</time><speed>10.400</speed><sat>16</sat></trkpt>
  <trkpt lat="12.56377868" lon="78.17900262"><ele>417.100</ele><time>2026-02-23T08:10:48Z</time><speed>10.450</speed><sat>17</sat></trkpt>
  <trkpt lat="12.56371480" lon="78.17907179"><ele>418.232</ele><time>2026-02-23T08:10:49Z</time><speed>10.300</speed><sat>18</sat></trkpt>
  <trkpt lat="12.56364739" lon="78.17914039"><ele>418.121</ele><time>2026-02-23T08:10:50Z</time><speed>10.290</speed><sat>16</sat></trkpt>
  <trkpt lat="12.56358712" lon="78.17920905"><ele>417.323</ele><time>2026-02-23T08:10:51Z</time><speed>10.180</speed><sat>17</sat></trkpt>
  <trkpt lat="12.56352495" lon="78.17927677"><ele>417.256</ele><time>2026-02-23T08:10:52Z</time><speed>10.230</speed><sat>17</sat></trkpt>
  <trkpt lat="12.56346248" lon="78.17934188"><ele>417.787</ele><time>2026-02-23T08:10:53Z</time><speed>10.050</speed><sat>15</sat></trkpt>
  <trkpt lat="12.56340565" lon="78.17940814"><ele>417.684</ele><time>2026-02-23T08:10:54Z</time><speed>10.020</speed><sat>19</sat></trkpt>
  <trkpt lat="12.56333932" lon="78.17947445"><ele>417.814</ele><time>2026-02-23T08:10:55Z</time><speed>10.000</speed><sat>19</sat></trkpt>
  <trkpt lat="12.56327611" lon="78.17954069"><ele>417.635</ele><time>2026-02-23T08:10:56Z</time><speed>10.020</speed><sat>18</sat></trkpt>
  <trkpt lat="12.56321296" lon="78.17960326"><ele>417.825</ele><time>2026-02-23T08:10:57Z</time><speed>10.100</speed><sat>20</sat></trkpt>
  <trkpt lat="12.56315107" lon="78.17966133"><ele>417.891</ele><time>2026-02-23T08:10:58Z</time><speed>9.940</speed><sat>17</sat></trkpt>
  <trkpt lat="12.56308749" lon="78.17972464"><ele>417.907</ele><time>2026-02-23T08:10:59Z</time><speed>10.050</speed><sat>16</sat></trkpt>
  <trkpt lat="12.56301717" lon="78.17979331"><ele>417.591</ele><time>2026-02-23T08:11:00Z</time><speed>10.200</speed><sat>19</sat></trkpt>
  <trkpt lat="12.56295126" lon="78.17986121"><ele>417.250</ele><time>2026-02-23T08:11:01Z</time><speed>10.100</speed><sat>17</sat></trkpt>
  <trkpt lat="12.56288888" lon="78.17993370"><ele>416.478</ele><time>2026-02-23T08:11:02Z</time><speed>10.130</speed><sat>18</sat></trkpt>
  <trkpt lat="12.56282809" lon="78.18000689"><ele>418.040</ele><time>2026-02-23T08:11:03Z</time><speed>10.120</speed><sat>18</sat></trkpt>
  <trkpt lat="12.56276166" lon="78.18007067"><ele>418.234</ele><time>2026-02-23T08:11:04Z</time><speed>10.090</speed><sat>19</sat></trkpt>
  <trkpt lat="12.56269660" lon="78.18013100"><ele>418.834</ele><time>2026-02-23T08:11:05Z</time><speed>9.890</speed><sat>20</sat></trkpt>
  <trkpt lat="12.56263368" lon="78.18018734"><ele>418.807</ele><time>2026-02-23T08:11:06Z</time><speed>9.750</speed><sat>18</sat></trkpt>
  <trkpt lat="12.56256887" lon="78.18023861"><ele>419.993</ele><time>2026-02-23T08:11:07Z</time><speed>9.480</speed><sat>18</sat></trkpt>
  <trkpt lat="12.56250134" lon="78.18029758"><ele>420.365</ele><time>2026-02-23T08:11:08Z</time><speed>9.340</speed><sat>18</sat></trkpt>
  <trkpt lat="12.56243048" lon="78.18034587"><ele>419.940</ele><time>2026-02-23T08:11:09Z</time><speed>9.300</speed><sat>19</sat></trkpt>
  <trkpt lat="12.56237761" lon="78.18040739"><ele>420.269</ele><time>2026-02-23T08:11:10Z</time><speed>9.240</speed><sat>19</sat></trkpt>
  <trkpt lat="12.56232209" lon="78.18046709"><ele>420.761</ele><time>2026-02-23T08:11:11Z</time><speed>9.080</speed><sat>19</sat></trkpt>
  <trkpt lat="12.56225805" lon="78.18052067"><ele>420.983</ele><time>2026-02-23T08:11:12Z</time><speed>9.160</speed><sat>20</sat></trkpt>
  <trkpt lat="12.56219024" lon="78.18057641"><ele>422.600</ele><time>2026-02-23T08:11:13Z</time><speed>9.270</speed><sat>15</sat></trkpt>
  <trkpt lat="12.56213503" lon="78.18064120"><ele>423.162</ele><time>2026-02-23T08:11:14Z</time><speed>9.280</speed><sat>19</sat></trkpt>
  <trkpt lat="12.56208406" lon="78.18069267"><ele>423.068</ele><time>2026-02-23T08:11:15Z</time><speed>9.120</speed><sat>20</sat></trkpt>
  <trkpt lat="12.56201854" lon="78.18074835"><ele>423.869</ele><time>2026-02-23T08:11:16Z</time><speed>8.940</speed><sat>19</sat></trkpt>
  <trkpt lat="12.56195635" lon="78.18080031"><ele>424.494</ele><time>2026-02-23T08:11:17Z</time><speed>8.990</speed><sat>21</sat></trkpt>
  <trkpt lat="12.56189965" lon="78.18085886"><ele>424.810</ele><time>2026-02-23T08:11:18Z</time><speed>9.080</speed><sat>23</sat></trkpt>
  <trkpt lat="12.56183979" lon="78.18091487"><ele>425.215</ele><time>2026-02-23T08:11:19Z</time><speed>9.080</speed><sat>22</sat></trkpt>
  <trkpt lat="12.56178167" lon="78.18097392"><ele>425.730</ele><time>2026-02-23T08:11:20Z</time><speed>9.040</speed><sat>18</sat></trkpt>
  <trkpt lat="12.56172274" lon="78.18103033"><ele>425.915</ele><time>2026-02-23T08:11:21Z</time><speed>9.070</speed><sat>21</sat></trkpt>
  <trkpt lat="12.56166123" lon="78.18109075"><ele>425.747</ele><time>2026-02-23T08:11:22Z</time><speed>8.970</speed><sat>21</sat></trkpt>
  <trkpt lat="12.56160242" lon="78.18114660"><ele>425.415</ele><time>2026-02-23T08:11:23Z</time><speed>8.960</speed><sat>17</sat></trkpt>
  <trkpt lat="12.56154416" lon="78.18120116"><ele>426.149</ele><time>2026-02-23T08:11:24Z</time><speed>9.030</speed><sat>20</sat></trkpt>
  <trkpt lat="12.56149056" lon="78.18125466"><ele>424.710</ele><time>2026-02-23T08:11:25Z</time><speed>8.940</speed><sat>20</sat></trkpt>
  <trkpt lat="12.56143996" lon="78.18130806"><ele>425.669</ele><time>2026-02-23T08:11:26Z</time><speed>9.080</speed><sat>18</sat></trkpt>
  <trkpt lat="12.56136757" lon="78.18135302"><ele>426.777</ele><time>2026-02-23T08:11:27Z</time><speed>9.050</speed><sat>21</sat></trkpt>
  <trkpt lat="12.56130919" lon="78.18141545"><ele>427.369</ele><time>2026-02-23T08:11:28Z</time><speed>8.980</speed><sat>16</sat></trkpt>
  <trkpt lat="12.56124970" lon="78.18147712"><ele>425.218</ele><time>2026-02-23T08:11:29Z</time><speed>9.140</speed><sat>21</sat></trkpt>
  <trkpt lat="12.56118828" lon="78.18155162"><ele>424.585</ele><time>2026-02-23T08:11:30Z</time><speed>9.430</speed><sat>19</sat></trkpt>
  <trkpt lat="12.56113110" lon="78.18161270"><ele>426.529</ele><time>2026-02-23T08:11:31Z</time><speed>9.560</speed><sat>20</sat></trkpt>
  <trkpt lat="12.56107414" lon="78.18167713"><ele>426.195</ele><time>2026-02-23T08:11:32Z</time><speed>9.410</speed><sat>21</sat></trkpt>
  <trkpt lat="12.56100971" lon="78.18174339"><ele>426.129</ele><time>2026-02-23T08:11:33Z</time><speed>9.630</speed><sat>18</sat></trkpt>
  <trkpt lat="12.56095104" lon="78.18180708"><ele>426.333</ele><time>2026-02-23T08:11:34Z</time><speed>9.570</speed><sat>20</sat></trkpt>
  <trkpt lat="12.56089040" lon="78.18187039"><ele>426.856</ele><time>2026-02-23T08:11:35Z</time><speed>9.440</speed><sat>17</sat></trkpt>
  <trkpt lat="12.56082665" lon="78.18193293"><ele>426.538</ele><time>2026-02-23T08:11:36Z</time><speed>9.400</speed><sat>17</sat></trkpt>
  <trkpt lat="12.56076330" lon="78.18199534"><ele>426.194</ele><time>2026-02-23T08:11:37Z</time><speed>9.620</speed><sat>19</sat></trkpt>
  <trkpt lat="12.56069478" lon="78.18206714"><ele>426.970</ele><time>2026-02-23T08:11:38Z</time><speed>9.570</speed><sat>18</sat></trkpt>
  <trkpt lat="12.56062897" lon="78.18213339"><ele>426.798</ele><time>2026-02-23T08:11:39Z</time><speed>9.530</speed><sat>20</sat></trkpt>
  <trkpt lat="12.56058302" lon="78.18220330"><ele>425.435</ele><time>2026-02-23T08:11:40Z</time><speed>9.590</speed><sat>19</sat></trkpt>
  <trkpt lat="12.56052751" lon="78.18227176"><ele>425.918</ele><time>2026-02-23T08:11:41Z</time><speed>9.660</speed><sat>16</sat></trkpt>
  <trkpt lat="12.56046599" lon="78.18233295"><ele>425.372</ele><time>2026-02-23T08:11:42Z</time><speed>9.790</speed><sat>19</sat></trkpt>
  <trkpt lat="12.56040763" lon="78.18239827"><ele>425.069</ele><time>2026-02-23T08:11:43Z</time><speed>9.890</speed><sat>18</sat></trkpt>
  <trkpt lat="12.56034746" lon="78.18246350"><ele>425.261</ele><time>2026-02-23T08:11:44Z</time><speed>9.960</speed><sat>19</sat></trkpt>
  <trkpt lat="12.56028744" lon="78.18253203"><ele>424.749</ele><time>2026-02-23T08:11:45Z</time><speed>10.160</speed><sat>19</sat></trkpt>
  <trkpt lat="12.56022043" lon="78.18260019"><ele>424.613</ele><time>2026-02-23T08:11:46Z</time><speed>10.190</speed><sat>18</sat></trkpt>
  <trkpt lat="12.56015706" lon="78.18267280"><ele>424.407</ele><time>2026-02-23T08:11:47Z</time><speed>10.180</speed><sat>16</sat></trkpt>
  <trkpt lat="12.56009165" lon="78.18274037"><ele>424.384</ele><time>2026-02-23T08:11:48Z</time><speed>10.190</speed><sat>16</sat></trkpt>
  <trkpt lat="12.56003241" lon="78.18280899"><ele>424.171</ele><time>2026-02-23T08:11:49Z</time><speed>10.330</speed><sat>16</sat></trkpt>
  <trkpt lat="12.55996771" lon="78.18287645"><ele>423.987</ele><time>2026-02-23T08:11:50Z</time><speed>9.980</speed><sat>18</sat></trkpt>
  <trkpt lat="12.55990633" lon="78.18294584"><ele>423.613</ele><time>2026-02-23T08:11:51Z</time><speed>10.060</speed><sat>18</sat></trkpt>
  <trkpt lat="12.55984569" lon="78.18301560"><ele>423.598</ele><time>2026-02-23T08:11:52Z</time><speed>9.980</speed><sat>18</sat></trkpt>
  <trkpt lat="12.55978044" lon="78.18308840"><ele>423.287</ele><time>2026-02-23T08:11:53Z</time><speed>10.220</speed><sat>17</sat></trkpt>
  <trkpt lat="12.55971779" lon="78.18315775"><ele>423.125</ele><time>2026-02-23T08:11:54Z</time><speed>10.180</speed><sat>18</sat></trkpt>
  <trkpt lat="12.55965921" lon="78.18323588"><ele>422.653</ele><time>2026-02-23T08:11:55Z</time><speed>10.150</speed><sat>15</sat></trkpt>
  <trkpt lat="12.55959589" lon="78.18330342"><ele>422.575</ele><time>2026-02-23T08:11:56Z</time><speed>10.130</speed><sat>17</sat></trkpt>
  <trkpt lat="12.55953615" lon="78.18337114"><ele>422.376</ele><time>2026-02-23T08:11:57Z</time><speed>10.180</speed><sat>16</sat></trkpt>
  <trkpt lat="12.55947283" lon="78.18343689"><ele>422.182</ele><time>2026-02-23T08:11:58Z</time><speed>10.210</speed><sat>18</sat></trkpt>
  <trkpt lat="12.55941070" lon="78.18350588"><ele>421.876</ele><time>2026-02-23T08:11:59Z</time><speed>10.240</speed><sat>16</sat></trkpt>
  <trkpt lat="12.55934865" lon="78.18357577"><ele>421.531</ele><time>2026-02-23T08:12:00Z</time><speed>10.150</speed><sat>18</sat></trkpt>
  <trkpt lat="12.55928238" lon="78.18364219"><ele>421.998</ele><time>2026-02-23T08:12:01Z</time><speed>10.160</speed><sat>20</sat></trkpt>
  <trkpt lat="12.55922431" lon="78.18370901"><ele>421.585</ele><time>2026-02-23T08:12:02Z</time><speed>10.080</speed><sat>17</sat></trkpt>
  <trkpt lat="12.55916167" lon="78.18377407"><ele>422.133</ele><time>2026-02-23T08:12:03Z</time><speed>10.030</speed><sat>17</sat></trkpt>
  <trkpt lat="12.55910211" lon="78.18383804"><ele>422.159</ele><time>2026-02-23T08:12:04Z</time><speed>9.760</speed><sat>17</sat></trkpt>
  <trkpt lat="12.55904289" lon="78.18390569"><ele>422.273</ele><time>2026-02-23T08:12:05Z</time><speed>9.710</speed><sat>19</sat></trkpt>
  <trkpt lat="12.55898725" lon="78.18397346"><ele>422.492</ele><time>2026-02-23T08:12:06Z</time><speed>9.650</speed><sat>16</sat></trkpt>
  <trkpt lat="12.55893058" lon="78.18403842"><ele>422.435</ele><time>2026-02-23T08:12:07Z</time><speed>9.700</speed><sat>18</sat></trkpt>
  <trkpt lat="12.55886662" lon="78.18410153"><ele>422.065</ele><time>2026-02-23T08:12:08Z</time><speed>9.810</speed><sat>16</sat></trkpt>
  <trkpt lat="12.55880697" lon="78.18416919"><ele>421.958</ele><time>2026-02-23T08:12:09Z</time><speed>9.950</speed><sat>17</sat></trkpt>
  <trkpt lat="12.55874703" lon="78.18423769"><ele>421.354</ele><time>2026-02-23T08:12:10Z</time><speed>10.150</speed><sat>17</sat></trkpt>
  <trkpt lat="12.55868324" lon="78.18429880"><ele>421.671</ele><time>2026-02-23T08:12:11Z</time><speed>10.230</speed><sat>15</sat></trkpt>
  <trkpt lat="12.55861156" lon="78.18436781"><ele>421.174</ele><time>2026-02-23T08:12:12Z</time><speed>10.360</speed><sat>17</sat></trkpt>
  <trkpt lat="12.55854935" lon="78.18443526"><ele>421.129</ele><time>2026-02-23T08:12:13Z</time><speed>10.490</speed><sat>19</sat></trkpt>
  <trkpt lat="12.55848674" lon="78.18450624"><ele>421.529</ele><time>2026-02-23T08:12:14Z</time><speed>10.500</speed><sat>16</sat></trkpt>
  <trkpt lat="12.55842544" lon="78.18457709"><ele>421.337</ele><time>2026-02-23T08:12:15Z</time><speed>10.460</speed><sat>18</sat></trkpt>
  <trkpt lat="12.55836043" lon="78.18464992"><ele>421.672</ele><time>2026-02-23T08:12:16Z</time><speed>10.470</speed><sat>18</sat></trkpt>
  <trkpt lat="12.55829825" lon="78.18472235"><ele>422.055</ele><time>2026-02-23T08:12:17Z</time><speed>10.380</speed><sat>18</sat></trkpt>
  <trkpt lat="12.55823630" lon="78.18479498"><ele>422.058</ele><time>2026-02-23T08:12:18Z</time><speed>10.450</speed><sat>18</sat></trkpt>
  <trkpt lat="12.55817089" lon="78.18486430"><ele>421.824</ele><time>2026-02-23T08:12:19Z</time><speed>10.350</speed><sat>16</sat></trkpt>
  <trkpt lat="12.55810974" lon="78.18493284"><ele>421.087</ele><time>2026-02-23T08:12:20Z</time><speed>10.350</speed><sat>14</sat></trkpt>
  <trkpt lat="12.55804999" lon="78.18500282"><ele>420.895</ele><time>2026-02-23T08:12:21Z</time><speed>10.130</speed><sat>15</sat></trkpt>
  <trkpt lat="12.55798932" lon="78.18507089"><ele>421.158</ele><time>2026-02-23T08:12:22Z</time><speed>10.080</speed><sat>16</sat></trkpt>
  <trkpt lat="12.55793685" lon="78.18513660"><ele>423.625</ele><time>2026-02-23T08:12:23Z</time><speed>9.930</speed><sat>16</sat></trkpt>
  <trkpt lat="12.55787681" lon="78.18520499"><ele>423.815</ele><time>2026-02-23T08:12:24Z</time><speed>9.950</speed><sat>14</sat></trkpt>
  <trkpt lat="12.55781756" lon="78.18527071"><ele>424.283</ele><time>2026-02-23T08:12:25Z</time><speed>9.820</speed><sat>17</sat></trkpt>
  <trkpt lat="12.55775200" lon="78.18534241"><ele>423.274</ele><time>2026-02-23T08:12:26Z</time><speed>9.660</speed><sat>18</sat></trkpt>
  <trkpt lat="12.55768940" lon="78.18540566"><ele>423.693</ele><time>2026-02-23T08:12:27Z</time><speed>9.820</speed><sat>20</sat></trkpt>
  <trkpt lat="12.55763073" lon="78.18547357"><ele>423.234</ele><time>2026-02-23T08:12:28Z</time><speed>9.870</speed><sat>20</sat></trkpt>
  <trkpt lat="12.55756049" lon="78.18553191"><ele>422.545</ele><time>2026-02-23T08:12:29Z</time><speed>9.870</speed><sat>20</sat></trkpt>
  <trkpt lat="12.55749414" lon="78.18559275"><ele>422.069</ele><time>2026-02-23T08:12:30Z</time><speed>9.880</speed><sat>12</sat></trkpt>
  <trkpt lat="12.55742874" lon="78.18565119"><ele>421.701</ele><time>2026-02-23T08:12:31Z</time><speed>9.870</speed><sat>17</sat></trkpt>
  <trkpt lat="12.55736016" lon="78.18571232"><ele>419.444</ele><time>2026-02-23T08:12:32Z</time><speed>9.930</speed><sat>16</sat></trkpt>
  <trkpt lat="12.55729222" lon="78.18577271"><ele>419.509</ele><time>2026-02-23T08:12:33Z</time><speed>9.920</speed><sat>16</sat></trkpt>
  <trkpt lat="12.55722792" lon="78.18583797"><ele>420.891</ele><time>2026-02-23T08:12:34Z</time><speed>9.930</speed><sat>18</sat></trkpt>
  <trkpt lat="12.55715676" lon="78.18589672"><ele>420.835</ele><time>2026-02-23T08:12:35Z</time><speed>10.000</speed><sat>22</sat></trkpt>
  <trkpt lat="12.55708495" lon="78.18595162"><ele>420.902</ele><time>2026-02-23T08:12:36Z</time><speed>10.050</speed><sat>21</sat></trkpt>
  <trkpt lat="12.55701640" lon="78.18600589"><ele>420.518</ele><time>2026-02-23T08:12:37Z</time><speed>9.780</speed><sat>19</sat></trkpt>
  <trkpt lat="12.55694803" lon="78.18606091"><ele>419.341</ele><time>2026-02-23T08:12:38Z</time><speed>9.900</speed><sat>21</sat></trkpt>
  <trkpt lat="12.55687496" lon="78.18611468"><ele>419.307</ele><time>2026-02-23T08:12:39Z</time><speed>9.850</speed><sat>15</sat></trkpt>
  <trkpt lat="12.55680524" lon="78.18616954"><ele>419.507</ele><time>2026-02-23T08:12:40Z</time><speed>9.690</speed><sat>19</sat></trkpt>
  <trkpt lat="12.55673178" lon="78.18622373"><ele>419.918</ele><time>2026-02-23T08:12:41Z</time><speed>9.960</speed><sat>16</sat></trkpt>
  <trkpt lat="12.55666160" lon="78.18627601"><ele>420.089</ele><time>2026-02-23T08:12:42Z</time><speed>9.540</speed><sat>19</sat></trkpt>
  <trkpt lat="12.55659425" lon="78.18632371"><ele>419.871</ele><time>2026-02-23T08:12:43Z</time><speed>9.320</speed><sat>19</sat></trkpt>
  <trkpt lat="12.55652534" lon="78.18637728"><ele>420.029</ele><time>2026-02-23T08:12:44Z</time><speed>9.330</speed><sat>17</sat></trkpt>
  <trkpt lat="12.55645503" lon="78.18642857"><ele>420.427</ele><time>2026-02-23T08:12:45Z</time><speed>9.540</speed><sat>17</sat></trkpt>
  <trkpt lat="12.55639837" lon="78.18650851"><ele>422.300</ele><time>2026-02-23T08:12:46Z</time><speed>9.900</speed><sat>16</sat></trkpt>
  <trkpt lat="12.55632101" lon="78.18655629"><ele>419.824</ele><time>2026-02-23T08:12:47Z</time><speed>10.010</speed><sat>17</sat></trkpt>
  <trkpt lat="12.55625271" lon="78.18661221"><ele>420.217</ele><time>2026-02-23T08:12:48Z</time><speed>9.890</speed><sat>20</sat></trkpt>
  <trkpt lat="12.55617008" lon="78.18664998"><ele>418.736</ele><time>2026-02-23T08:12:49Z</time><speed>10.000</speed><sat>20</sat></trkpt>
  <trkpt lat="12.55608991" lon="78.18670434"><ele>418.091</ele><time>2026-02-23T08:12:50Z</time><speed>9.990</speed><sat>15</sat></trkpt>
  <trkpt lat="12.55601467" lon="78.18675780"><ele>418.115</ele><time>2026-02-23T08:12:51Z</time><speed>10.040</speed><sat>19</sat></trkpt>
  <trkpt lat="12.55594399" lon="78.18681025"><ele>418.142</ele><time>2026-02-23T08:12:52Z</time><speed>10.020</speed><sat>15</sat></trkpt>
  <trkpt lat="12.55587361" lon="78.18685957"><ele>418.036</ele><time>2026-02-23T08:12:53Z</time><speed>9.990</speed><sat>15</sat></trkpt>
  <trkpt lat="12.55580067" lon="78.18691092"><ele>418.259</ele><time>2026-02-23T08:12:54Z</time><speed>9.880</speed><sat>19</sat></trkpt>
  <trkpt lat="12.55572937" lon="78.18696463"><ele>418.289</ele><time>2026-02-23T08:12:55Z</time><speed>9.840</speed><sat>17</sat></trkpt>
  <trkpt lat="12.55566226" lon="78.18701810"><ele>418.063</ele><time>2026-02-23T08:12:56Z</time><speed>9.810</speed><sat>18</sat></trkpt>
  <trkpt lat="12.55559316" lon="78.18707124"><ele>417.736</ele><time>2026-02-23T08:12:57Z</time><speed>9.600</speed><sat>17</sat></trkpt>
  <trkpt lat="12.55552374" lon="78.18712281"><ele>418.249</ele><time>2026-02-23T08:12:58Z</time><speed>9.710</speed><sat>18</sat></trkpt>
  <trkpt lat="12.55545282" lon="78.18717560"><ele>417.682</ele><time>2026-02-23T08:12:59Z</time><speed>9.840</speed><sat>17</sat></trkpt>
  <trkpt lat="12.55537993" lon="78.18722901"><ele>417.850</ele><time>2026-02-23T08:13:00Z</time><speed>9.880</speed><sat>15</sat></trkpt>
  <trkpt lat="12.55529209" lon="78.18727502"><ele>417.551</ele><time>2026-02-23T08:13:01Z</time><speed>9.840</speed><sat>17</sat></trkpt>
  <trkpt lat="12.55523264" lon="78.18733807"><ele>418.014</ele><time>2026-02-23T08:13:02Z</time><speed>9.960</speed><sat>19</sat></trkpt>
  <trkpt lat="12.55516253" lon="78.18740033"><ele>417.518</ele><time>2026-02-23T08:13:03Z</time><speed>10.080</speed><sat>16</sat></trkpt>
  <trkpt lat="12.55509513" lon="78.18745381"><ele>418.467</ele><time>2026-02-23T08:13:04Z</time><speed>10.270</speed><sat>18</sat></trkpt>
  <trkpt lat="12.55501834" lon="78.18752190"><ele>418.529</ele><time>2026-02-23T08:13:05Z</time><speed>10.470</speed><sat>19</sat></trkpt>
  <trkpt lat="12.55494812" lon="78.18758756"><ele>418.061</ele><time>2026-02-23T08:13:06Z</time><speed>10.460</speed><sat>21</sat></trkpt>
  <trkpt lat="12.55489804" lon="78.18766085"><ele>417.687</ele><time>2026-02-23T08:13:07Z</time><speed>10.300</speed><sat>20</sat></trkpt>
  <trkpt lat="12.55482984" lon="78.18772497"><ele>417.609</ele><time>2026-02-23T08:13:08Z</time><speed>10.230</speed><sat>20</sat></trkpt>
  <trkpt lat="12.55475880" lon="78.18778794"><ele>417.595</ele><time>2026-02-23T08:13:09Z</time><speed>10.050</speed><sat>20</sat></trkpt>
  <trkpt lat="12.55468980" lon="78.18784974"><ele>417.851</ele><time>2026-02-23T08:13:10Z</time><speed>9.890</speed><sat>20</sat></trkpt>
  <trkpt lat="12.55462622" lon="78.18791246"><ele>417.303</ele><time>2026-02-23T08:13:11Z</time><speed>9.660</speed><sat>21</sat></trkpt>
  <trkpt lat="12.55455932" lon="78.18796724"><ele>416.963</ele><time>2026-02-23T08:13:12Z</time><speed>9.500</speed><sat>20</sat></trkpt>
  <trkpt lat="12.55450158" lon="78.18803703"><ele>417.802</ele><time>2026-02-23T08:13:13Z</time><speed>9.540</speed><sat>19</sat></trkpt>
  <trkpt lat="12.55443829" lon="78.18809669"><ele>417.853</ele><time>2026-02-23T08:13:14Z</time><speed>9.540</speed><sat>19</sat></trkpt>
  <trkpt lat="12.55438481" lon="78.18816094"><ele>418.956</ele><time>2026-02-23T08:13:15Z</time><speed>9.340</speed><sat>19</sat></trkpt>
  <trkpt lat="12.55431665" lon="78.18821179"><ele>420.121</ele><time>2026-02-23T08:13:16Z</time><speed>9.640</speed><sat>20</sat></trkpt>
  <trkpt lat="12.55425138" lon="78.18827565"><ele>419.455</ele><time>2026-02-23T08:13:17Z</time><speed>9.610</speed><sat>23</sat></trkpt>
  <trkpt lat="12.55418683" lon="78.18833675"><ele>419.988</ele><time>2026-02-23T08:13:18Z</time><speed>9.600</speed><sat>24</sat></trkpt>
  <trkpt lat="12.55412558" lon="78.18839671"><ele>420.035</ele><time>2026-02-23T08:13:19Z</time><speed>9.530</speed><sat>24</sat></trkpt>
  <trkpt lat="12.55406409" lon="78.18845950"><ele>420.436</ele><time>2026-02-23T08:13:20Z</time><speed>9.450</speed><sat>23</sat></trkpt>
  <trkpt lat="12.55400186" lon="78.18852089"><ele>420.797</ele><time>2026-02-23T08:13:21Z</time><speed>9.570</speed><sat>18</sat></trkpt>
  <trkpt lat="12.55394278" lon="78.18857724"><ele>420.258</ele><time>2026-02-23T08:13:22Z</time><speed>9.490</speed><sat>17</sat></trkpt>
  <trkpt lat="12.55388404" lon="78.18863472"><ele>420.690</ele><time>2026-02-23T08:13:23Z</time><speed>9.470</speed><sat>18</sat></trkpt>
  <trkpt lat="12.55381327" lon="78.18869429"><ele>420.796</ele><time>2026-02-23T08:13:24Z</time><speed>9.450</speed><sat>18</sat></trkpt>
  <trkpt lat="12.55375486" lon="78.18875842"><ele>420.375</ele><time>2026-02-23T08:13:25Z</time><speed>9.510</speed><sat>17</sat></trkpt>
  <trkpt lat="12.55369801" lon="78.18882099"><ele>420.175</ele><time>2026-02-23T08:13:26Z</time><speed>9.600</speed><sat>16</sat></trkpt>
  <trkpt lat="12.55363158" lon="78.18887802"><ele>421.385</ele><time>2026-02-23T08:13:27Z</time><speed>9.600</speed><sat>18</sat></trkpt>
  <trkpt lat="12.55357954" lon="78.18895616"><ele>421.557</ele><time>2026-02-23T08:13:28Z</time><speed>9.540</speed><sat>19</sat></trkpt>
  <trkpt lat="12.55352330" lon="78.18902210"><ele>420.924</ele><time>2026-02-23T08:13:29Z</time><speed>9.630</speed><sat>18</sat></trkpt>
  <trkpt lat="12.55346886" lon="78.18909544"><ele>420.926</ele><time>2026-02-23T08:13:30Z</time><speed>9.550</speed><sat>24</sat></trkpt>
  <trkpt lat="12.55340889" lon="78.18916092"><ele>421.543</ele><time>2026-02-23T08:13:31Z</time><speed>9.620</speed><sat>23</sat></trkpt>
  <trkpt lat="12.55335051" lon="78.18923798"><ele>422.753</ele><time>2026-02-23T08:13:32.093Z</time><speed>9.560</speed><sat>27</sat></trkpt>
  <trkpt lat="12.55324479" lon="78.18935445"><ele>421.958</ele><time>2026-02-23T08:13:34Z</time><speed>9.570</speed><sat>43</sat></trkpt>
  <trkpt lat="12.55318676" lon="78.18941734"><ele>422.514</ele><time>2026-02-23T08:13:35Z</time><speed>9.540</speed><sat>46</sat></trkpt>
  <trkpt lat="12.55312636" lon="78.18948183"><ele>422.115</ele><time>2026-02-23T08:13:36Z</time><speed>9.730</speed><sat>47</sat></trkpt>
  <trkpt lat="12.55306463" lon="78.18954088"><ele>421.520</ele><time>2026-02-23T08:13:37Z</time><speed>9.490</speed><sat>49</sat></trkpt>
  <trkpt lat="12.55300032" lon="78.18960641"><ele>421.749</ele><time>2026-02-23T08:13:38Z</time><speed>9.590</speed><sat>49</sat></trkpt>
  <trkpt lat="12.55293848" lon="78.18966903"><ele>421.650</ele><time>2026-02-23T08:13:39Z</time><speed>9.430</speed><sat>49</sat></trkpt>
  <trkpt lat="12.55287832" lon="78.18973383"><ele>421.678</ele><time>2026-02-23T08:13:40Z</time><speed>9.180</speed><sat>48</sat></trkpt>
  <trkpt lat="12.55281811" lon="78.18979425"><ele>421.363</ele><time>2026-02-23T08:13:41Z</time><speed>9.320</speed><sat>47</sat></trkpt>
  <trkpt lat="12.55275653" lon="78.18985500"><ele>421.519</ele><time>2026-02-23T08:13:42Z</time><speed>9.300</speed><sat>49</sat></trkpt>
  <trkpt lat="12.55269627" lon="78.18991753"><ele>421.489</ele><time>2026-02-23T08:13:43Z</time><speed>9.280</speed><sat>48</sat></trkpt>
  <trkpt lat="12.55263475" lon="78.18997982"><ele>421.610</ele><time>2026-02-23T08:13:44Z</time><speed>9.370</speed><sat>50</sat></trkpt>
  <trkpt lat="12.55257540" lon="78.19004293"><ele>421.441</ele><time>2026-02-23T08:13:45Z</time><speed>9.410</speed><sat>27</sat></trkpt>
  <trkpt lat="12.55251592" lon="78.19010446"><ele>421.412</ele><time>2026-02-23T08:13:46Z</time><speed>9.380</speed><sat>27</sat></trkpt>
  <trkpt lat="12.55246284" lon="78.19017147"><ele>421.714</ele><time>2026-02-23T08:13:47Z</time><speed>9.450</speed><sat>24</sat></trkpt>
  <trkpt lat="12.55241049" lon="78.19023433"><ele>421.300</ele><time>2026-02-23T08:13:48Z</time><speed>9.480</speed><sat>26</sat></trkpt>
  <trkpt lat="12.55235308" lon="78.19030594"><ele>421.275</ele><time>2026-02-23T08:13:49Z</time><speed>9.470</speed><sat>25</sat></trkpt>
  <trkpt lat="12.55230012" lon="78.19036742"><ele>421.336</ele><time>2026-02-23T08:13:50Z</time><speed>9.470</speed><sat>24</sat></trkpt>
  <trkpt lat="12.55224662" lon="78.19043646"><ele>421.133</ele><time>2026-02-23T08:13:51Z</time><speed>9.620</speed><sat>19</sat></trkpt>
  <trkpt lat="12.55220412" lon="78.19050395"><ele>419.776</ele><time>2026-02-23T08:13:52Z</time><speed>9.750</speed><sat>26</sat></trkpt>
  <trkpt lat="12.55211419" lon="78.19065085"><ele>420.487</ele><time>2026-02-23T08:13:53.880Z</time><speed>10.080</speed><sat>27</sat></trkpt>
  <trkpt lat="12.55206502" lon="78.19073831"><ele>420.432</ele><time>2026-02-23T08:13:55Z</time><speed>9.910</speed><sat>47</sat></trkpt>
  <trkpt lat="12.55201636" lon="78.19082952"><ele>421.164</ele><time>2026-02-23T08:13:56Z</time><speed>9.740</speed><sat>48</sat></trkpt>
  <trkpt lat="12.55197329" lon="78.19091319"><ele>421.103</ele><time>2026-02-23T08:13:57Z</time><speed>10.140</speed><sat>47</sat></trkpt>
  <trkpt lat="12.55193146" lon="78.19099783"><ele>421.246</ele><time>2026-02-23T08:13:58Z</time><speed>10.080</speed><sat>49</sat></trkpt>
  <trkpt lat="12.55188938" lon="78.19108089"><ele>421.040</ele><time>2026-02-23T08:13:59Z</time><speed>9.890</speed><sat>50</sat></trkpt>
  <trkpt lat="12.55184721" lon="78.19115886"><ele>420.613</ele><time>2026-02-23T08:14:00Z</time><speed>9.770</speed><sat>50</sat></trkpt>
  <trkpt lat="12.55180694" lon="78.19123758"><ele>420.493</ele><time>2026-02-23T08:14:01Z</time><speed>9.780</speed><sat>50</sat></trkpt>
  <trkpt lat="12.55176694" lon="78.19131840"><ele>420.586</ele><time>2026-02-23T08:14:02Z</time><speed>9.720</speed><sat>49</sat></trkpt>
  <trkpt lat="12.55172759" lon="78.19139585"><ele>420.684</ele><time>2026-02-23T08:14:03Z</time><speed>9.670</speed><sat>49</sat></trkpt>
  <trkpt lat="12.55169137" lon="78.19147585"><ele>420.805</ele><time>2026-02-23T08:14:04Z</time><speed>9.610</speed><sat>48</sat></trkpt>
  <trkpt lat="12.55165339" lon="78.19155576"><ele>420.907</ele><time>2026-02-23T08:14:05Z</time><speed>9.550</speed><sat>47</sat></trkpt>
  <trkpt lat="12.55161735" lon="78.19163559"><ele>421.390</ele><time>2026-02-23T08:14:06Z</time><speed>9.490</speed><sat>47</sat></trkpt>
  <trkpt lat="12.55158202" lon="78.19171377"><ele>421.115</ele><time>2026-02-23T08:14:07Z</time><speed>9.430</speed><sat>48</sat></trkpt>
  <trkpt lat="12.55154763" lon="78.19179153"><ele>420.894</ele><time>2026-02-23T08:14:08Z</time><speed>9.420</speed><sat>48</sat></trkpt>
  <trkpt lat="12.55151284" lon="78.19187273"><ele>420.948</ele><time>2026-02-23T08:14:09Z</time><speed>9.400</speed><sat>47</sat></trkpt>
  <trkpt lat="12.55147907" lon="78.19195329"><ele>421.101</ele><time>2026-02-23T08:14:10Z</time><speed>9.390</speed><sat>26</sat></trkpt>
  <trkpt lat="12.55144664" lon="78.19202921"><ele>421.413</ele><time>2026-02-23T08:14:11Z</time><speed>9.470</speed><sat>25</sat></trkpt>
  <trkpt lat="12.55140776" lon="78.19211021"><ele>421.296</ele><time>2026-02-23T08:14:12Z</time><speed>9.640</speed><sat>24</sat></trkpt>
  <trkpt lat="12.55136581" lon="78.19218732"><ele>420.904</ele><time>2026-02-23T08:14:13Z</time><speed>9.810</speed><sat>24</sat></trkpt>
  <trkpt lat="12.55133158" lon="78.19226390"><ele>420.845</ele><time>2026-02-23T08:14:14Z</time><speed>9.830</speed><sat>23</sat></trkpt>
  <trkpt lat="12.55130490" lon="78.19234864"><ele>420.569</ele><time>2026-02-23T08:14:15Z</time><speed>9.850</speed><sat>22</sat></trkpt>
  <trkpt lat="12.55126922" lon="78.19242955"><ele>420.809</ele><time>2026-02-23T08:14:16Z</time><speed>9.840</speed><sat>23</sat></trkpt>
  <trkpt lat="12.55122838" lon="78.19251053"><ele>420.770</ele><time>2026-02-23T08:14:17Z</time><speed>9.890</speed><sat>23</sat></trkpt>
  <trkpt lat="12.55118017" lon="78.19258983"><ele>420.941</ele><time>2026-02-23T08:14:18Z</time><speed>9.840</speed><sat>21</sat></trkpt>
  <trkpt lat="12.55114542" lon="78.19267080"><ele>421.335</ele><time>2026-02-23T08:14:19Z</time><speed>9.780</speed><sat>21</sat></trkpt>
  <trkpt lat="12.55111008" lon="78.19275410"><ele>421.191</ele><time>2026-02-23T08:14:20Z</time><speed>9.740</speed><sat>22</sat></trkpt>
  <trkpt lat="12.55107833" lon="78.19283590"><ele>421.181</ele><time>2026-02-23T08:14:21Z</time><speed>9.770</speed><sat>24</sat></trkpt>
  <trkpt lat="12.55104063" lon="78.19291870"><ele>421.662</ele><time>2026-02-23T08:14:22Z</time><speed>9.770</speed><sat>21</sat></trkpt>
  <trkpt lat="12.55100267" lon="78.19299991"><ele>421.993</ele><time>2026-02-23T08:14:23Z</time><speed>9.600</speed><sat>21</sat></trkpt>
  <trkpt lat="12.55096411" lon="78.19308300"><ele>421.798</ele><time>2026-02-23T08:14:24Z</time><speed>9.600</speed><sat>22</sat></trkpt>
  <trkpt lat="12.55092671" lon="78.19317153"><ele>421.759</ele><time>2026-02-23T08:14:25Z</time><speed>9.610</speed><sat>20</sat></trkpt>
  <trkpt lat="12.55089256" lon="78.19324831"><ele>422.236</ele><time>2026-02-23T08:14:26Z</time><speed>9.560</speed><sat>21</sat></trkpt>
  <trkpt lat="12.55085425" lon="78.19332968"><ele>422.127</ele><time>2026-02-23T08:14:27Z</time><speed>9.530</speed><sat>22</sat></trkpt>
  <trkpt lat="12.55082517" lon="78.19340405"><ele>421.768</ele><time>2026-02-23T08:14:28Z</time><speed>9.530</speed><sat>19</sat></trkpt>
  <trkpt lat="12.55078261" lon="78.19348454"><ele>422.785</ele><time>2026-02-23T08:14:29Z</time><speed>9.570</speed><sat>20</sat></trkpt>
  <trkpt lat="12.55073977" lon="78.19356900"><ele>422.498</ele><time>2026-02-23T08:14:30Z</time><speed>9.560</speed><sat>22</sat></trkpt>
  <trkpt lat="12.55071133" lon="78.19364752"><ele>423.374</ele><time>2026-02-23T08:14:31Z</time><speed>9.550</speed><sat>20</sat></trkpt>
  <trkpt lat="12.55067786" lon="78.19372527"><ele>423.142</ele><time>2026-02-23T08:14:32Z</time><speed>9.530</speed><sat>18</sat></trkpt>
  <trkpt lat="12.55064585" lon="78.19380517"><ele>424.672</ele><time>2026-02-23T08:14:33Z</time><speed>9.510</speed><sat>21</sat></trkpt>
  <trkpt lat="12.55061313" lon="78.19388795"><ele>424.793</ele><time>2026-02-23T08:14:34Z</time><speed>9.550</speed><sat>19</sat></trkpt>
  <trkpt lat="12.55057670" lon="78.19397046"><ele>424.124</ele><time>2026-02-23T08:14:35Z</time><speed>9.520</speed><sat>20</sat></trkpt>
  <trkpt lat="12.55053621" lon="78.19404073"><ele>423.464</ele><time>2026-02-23T08:14:36Z</time><speed>9.460</speed><sat>23</sat></trkpt>
  <trkpt lat="12.55049728" lon="78.19411690"><ele>422.577</ele><time>2026-02-23T08:14:37Z</time><speed>9.380</speed><sat>22</sat></trkpt>
  <trkpt lat="12.55046720" lon="78.19419232"><ele>421.809</ele><time>2026-02-23T08:14:38Z</time><speed>9.240</speed><sat>19</sat></trkpt>
  <trkpt lat="12.55042827" lon="78.19426917"><ele>421.691</ele><time>2026-02-23T08:14:39Z</time><speed>9.120</speed><sat>19</sat></trkpt>
  <trkpt lat="12.55039141" lon="78.19434878"><ele>421.526</ele><time>2026-02-23T08:14:40Z</time><speed>8.890</speed><sat>18</sat></trkpt>
  <trkpt lat="12.55035146" lon="78.19442196"><ele>422.444</ele><time>2026-02-23T08:14:41Z</time><speed>8.850</speed><sat>22</sat></trkpt>
  <trkpt lat="12.55031614" lon="78.19449685"><ele>422.468</ele><time>2026-02-23T08:14:42Z</time><speed>8.710</speed><sat>18</sat></trkpt>
  <trkpt lat="12.55027963" lon="78.19457456"><ele>422.665</ele><time>2026-02-23T08:14:43Z</time><speed>8.790</speed><sat>20</sat></trkpt>
  <trkpt lat="12.55024855" lon="78.19464663"><ele>422.902</ele><time>2026-02-23T08:14:44Z</time><speed>8.570</speed><sat>19</sat></trkpt>
  <trkpt lat="12.55021249" lon="78.19471526"><ele>422.405</ele><time>2026-02-23T08:14:45Z</time><speed>8.570</speed><sat>17</sat></trkpt>
  <trkpt lat="12.55017856" lon="78.19478990"><ele>422.044</ele><time>2026-02-23T08:14:46Z</time><speed>8.410</speed><sat>20</sat></trkpt>
  <trkpt lat="12.55014376" lon="78.19485543"><ele>421.838</ele><time>2026-02-23T08:14:47Z</time><speed>8.510</speed><sat>23</sat></trkpt>
  <trkpt lat="12.55011051" lon="78.19492791"><ele>422.214</ele><time>2026-02-23T08:14:48Z</time><speed>8.540</speed><sat>20</sat></trkpt>
  <trkpt lat="12.55008100" lon="78.19499601"><ele>422.939</ele><time>2026-02-23T08:14:49Z</time><speed>8.520</speed><sat>23</sat></trkpt>
  <trkpt lat="12.55004911" lon="78.19507017"><ele>422.357</ele><time>2026-02-23T08:14:50Z</time><speed>8.780</speed><sat>24</sat></trkpt>
  <trkpt lat="12.55001452" lon="78.19514564"><ele>422.773</ele><time>2026-02-23T08:14:51Z</time><speed>8.740</speed><sat>21</sat></trkpt>
  <trkpt lat="12.54998550" lon="78.19521495"><ele>422.125</ele><time>2026-02-23T08:14:52Z</time><speed>8.800</speed><sat>24</sat></trkpt>
  <trkpt lat="12.54996185" lon="78.19528669"><ele>422.205</ele><time>2026-02-23T08:14:53Z</time><speed>8.730</speed><sat>23</sat></trkpt>
  <trkpt lat="12.54992928" lon="78.19536126"><ele>421.506</ele><time>2026-02-23T08:14:54Z</time><speed>8.710</speed><sat>25</sat></trkpt>
  <trkpt lat="12.54990265" lon="78.19543323"><ele>422.857</ele><time>2026-02-23T08:14:55Z</time><speed>8.760</speed><sat>22</sat></trkpt>
  <trkpt lat="12.54987115" lon="78.19550736"><ele>423.813</ele><time>2026-02-23T08:14:56Z</time><speed>8.740</speed><sat>23</sat></trkpt>
  <trkpt lat="12.54983965" lon="78.19557992"><ele>423.689</ele><time>2026-02-23T08:14:57Z</time><speed>8.740</speed><sat>24</sat></trkpt>
  <trkpt lat="12.54980201" lon="78.19565193"><ele>424.192</ele><time>2026-02-23T08:14:58Z</time><speed>8.680</speed><sat>23</sat></trkpt>
  <trkpt lat="12.54976631" lon="78.19572201"><ele>423.970</ele><time>2026-02-23T08:14:59Z</time><speed>8.660</speed><sat>23</sat></trkpt>
  <trkpt lat="12.54973271" lon="78.19579850"><ele>425.455</ele><time>2026-02-23T08:15:00Z</time><speed>8.680</speed><sat>25</sat></trkpt>
  <trkpt lat="12.54969370" lon="78.19587204"><ele>426.373</ele><time>2026-02-23T08:15:01Z</time><speed>8.730</speed><sat>23</sat></trkpt>
  <trkpt lat="12.54965851" lon="78.19593940"><ele>427.117</ele><time>2026-02-23T08:15:02Z</time><speed>8.620</speed><sat>23</sat></trkpt>
  <trkpt lat="12.54962156" lon="78.19600311"><ele>426.440</ele><time>2026-02-23T08:15:03Z</time><speed>8.630</speed><sat>24</sat></trkpt>
  <trkpt lat="12.54957871" lon="78.19607615"><ele>426.581</ele><time>2026-02-23T08:15:04Z</time><speed>8.760</speed><sat>21</sat></trkpt>
  <trkpt lat="12.54953769" lon="78.19614665"><ele>426.609</ele><time>2026-02-23T08:15:05Z</time><speed>8.730</speed><sat>24</sat></trkpt>
  <trkpt lat="12.54949330" lon="78.19621382"><ele>427.244</ele><time>2026-02-23T08:15:06Z</time><speed>8.890</speed><sat>22</sat></trkpt>
  <trkpt lat="12.54944893" lon="78.19628115"><ele>427.956</ele><time>2026-02-23T08:15:07Z</time><speed>9.040</speed><sat>23</sat></trkpt>
  <trkpt lat="12.54940340" lon="78.19634758"><ele>428.838</ele><time>2026-02-23T08:15:08Z</time><speed>9.270</speed><sat>25</sat></trkpt>
  <trkpt lat="12.54934940" lon="78.19642633"><ele>428.966</ele><time>2026-02-23T08:15:09Z</time><speed>9.480</speed><sat>22</sat></trkpt>
  <trkpt lat="12.54930199" lon="78.19648994"><ele>429.443</ele><time>2026-02-23T08:15:10Z</time><speed>9.490</speed><sat>23</sat></trkpt>
  <trkpt lat="12.54925456" lon="78.19655652"><ele>429.135</ele><time>2026-02-23T08:15:11Z</time><speed>9.550</speed><sat>22</sat></trkpt>
  <trkpt lat="12.54919122" lon="78.19664071"><ele>430.026</ele><time>2026-02-23T08:15:12.131Z</time><speed>9.310</speed><sat>27</sat></trkpt>
  <trkpt lat="12.54909123" lon="78.19677023"><ele>431.316</ele><time>2026-02-23T08:15:14Z</time><speed>9.660</speed><sat>45</sat></trkpt>
  <trkpt lat="12.54903665" lon="78.19683818"><ele>431.725</ele><time>2026-02-23T08:15:15Z</time><speed>9.720</speed><sat>46</sat></trkpt>
  <trkpt lat="12.54899414" lon="78.19689102"><ele>431.771</ele><time>2026-02-23T08:15:15.770Z</time><speed>9.660</speed><sat>50</sat></trkpt>
  <trkpt lat="12.54887728" lon="78.19704097"><ele>432.255</ele><time>2026-02-23T08:15:18Z</time><speed>9.950</speed><sat>47</sat></trkpt>
  <trkpt lat="12.54881852" lon="78.19710667"><ele>432.259</ele><time>2026-02-23T08:15:19Z</time><speed>9.520</speed><sat>51</sat></trkpt>
  <trkpt lat="12.54875986" lon="78.19717399"><ele>432.414</ele><time>2026-02-23T08:15:20Z</time><speed>9.480</speed><sat>52</sat></trkpt>
  <trkpt lat="12.54870146" lon="78.19723941"><ele>432.605</ele><time>2026-02-23T08:15:21Z</time><speed>9.400</speed><sat>52</sat></trkpt>
  <trkpt lat="12.54864560" lon="78.19730485"><ele>432.650</ele><time>2026-02-23T08:15:22Z</time><speed>9.300</speed><sat>52</sat></trkpt>
  <trkpt lat="12.54858915" lon="78.19737071"><ele>432.672</ele><time>2026-02-23T08:15:23Z</time><speed>9.450</speed><sat>52</sat></trkpt>
  <trkpt lat="12.54853267" lon="78.19743499"><ele>433.127</ele><time>2026-02-23T08:15:24Z</time><speed>9.420</speed><sat>52</sat></trkpt>
  <trkpt lat="12.54847532" lon="78.19749879"><ele>433.191</ele><time>2026-02-23T08:15:25Z</time><speed>9.380</speed><sat>50</sat></trkpt>
  <trkpt lat="12.54841404" lon="78.19755666"><ele>432.437</ele><time>2026-02-23T08:15:26Z</time><speed>9.600</speed><sat>48</sat></trkpt>
  <trkpt lat="12.54835598" lon="78.19762391"><ele>432.564</ele><time>2026-02-23T08:15:27Z</time><speed>9.740</speed><sat>47</sat></trkpt>
  <trkpt lat="12.54829842" lon="78.19769133"><ele>432.882</ele><time>2026-02-23T08:15:28Z</time><speed>9.520</speed><sat>46</sat></trkpt>
  <trkpt lat="12.54823814" lon="78.19775595"><ele>432.966</ele><time>2026-02-23T08:15:29Z</time><speed>9.510</speed><sat>43</sat></trkpt>
  <trkpt lat="12.54818028" lon="78.19782069"><ele>433.341</ele><time>2026-02-23T08:15:30Z</time><speed>9.520</speed><sat>22</sat></trkpt>
  <trkpt lat="12.54812032" lon="78.19788910"><ele>432.995</ele><time>2026-02-23T08:15:31Z</time><speed>9.560</speed><sat>21</sat></trkpt>
  <trkpt lat="12.54805979" lon="78.19795448"><ele>432.950</ele><time>2026-02-23T08:15:32Z</time><speed>9.550</speed><sat>20</sat></trkpt>
  <trkpt lat="12.54800212" lon="78.19802134"><ele>432.552</ele><time>2026-02-23T08:15:33Z</time><speed>9.490</speed><sat>19</sat></trkpt>
  <trkpt lat="12.54794605" lon="78.19808346"><ele>432.499</ele><time>2026-02-23T08:15:34Z</time><speed>9.120</speed><sat>20</sat></trkpt>
  <trkpt lat="12.54789070" lon="78.19814560"><ele>432.375</ele><time>2026-02-23T08:15:35Z</time><speed>9.170</speed><sat>20</sat></trkpt>
  <trkpt lat="12.54783486" lon="78.19820892"><ele>432.666</ele><time>2026-02-23T08:15:36Z</time><speed>9.130</speed><sat>20</sat></trkpt>
  <trkpt lat="12.54778274" lon="78.19827044"><ele>433.302</ele><time>2026-02-23T08:15:37Z</time><speed>8.980</speed><sat>16</sat></trkpt>
  <trkpt lat="12.54772078" lon="78.19833033"><ele>432.892</ele><time>2026-02-23T08:15:38Z</time><speed>8.930</speed><sat>16</sat></trkpt>
  <trkpt lat="12.54766737" lon="78.19839482"><ele>433.179</ele><time>2026-02-23T08:15:39Z</time><speed>9.060</speed><sat>15</sat></trkpt>
  <trkpt lat="12.54761357" lon="78.19845539"><ele>433.343</ele><time>2026-02-23T08:15:40Z</time><speed>8.950</speed><sat>14</sat></trkpt>
  <trkpt lat="12.54755008" lon="78.19851767"><ele>433.238</ele><time>2026-02-23T08:15:41Z</time><speed>9.030</speed><sat>15</sat></trkpt>
  <trkpt lat="12.54749682" lon="78.19857933"><ele>433.253</ele><time>2026-02-23T08:15:42Z</time><speed>9.170</speed><sat>13</sat></trkpt>
  <trkpt lat="12.54743477" lon="78.19864372"><ele>433.556</ele><time>2026-02-23T08:15:43Z</time><speed>9.240</speed><sat>15</sat></trkpt>
  <trkpt lat="12.54738351" lon="78.19871201"><ele>432.891</ele><time>2026-02-23T08:15:44Z</time><speed>9.130</speed><sat>16</sat></trkpt>
  <trkpt lat="12.54732584" lon="78.19878006"><ele>431.869</ele><time>2026-02-23T08:15:45Z</time><speed>9.050</speed><sat>17</sat></trkpt>
  <trkpt lat="12.54727140" lon="78.19884627"><ele>431.222</ele><time>2026-02-23T08:15:46Z</time><speed>9.070</speed><sat>16</sat></trkpt>
  <trkpt lat="12.54721573" lon="78.19890403"><ele>430.914</ele><time>2026-02-23T08:15:47Z</time><speed>9.210</speed><sat>17</sat></trkpt>
  <trkpt lat="12.54716390" lon="78.19896941"><ele>431.233</ele><time>2026-02-23T08:15:48Z</time><speed>9.310</speed><sat>16</sat></trkpt>
  <trkpt lat="12.54710586" lon="78.19903851"><ele>431.130</ele><time>2026-02-23T08:15:49Z</time><speed>9.500</speed><sat>15</sat></trkpt>
  <trkpt lat="12.54703825" lon="78.19908881"><ele>430.459</ele><time>2026-02-23T08:15:50Z</time><speed>9.500</speed><sat>15</sat></trkpt>
  <trkpt lat="12.54698432" lon="78.19915473"><ele>429.896</ele><time>2026-02-23T08:15:51Z</time><speed>9.330</speed><sat>13</sat></trkpt>
  <trkpt lat="12.54693218" lon="78.19921497"><ele>430.285</ele><time>2026-02-23T08:15:52Z</time><speed>9.060</speed><sat>14</sat></trkpt>
  <trkpt lat="12.54688264" lon="78.19927519"><ele>430.353</ele><time>2026-02-23T08:15:53Z</time><speed>8.820</speed><sat>16</sat></trkpt>
  <trkpt lat="12.54682853" lon="78.19934037"><ele>429.957</ele><time>2026-02-23T08:15:54Z</time><speed>8.660</speed><sat>17</sat></trkpt>
  <trkpt lat="12.54678060" lon="78.19940249"><ele>430.021</ele><time>2026-02-23T08:15:55Z</time><speed>8.520</speed><sat>16</sat></trkpt>
  <trkpt lat="12.54673422" lon="78.19946563"><ele>430.486</ele><time>2026-02-23T08:15:56Z</time><speed>8.350</speed><sat>15</sat></trkpt>
  <trkpt lat="12.54669185" lon="78.19952573"><ele>430.495</ele><time>2026-02-23T08:15:57Z</time><speed>8.090</speed><sat>16</sat></trkpt>
  <trkpt lat="12.54665037" lon="78.19957600"><ele>430.647</ele><time>2026-02-23T08:15:58Z</time><speed>7.810</speed><sat>17</sat></trkpt>
  <trkpt lat="12.54661099" lon="78.19962988"><ele>429.961</ele><time>2026-02-23T08:15:59Z</time><speed>7.710</speed><sat>16</sat></trkpt>
  <trkpt lat="12.54656956" lon="78.19968350"><ele>429.828</ele><time>2026-02-23T08:16:00Z</time><speed>7.660</speed><sat>15</sat></trkpt>
  <trkpt lat="12.54652718" lon="78.19974207"><ele>429.725</ele><time>2026-02-23T08:16:01Z</time><speed>7.700</speed><sat>15</sat></trkpt>
  <trkpt lat="12.54647724" lon="78.19980264"><ele>429.181</ele><time>2026-02-23T08:16:02Z</time><speed>7.910</speed><sat>12</sat></trkpt>
  <trkpt lat="12.54643268" lon="78.19986665"><ele>429.053</ele><time>2026-02-23T08:16:03Z</time><speed>8.040</speed><sat>17</sat></trkpt>
  <trkpt lat="12.54639141" lon="78.19992939"><ele>428.147</ele><time>2026-02-23T08:16:04Z</time><speed>7.890</speed><sat>18</sat></trkpt>
  <trkpt lat="12.54635298" lon="78.19998546"><ele>427.908</ele><time>2026-02-23T08:16:05Z</time><speed>7.830</speed><sat>16</sat></trkpt>
  <trkpt lat="12.54631413" lon="78.20004598"><ele>427.159</ele><time>2026-02-23T08:16:06Z</time><speed>7.820</speed><sat>14</sat></trkpt>
  <trkpt lat="12.54627607" lon="78.20010171"><ele>427.007</ele><time>2026-02-23T08:16:07Z</time><speed>7.860</speed><sat>20</sat></trkpt>
  <trkpt lat="12.54623461" lon="78.20016716"><ele>427.142</ele><time>2026-02-23T08:16:08Z</time><speed>8.040</speed><sat>21</sat></trkpt>
  <trkpt lat="12.54618848" lon="78.20022022"><ele>426.628</ele><time>2026-02-23T08:16:09Z</time><speed>7.730</speed><sat>18</sat></trkpt>
  <trkpt lat="12.54614350" lon="78.20027007"><ele>426.546</ele><time>2026-02-23T08:16:10Z</time><speed>7.370</speed><sat>19</sat></trkpt>
  <trkpt lat="12.54610807" lon="78.20032121"><ele>425.884</ele><time>2026-02-23T08:16:11Z</time><speed>7.090</speed><sat>18</sat></trkpt>
  <trkpt lat="12.54607356" lon="78.20037186"><ele>425.112</ele><time>2026-02-23T08:16:12Z</time><speed>7.020</speed><sat>17</sat></trkpt>
  <trkpt lat="12.54603709" lon="78.20042539"><ele>424.797</ele><time>2026-02-23T08:16:13Z</time><speed>7.150</speed><sat>15</sat></trkpt>
  <trkpt lat="12.54599081" lon="78.20047380"><ele>425.044</ele><time>2026-02-23T08:16:14Z</time><speed>7.340</speed><sat>16</sat></trkpt>
  <trkpt lat="12.54594733" lon="78.20052477"><ele>425.379</ele><time>2026-02-23T08:16:15Z</time><speed>7.460</speed><sat>16</sat></trkpt>
  <trkpt lat="12.54589941" lon="78.20057858"><ele>425.295</ele><time>2026-02-23T08:16:16Z</time><speed>7.630</speed><sat>14</sat></trkpt>
  <trkpt lat="12.54585406" lon="78.20062467"><ele>425.369</ele><time>2026-02-23T08:16:17Z</time><speed>7.660</speed><sat>19</sat></trkpt>
  <trkpt lat="12.54579963" lon="78.20067514"><ele>424.960</ele><time>2026-02-23T08:16:18Z</time><speed>7.710</speed><sat>19</sat></trkpt>
  <trkpt lat="12.54575259" lon="78.20073134"><ele>425.129</ele><time>2026-02-23T08:16:19Z</time><speed>7.680</speed><sat>18</sat></trkpt>
  <trkpt lat="12.54569125" lon="78.20077221"><ele>424.897</ele><time>2026-02-23T08:16:20Z</time><speed>7.290</speed><sat>16</sat></trkpt>
  <trkpt lat="12.54565334" lon="78.20081575"><ele>426.827</ele><time>2026-02-23T08:16:21Z</time><speed>6.200</speed><sat>17</sat></trkpt>
  <trkpt lat="12.54561566" lon="78.20084169"><ele>427.348</ele><time>2026-02-23T08:16:22Z</time><speed>5.330</speed><sat>18</sat></trkpt>
  <trkpt lat="12.54557768" lon="78.20086792"><ele>428.185</ele><time>2026-02-23T08:16:23Z</time><speed>4.750</speed><sat>21</sat></trkpt>
  <trkpt lat="12.54556454" lon="78.20088880"><ele>429.870</ele><time>2026-02-23T08:16:24Z</time><speed>3.920</speed><sat>21</sat></trkpt>
  <trkpt lat="12.54553939" lon="78.20091343"><ele>429.538</ele><time>2026-02-23T08:16:25Z</time><speed>3.580</speed><sat>21</sat></trkpt>
  <trkpt lat="12.54551828" lon="78.20093199"><ele>429.851</ele><time>2026-02-23T08:16:26Z</time><speed>3.530</speed><sat>20</sat></trkpt>
  <trkpt lat="12.54549258" lon="78.20095115"><ele>430.512</ele><time>2026-02-23T08:16:27Z</time><speed>3.410</speed><sat>21</sat></trkpt>
  <trkpt lat="12.54547063" lon="78.20097121"><ele>430.769</ele><time>2026-02-23T08:16:28Z</time><speed>3.300</speed><sat>22</sat></trkpt>
  <trkpt lat="12.54545040" lon="78.20098947"><ele>431.741</ele><time>2026-02-23T08:16:29Z</time><speed>2.870</speed><sat>20</sat></trkpt>
  <trkpt lat="12.54543088" lon="78.20100805"><ele>432.331</ele><time>2026-02-23T08:16:30Z</time><speed>2.950</speed><sat>20</sat></trkpt>
  <trkpt lat="12.54540960" lon="78.20103008"><ele>432.575</ele><time>2026-02-23T08:16:31Z</time><speed>3.410</speed><sat>19</sat></trkpt>
  <trkpt lat="12.54538913" lon="78.20105023"><ele>432.740</ele><time>2026-02-23T08:16:32Z</time><speed>2.830</speed><sat>18</sat></trkpt>
  <trkpt lat="12.54537165" lon="78.20106778"><ele>432.474</ele><time>2026-02-23T08:16:33Z</time><speed>2.780</speed><sat>17</sat></trkpt>
  <trkpt lat="12.54535430" lon="78.20108651"><ele>432.725</ele><time>2026-02-23T08:16:34Z</time><speed>2.830</speed><sat>17</sat></trkpt>
  <trkpt lat="12.54533657" lon="78.20109842"><ele>432.840</ele><time>2026-02-23T08:16:35Z</time><speed>2.660</speed><sat>16</sat></trkpt>
  <trkpt lat="12.54532321" lon="78.20111470"><ele>432.971</ele><time>2026-02-23T08:16:36Z</time><speed>2.220</speed><sat>15</sat></trkpt>
  <trkpt lat="12.54531088" lon="78.20112881"><ele>433.811</ele><time>2026-02-23T08:16:37Z</time><speed>2.180</speed><sat>18</sat></trkpt>
  <trkpt lat="12.54529922" lon="78.20114347"><ele>433.277</ele><time>2026-02-23T08:16:38Z</time><speed>2.270</speed><sat>17</sat></trkpt>
  <trkpt lat="12.54528416" lon="78.20116120"><ele>433.359</ele><time>2026-02-23T08:16:39Z</time><speed>2.950</speed><sat>15</sat></trkpt>
  <trkpt lat="12.54526496" lon="78.20118108"><ele>432.894</ele><time>2026-02-23T08:16:40Z</time><speed>3.270</speed><sat>21</sat></trkpt>
  <trkpt lat="12.54523923" lon="78.20120574"><ele>432.758</ele><time>2026-02-23T08:16:41Z</time><speed>4.290</speed><sat>19</sat></trkpt>
  <trkpt lat="12.54521299" lon="78.20123538"><ele>431.921</ele><time>2026-02-23T08:16:42Z</time><speed>4.640</speed><sat>18</sat></trkpt>
  <trkpt lat="12.54518779" lon="78.20126606"><ele>431.599</ele><time>2026-02-23T08:16:43Z</time><speed>4.330</speed><sat>20</sat></trkpt>
  <trkpt lat="12.54516734" lon="78.20129169"><ele>431.680</ele><time>2026-02-23T08:16:44Z</time><speed>3.390</speed><sat>19</sat></trkpt>
  <trkpt lat="12.54515211" lon="78.20131035"><ele>431.800</ele><time>2026-02-23T08:16:45Z</time><speed>2.570</speed><sat>18</sat></trkpt>
  <trkpt lat="12.54513744" lon="78.20132992"><ele>431.003</ele><time>2026-02-23T08:16:46Z</time><speed>2.620</speed><sat>19</sat></trkpt>
  <trkpt lat="12.54511748" lon="78.20134393"><ele>430.533</ele><time>2026-02-23T08:16:47Z</time><speed>3.170</speed><sat>20</sat></trkpt>
  <trkpt lat="12.54509366" lon="78.20136338"><ele>430.402</ele><time>2026-02-23T08:16:48Z</time><speed>3.770</speed><sat>16</sat></trkpt>
  <trkpt lat="12.54506749" lon="78.20138715"><ele>430.460</ele><time>2026-02-23T08:16:49Z</time><speed>3.870</speed><sat>18</sat></trkpt>
  <trkpt lat="12.54503587" lon="78.20141234"><ele>430.493</ele><time>2026-02-23T08:16:50Z</time><speed>4.370</speed><sat>19</sat></trkpt>
  <trkpt lat="12.54499971" lon="78.20144051"><ele>430.710</ele><time>2026-02-23T08:16:51Z</time><speed>4.900</speed><sat>18</sat></trkpt>
  <trkpt lat="12.54496285" lon="78.20146911"><ele>430.812</ele><time>2026-02-23T08:16:52Z</time><speed>4.980</speed><sat>19</sat></trkpt>
  <trkpt lat="12.54492591" lon="78.20146560"><ele>427.958</ele><time>2026-02-23T08:16:53Z</time><speed>5.210</speed><sat>21</sat></trkpt>
  <trkpt lat="12.54487961" lon="78.20147951"><ele>427.716</ele><time>2026-02-23T08:16:54Z</time><speed>5.190</speed><sat>16</sat></trkpt>
  <trkpt lat="12.54484226" lon="78.20147478"><ele>425.384</ele><time>2026-02-23T08:16:55Z</time><speed>5.020</speed><sat>19</sat></trkpt>
  <trkpt lat="12.54480082" lon="78.20148169"><ele>423.649</ele><time>2026-02-23T08:16:56Z</time><speed>5.000</speed><sat>22</sat></trkpt>
  <trkpt lat="12.54475759" lon="78.20149788"><ele>423.658</ele><time>2026-02-23T08:16:57Z</time><speed>5.030</speed><sat>17</sat></trkpt>
  <trkpt lat="12.54471876" lon="78.20150841"><ele>425.367</ele><time>2026-02-23T08:16:58Z</time><speed>5.080</speed><sat>21</sat></trkpt>
  <trkpt lat="12.54467184" lon="78.20153145"><ele>425.340</ele><time>2026-02-23T08:16:59Z</time><speed>5.410</speed><sat>20</sat></trkpt>
  <trkpt lat="12.54462767" lon="78.20155500"><ele>424.726</ele><time>2026-02-23T08:17:00Z</time><speed>5.330</speed><sat>22</sat></trkpt>
  <trkpt lat="12.54456857" lon="78.20153840"><ele>424.272</ele><time>2026-02-23T08:17:01Z</time><speed>5.510</speed><sat>20</sat></trkpt>
  <trkpt lat="12.54451815" lon="78.20155251"><ele>424.448</ele><time>2026-02-23T08:17:02Z</time><speed>5.830</speed><sat>21</sat></trkpt>
  <trkpt lat="12.54447524" lon="78.20155896"><ele>424.228</ele><time>2026-02-23T08:17:03Z</time><speed>5.930</speed><sat>20</sat></trkpt>
  <trkpt lat="12.54442064" lon="78.20157620"><ele>423.533</ele><time>2026-02-23T08:17:04Z</time><speed>6.190</speed><sat>20</sat></trkpt>
  <trkpt lat="12.54436334" lon="78.20158259"><ele>423.873</ele><time>2026-02-23T08:17:05Z</time><speed>6.550</speed><sat>19</sat></trkpt>
  <trkpt lat="12.54430399" lon="78.20159961"><ele>423.851</ele><time>2026-02-23T08:17:06Z</time><speed>6.780</speed><sat>20</sat></trkpt>
  <trkpt lat="12.54423685" lon="78.20160352"><ele>422.666</ele><time>2026-02-23T08:17:07Z</time><speed>7.080</speed><sat>18</sat></trkpt>
  <trkpt lat="12.54417371" lon="78.20161686"><ele>422.535</ele><time>2026-02-23T08:17:08Z</time><speed>7.290</speed><sat>17</sat></trkpt>
  <trkpt lat="12.54411618" lon="78.20162510"><ele>422.752</ele><time>2026-02-23T08:17:09Z</time><speed>6.930</speed><sat>21</sat></trkpt>
  <trkpt lat="12.54405782" lon="78.20163436"><ele>423.303</ele><time>2026-02-23T08:17:10Z</time><speed>6.870</speed><sat>16</sat></trkpt>
  <trkpt lat="12.54399074" lon="78.20163636"><ele>421.865</ele><time>2026-02-23T08:17:11Z</time><speed>6.980</speed><sat>17</sat></trkpt>
  <trkpt lat="12.54392770" lon="78.20166438"><ele>423.013</ele><time>2026-02-23T08:17:12Z</time><speed>6.880</speed><sat>20</sat></trkpt>
  <trkpt lat="12.54386609" lon="78.20168128"><ele>423.155</ele><time>2026-02-23T08:17:13Z</time><speed>6.970</speed><sat>19</sat></trkpt>
  <trkpt lat="12.54380233" lon="78.20169754"><ele>422.785</ele><time>2026-02-23T08:17:14Z</time><speed>6.930</speed><sat>19</sat></trkpt>
  <trkpt lat="12.54373949" lon="78.20172885"><ele>422.903</ele><time>2026-02-23T08:17:15Z</time><speed>7.150</speed><sat>15</sat></trkpt>
  <trkpt lat="12.54367883" lon="78.20174839"><ele>422.918</ele><time>2026-02-23T08:17:16Z</time><speed>7.190</speed><sat>22</sat></trkpt>
  <trkpt lat="12.54361501" lon="78.20176736"><ele>422.627</ele><time>2026-02-23T08:17:17Z</time><speed>7.370</speed><sat>20</sat></trkpt>
  <trkpt lat="12.54355464" lon="78.20179203"><ele>422.169</ele><time>2026-02-23T08:17:18Z</time><speed>7.510</speed><sat>20</sat></trkpt>
  <trkpt lat="12.54348300" lon="78.20180802"><ele>422.779</ele><time>2026-02-23T08:17:19Z</time><speed>7.580</speed><sat>22</sat></trkpt>
  <trkpt lat="12.54341319" lon="78.20182665"><ele>424.376</ele><time>2026-02-23T08:17:20Z</time><speed>7.600</speed><sat>23</sat></trkpt>
  <trkpt lat="12.54335491" lon="78.20183217"><ele>423.919</ele><time>2026-02-23T08:17:21Z</time><speed>7.630</speed><sat>22</sat></trkpt>
  <trkpt lat="12.54328668" lon="78.20185373"><ele>424.047</ele><time>2026-02-23T08:17:22Z</time><speed>7.660</speed><sat>19</sat></trkpt>
  <trkpt lat="12.54322214" lon="78.20187619"><ele>423.659</ele><time>2026-02-23T08:17:23Z</time><speed>7.530</speed><sat>22</sat></trkpt>
  <trkpt lat="12.54316096" lon="78.20189959"><ele>422.695</ele><time>2026-02-23T08:17:24Z</time><speed>7.850</speed><sat>22</sat></trkpt>
  <trkpt lat="12.54309303" lon="78.20192500"><ele>423.603</ele><time>2026-02-23T08:17:25Z</time><speed>7.840</speed><sat>23</sat></trkpt>
  <trkpt lat="12.54301938" lon="78.20195042"><ele>423.957</ele><time>2026-02-23T08:17:26Z</time><speed>7.910</speed><sat>23</sat></trkpt>
  <trkpt lat="12.54295036" lon="78.20197802"><ele>424.230</ele><time>2026-02-23T08:17:27Z</time><speed>8.010</speed><sat>20</sat></trkpt>
  <trkpt lat="12.54287756" lon="78.20200481"><ele>423.673</ele><time>2026-02-23T08:17:28Z</time><speed>8.060</speed><sat>18</sat></trkpt>
  <trkpt lat="12.54279927" lon="78.20203519"><ele>422.947</ele><time>2026-02-23T08:17:29Z</time><speed>8.230</speed><sat>17</sat></trkpt>
  <trkpt lat="12.54271973" lon="78.20206073"><ele>422.982</ele><time>2026-02-23T08:17:30Z</time><speed>8.230</speed><sat>20</sat></trkpt>
  <trkpt lat="12.54265729" lon="78.20206532"><ele>421.768</ele><time>2026-02-23T08:17:31Z</time><speed>8.260</speed><sat>19</sat></trkpt>
  <trkpt lat="12.54259160" lon="78.20208673"><ele>421.752</ele><time>2026-02-23T08:17:32Z</time><speed>8.190</speed><sat>21</sat></trkpt>
  <trkpt lat="12.54252232" lon="78.20210395"><ele>421.255</ele><time>2026-02-23T08:17:33Z</time><speed>8.040</speed><sat>19</sat></trkpt>
  <trkpt lat="12.54245424" lon="78.20212504"><ele>422.348</ele><time>2026-02-23T08:17:34Z</time><speed>7.930</speed><sat>18</sat></trkpt>
  <trkpt lat="12.54237923" lon="78.20214214"><ele>420.178</ele><time>2026-02-23T08:17:35Z</time><speed>7.910</speed><sat>20</sat></trkpt>
  <trkpt lat="12.54231287" lon="78.20215969"><ele>419.885</ele><time>2026-02-23T08:17:36Z</time><speed>7.930</speed><sat>18</sat></trkpt>
  <trkpt lat="12.54224181" lon="78.20218547"><ele>420.074</ele><time>2026-02-23T08:17:37Z</time><speed>8.220</speed><sat>21</sat></trkpt>
  <trkpt lat="12.54217487" lon="78.20220577"><ele>419.907</ele><time>2026-02-23T08:17:38Z</time><speed>8.070</speed><sat>21</sat></trkpt>
  <trkpt lat="12.54211189" lon="78.20222705"><ele>419.197</ele><time>2026-02-23T08:17:39Z</time><speed>7.980</speed><sat>20</sat></trkpt>
  <trkpt lat="12.54204592" lon="78.20225434"><ele>418.778</ele><time>2026-02-23T08:17:40Z</time><speed>7.930</speed><sat>22</sat></trkpt>
  <trkpt lat="12.54197396" lon="78.20227710"><ele>418.599</ele><time>2026-02-23T08:17:41Z</time><speed>8.190</speed><sat>22</sat></trkpt>
  <trkpt lat="12.54190564" lon="78.20229772"><ele>418.302</ele><time>2026-02-23T08:17:42Z</time><speed>8.320</speed><sat>19</sat></trkpt>
  <trkpt lat="12.54182946" lon="78.20231372"><ele>417.785</ele><time>2026-02-23T08:17:43Z</time><speed>8.540</speed><sat>19</sat></trkpt>
  <trkpt lat="12.54175470" lon="78.20232882"><ele>417.401</ele><time>2026-02-23T08:17:44Z</time><speed>8.680</speed><sat>17</sat></trkpt>
  <trkpt lat="12.54167628" lon="78.20234854"><ele>417.287</ele><time>2026-02-23T08:17:45Z</time><speed>8.820</speed><sat>18</sat></trkpt>
  <trkpt lat="12.54159888" lon="78.20236939"><ele>416.729</ele><time>2026-02-23T08:17:46Z</time><speed>8.730</speed><sat>18</sat></trkpt>
  <trkpt lat="12.54151897" lon="78.20238933"><ele>415.957</ele><time>2026-02-23T08:17:47Z</time><speed>9.010</speed><sat>19</sat></trkpt>
  <trkpt lat="12.54144004" lon="78.20241196"><ele>416.016</ele><time>2026-02-23T08:17:48Z</time><speed>8.990</speed><sat>16</sat></trkpt>
  <trkpt lat="12.54136128" lon="78.20243273"><ele>415.916</ele><time>2026-02-23T08:17:49Z</time><speed>8.930</speed><sat>17</sat></trkpt>
  <trkpt lat="12.54128368" lon="78.20245378"><ele>415.949</ele><time>2026-02-23T08:17:50Z</time><speed>9.110</speed><sat>18</sat></trkpt>
  <trkpt lat="12.54119836" lon="78.20247349"><ele>416.406</ele><time>2026-02-23T08:17:51Z</time><speed>9.300</speed><sat>18</sat></trkpt>
  <trkpt lat="12.54111626" lon="78.20249459"><ele>416.375</ele><time>2026-02-23T08:17:52Z</time><speed>9.350</speed><sat>18</sat></trkpt>
  <trkpt lat="12.54103226" lon="78.20252118"><ele>416.331</ele><time>2026-02-23T08:17:53Z</time><speed>9.590</speed><sat>16</sat></trkpt>
  <trkpt lat="12.54094522" lon="78.20254477"><ele>416.195</ele><time>2026-02-23T08:17:54Z</time><speed>9.740</speed><sat>16</sat></trkpt>
  <trkpt lat="12.54086271" lon="78.20257362"><ele>416.637</ele><time>2026-02-23T08:17:55Z</time><speed>9.460</speed><sat>19</sat></trkpt>
  <trkpt lat="12.54078178" lon="78.20259949"><ele>417.306</ele><time>2026-02-23T08:17:56Z</time><speed>9.480</speed><sat>18</sat></trkpt>
  <trkpt lat="12.54069779" lon="78.20262058"><ele>417.573</ele><time>2026-02-23T08:17:57Z</time><speed>9.430</speed><sat>19</sat></trkpt>
  <trkpt lat="12.54061737" lon="78.20264081"><ele>417.977</ele><time>2026-02-23T08:17:58Z</time><speed>9.560</speed><sat>19</sat></trkpt>
  <trkpt lat="12.54053216" lon="78.20266535"><ele>418.277</ele><time>2026-02-23T08:17:59Z</time><speed>9.630</speed><sat>20</sat></trkpt>
  <trkpt lat="12.54044364" lon="78.20268863"><ele>417.884</ele><time>2026-02-23T08:18:00Z</time><speed>9.710</speed><sat>13</sat></trkpt>
  <trkpt lat="12.54037033" lon="78.20272005"><ele>417.999</ele><time>2026-02-23T08:18:01Z</time><speed>9.660</speed><sat>23</sat></trkpt>
  <trkpt lat="12.54028619" lon="78.20274691"><ele>417.725</ele><time>2026-02-23T08:18:02Z</time><speed>9.470</speed><sat>22</sat></trkpt>
  <trkpt lat="12.54020440" lon="78.20276990"><ele>416.684</ele><time>2026-02-23T08:18:03Z</time><speed>9.400</speed><sat>20</sat></trkpt>
  <trkpt lat="12.54011461" lon="78.20278950"><ele>416.333</ele><time>2026-02-23T08:18:04Z</time><speed>9.800</speed><sat>23</sat></trkpt>
  <trkpt lat="12.54003827" lon="78.20281276"><ele>416.619</ele><time>2026-02-23T08:18:05Z</time><speed>9.810</speed><sat>23</sat></trkpt>
  <trkpt lat="12.53995252" lon="78.20283719"><ele>416.594</ele><time>2026-02-23T08:18:06Z</time><speed>10.040</speed><sat>24</sat></trkpt>
  <trkpt lat="12.53986010" lon="78.20286199"><ele>417.815</ele><time>2026-02-23T08:18:07Z</time><speed>10.200</speed><sat>24</sat></trkpt>
  <trkpt lat="12.53977533" lon="78.20287632"><ele>419.853</ele><time>2026-02-23T08:18:08Z</time><speed>10.280</speed><sat>25</sat></trkpt>
  <trkpt lat="12.53968455" lon="78.20290292"><ele>419.538</ele><time>2026-02-23T08:18:09Z</time><speed>10.180</speed><sat>22</sat></trkpt>
  <trkpt lat="12.53959342" lon="78.20293193"><ele>419.133</ele><time>2026-02-23T08:18:10Z</time><speed>10.270</speed><sat>21</sat></trkpt>
  <trkpt lat="12.53950283" lon="78.20295999"><ele>419.086</ele><time>2026-02-23T08:18:11Z</time><speed>10.340</speed><sat>24</sat></trkpt>
  <trkpt lat="12.53941043" lon="78.20298194"><ele>419.257</ele><time>2026-02-23T08:18:12Z</time><speed>10.310</speed><sat>26</sat></trkpt>
  <trkpt lat="12.53931932" lon="78.20300815"><ele>419.173</ele><time>2026-02-23T08:18:13Z</time><speed>10.230</speed><sat>26</sat></trkpt>
  <trkpt lat="12.53923343" lon="78.20303432"><ele>419.166</ele><time>2026-02-23T08:18:14Z</time><speed>10.300</speed><sat>26</sat></trkpt>
  <trkpt lat="12.53914264" lon="78.20305766"><ele>418.969</ele><time>2026-02-23T08:18:15Z</time><speed>10.370</speed><sat>24</sat></trkpt>
  <trkpt lat="12.53905075" lon="78.20308169"><ele>419.324</ele><time>2026-02-23T08:18:16Z</time><speed>10.550</speed><sat>27</sat></trkpt>
  <trkpt lat="12.53896190" lon="78.20310524"><ele>419.037</ele><time>2026-02-23T08:18:17Z</time><speed>10.500</speed><sat>23</sat></trkpt>
  <trkpt lat="12.53887293" lon="78.20312558"><ele>419.608</ele><time>2026-02-23T08:18:18Z</time><speed>10.650</speed><sat>26</sat></trkpt>
  <trkpt lat="12.53878056" lon="78.20315202"><ele>419.478</ele><time>2026-02-23T08:18:19Z</time><speed>10.560</speed><sat>25</sat></trkpt>
  <trkpt lat="12.53868903" lon="78.20317506"><ele>419.481</ele><time>2026-02-23T08:18:20Z</time><speed>10.550</speed><sat>25</sat></trkpt>
  <trkpt lat="12.53859111" lon="78.20320269"><ele>419.556</ele><time>2026-02-23T08:18:21Z</time><speed>10.660</speed><sat>25</sat></trkpt>
  <trkpt lat="12.53849942" lon="78.20323363"><ele>420.308</ele><time>2026-02-23T08:18:22Z</time><speed>10.550</speed><sat>24</sat></trkpt>
  <trkpt lat="12.53840846" lon="78.20326139"><ele>419.736</ele><time>2026-02-23T08:18:23Z</time><speed>10.530</speed><sat>23</sat></trkpt>
  <trkpt lat="12.53831677" lon="78.20328615"><ele>419.605</ele><time>2026-02-23T08:18:24Z</time><speed>10.430</speed><sat>26</sat></trkpt>
  <trkpt lat="12.53822968" lon="78.20331334"><ele>420.038</ele><time>2026-02-23T08:18:25Z</time><speed>10.480</speed><sat>24</sat></trkpt>
  <trkpt lat="12.53813596" lon="78.20333440"><ele>419.502</ele><time>2026-02-23T08:18:26Z</time><speed>10.360</speed><sat>22</sat></trkpt>
  <trkpt lat="12.53803823" lon="78.20336986"><ele>419.679</ele><time>2026-02-23T08:18:27Z</time><speed>10.380</speed><sat>23</sat></trkpt>
  <trkpt lat="12.53794316" lon="78.20339481"><ele>420.365</ele><time>2026-02-23T08:18:28Z</time><speed>10.210</speed><sat>25</sat></trkpt>
  <trkpt lat="12.53785318" lon="78.20342172"><ele>420.346</ele><time>2026-02-23T08:18:29Z</time><speed>10.210</speed><sat>26</sat></trkpt>
  <trkpt lat="12.53776677" lon="78.20344877"><ele>420.349</ele><time>2026-02-23T08:18:30Z</time><speed>9.960</speed><sat>20</sat></trkpt>
  <trkpt lat="12.53767940" lon="78.20347705"><ele>420.973</ele><time>2026-02-23T08:18:31Z</time><speed>9.900</speed><sat>26</sat></trkpt>
  <trkpt lat="12.53759737" lon="78.20350005"><ele>420.930</ele><time>2026-02-23T08:18:32Z</time><speed>9.660</speed><sat>25</sat></trkpt>
  <trkpt lat="12.53751564" lon="78.20352872"><ele>421.150</ele><time>2026-02-23T08:18:33Z</time><speed>9.610</speed><sat>24</sat></trkpt>
  <trkpt lat="12.53743224" lon="78.20354948"><ele>420.899</ele><time>2026-02-23T08:18:34Z</time><speed>9.460</speed><sat>25</sat></trkpt>
  <trkpt lat="12.53734881" lon="78.20356928"><ele>421.522</ele><time>2026-02-23T08:18:35Z</time><speed>9.390</speed><sat>25</sat></trkpt>
  <trkpt lat="12.53726646" lon="78.20359467"><ele>421.103</ele><time>2026-02-23T08:18:36Z</time><speed>9.230</speed><sat>19</sat></trkpt>
  <trkpt lat="12.53718301" lon="78.20362168"><ele>420.815</ele><time>2026-02-23T08:18:37Z</time><speed>9.280</speed><sat>23</sat></trkpt>
  <trkpt lat="12.53710109" lon="78.20363794"><ele>421.197</ele><time>2026-02-23T08:18:38Z</time><speed>9.160</speed><sat>24</sat></trkpt>
  <trkpt lat="12.53702119" lon="78.20365741"><ele>421.491</ele><time>2026-02-23T08:18:39Z</time><speed>9.210</speed><sat>22</sat></trkpt>
  <trkpt lat="12.53694565" lon="78.20368112"><ele>421.417</ele><time>2026-02-23T08:18:40Z</time><speed>9.140</speed><sat>22</sat></trkpt>
  <trkpt lat="12.53686412" lon="78.20370445"><ele>421.141</ele><time>2026-02-23T08:18:41Z</time><speed>9.180</speed><sat>21</sat></trkpt>
  <trkpt lat="12.53678339" lon="78.20372057"><ele>421.067</ele><time>2026-02-23T08:18:42Z</time><speed>9.080</speed><sat>19</sat></trkpt>
  <trkpt lat="12.53670299" lon="78.20374223"><ele>421.133</ele><time>2026-02-23T08:18:43Z</time><speed>9.110</speed><sat>19</sat></trkpt>
  <trkpt lat="12.53662140" lon="78.20376101"><ele>421.365</ele><time>2026-02-23T08:18:44Z</time><speed>9.010</speed><sat>21</sat></trkpt>
  <trkpt lat="12.53654349" lon="78.20377918"><ele>421.342</ele><time>2026-02-23T08:18:45Z</time><speed>8.960</speed><sat>19</sat></trkpt>
  <trkpt lat="12.53646529" lon="78.20380238"><ele>420.916</ele><time>2026-02-23T08:18:46Z</time><speed>8.870</speed><sat>20</sat></trkpt>
  <trkpt lat="12.53638733" lon="78.20382704"><ele>420.699</ele><time>2026-02-23T08:18:47Z</time><speed>9.060</speed><sat>19</sat></trkpt>
  <trkpt lat="12.53630576" lon="78.20385358"><ele>420.686</ele><time>2026-02-23T08:18:48Z</time><speed>9.260</speed><sat>19</sat></trkpt>
  <trkpt lat="12.53622621" lon="78.20387393"><ele>420.762</ele><time>2026-02-23T08:18:49Z</time><speed>9.610</speed><sat>21</sat></trkpt>
  <trkpt lat="12.53614792" lon="78.20389647"><ele>420.559</ele><time>2026-02-23T08:18:50Z</time><speed>9.640</speed><sat>24</sat></trkpt>
  <trkpt lat="12.53606279" lon="78.20392154"><ele>420.459</ele><time>2026-02-23T08:18:51Z</time><speed>9.490</speed><sat>17</sat></trkpt>
  <trkpt lat="12.53596917" lon="78.20392988"><ele>420.054</ele><time>2026-02-23T08:18:52Z</time><speed>9.530</speed><sat>22</sat></trkpt>
  <trkpt lat="12.53588761" lon="78.20395549"><ele>419.728</ele><time>2026-02-23T08:18:53Z</time><speed>9.630</speed><sat>20</sat></trkpt>
  <trkpt lat="12.53580357" lon="78.20397158"><ele>419.412</ele><time>2026-02-23T08:18:54Z</time><speed>9.790</speed><sat>23</sat></trkpt>
  <trkpt lat="12.53571275" lon="78.20399865"><ele>419.622</ele><time>2026-02-23T08:18:55Z</time><speed>10.010</speed><sat>25</sat></trkpt>
  <trkpt lat="12.53561683" lon="78.20402008"><ele>419.509</ele><time>2026-02-23T08:18:56Z</time><speed>9.950</speed><sat>22</sat></trkpt>
  <trkpt lat="12.53552799" lon="78.20404742"><ele>419.663</ele><time>2026-02-23T08:18:57Z</time><speed>9.980</speed><sat>22</sat></trkpt>
  <trkpt lat="12.53544236" lon="78.20407732"><ele>419.704</ele><time>2026-02-23T08:18:58Z</time><speed>10.010</speed><sat>22</sat></trkpt>
  <trkpt lat="12.53535681" lon="78.20410264"><ele>419.696</ele><time>2026-02-23T08:18:59Z</time><speed>10.000</speed><sat>21</sat></trkpt>
  <trkpt lat="12.53526963" lon="78.20412687"><ele>420.038</ele><time>2026-02-23T08:19:00Z</time><speed>9.930</speed><sat>21</sat></trkpt>
  <trkpt lat="12.53517972" lon="78.20415698"><ele>419.956</ele><time>2026-02-23T08:19:01Z</time><speed>10.010</speed><sat>22</sat></trkpt>
  <trkpt lat="12.53509903" lon="78.20416657"><ele>421.939</ele><time>2026-02-23T08:19:02Z</time><speed>9.920</speed><sat>23</sat></trkpt>
  <trkpt lat="12.53501057" lon="78.20418875"><ele>421.495</ele><time>2026-02-23T08:19:03Z</time><speed>9.990</speed><sat>20</sat></trkpt>
  <trkpt lat="12.53492340" lon="78.20421020"><ele>420.648</ele><time>2026-02-23T08:19:04Z</time><speed>10.100</speed><sat>19</sat></trkpt>
  <trkpt lat="12.53483133" lon="78.20423717"><ele>419.224</ele><time>2026-02-23T08:19:05Z</time><speed>10.070</speed><sat>22</sat></trkpt>
  <trkpt lat="12.53474449" lon="78.20426292"><ele>419.029</ele><time>2026-02-23T08:19:06Z</time><speed>9.870</speed><sat>23</sat></trkpt>
  <trkpt lat="12.53464676" lon="78.20428700"><ele>418.696</ele><time>2026-02-23T08:19:07Z</time><speed>9.740</speed><sat>21</sat></trkpt>
  <trkpt lat="12.53456081" lon="78.20431042"><ele>418.507</ele><time>2026-02-23T08:19:08Z</time><speed>9.640</speed><sat>22</sat></trkpt>
  <trkpt lat="12.53447897" lon="78.20433147"><ele>418.829</ele><time>2026-02-23T08:19:09Z</time><speed>9.560</speed><sat>20</sat></trkpt>
  <trkpt lat="12.53440324" lon="78.20434929"><ele>420.176</ele><time>2026-02-23T08:19:10Z</time><speed>9.330</speed><sat>18</sat></trkpt>
  <trkpt lat="12.53432523" lon="78.20437625"><ele>420.650</ele><time>2026-02-23T08:19:11Z</time><speed>9.510</speed><sat>16</sat></trkpt>
  <trkpt lat="12.53424031" lon="78.20439929"><ele>421.234</ele><time>2026-02-23T08:19:12Z</time><speed>9.680</speed><sat>15</sat></trkpt>
  <trkpt lat="12.53416181" lon="78.20442752"><ele>419.796</ele><time>2026-02-23T08:19:13Z</time><speed>10.000</speed><sat>14</sat></trkpt>
  <trkpt lat="12.53407558" lon="78.20445068"><ele>419.514</ele><time>2026-02-23T08:19:14Z</time><speed>10.050</speed><sat>17</sat></trkpt>
  <trkpt lat="12.53399074" lon="78.20447637"><ele>419.290</ele><time>2026-02-23T08:19:15Z</time><speed>9.850</speed><sat>16</sat></trkpt>
  <trkpt lat="12.53390540" lon="78.20449744"><ele>419.988</ele><time>2026-02-23T08:19:16Z</time><speed>9.700</speed><sat>18</sat></trkpt>
  <trkpt lat="12.53382706" lon="78.20452179"><ele>419.462</ele><time>2026-02-23T08:19:17Z</time><speed>9.950</speed><sat>16</sat></trkpt>
  <trkpt lat="12.53374047" lon="78.20454732"><ele>419.735</ele><time>2026-02-23T08:19:18Z</time><speed>10.090</speed><sat>19</sat></trkpt>
  <trkpt lat="12.53365294" lon="78.20457498"><ele>418.179</ele><time>2026-02-23T08:19:19Z</time><speed>10.360</speed><sat>21</sat></trkpt>
  <trkpt lat="12.53356599" lon="78.20460832"><ele>418.738</ele><time>2026-02-23T08:19:20Z</time><speed>10.600</speed><sat>18</sat></trkpt>
  <trkpt lat="12.53347952" lon="78.20464130"><ele>418.574</ele><time>2026-02-23T08:19:21Z</time><speed>10.660</speed><sat>18</sat></trkpt>
  <trkpt lat="12.53338564" lon="78.20467452"><ele>418.608</ele><time>2026-02-23T08:19:22Z</time><speed>10.540</speed><sat>17</sat></trkpt>
  <trkpt lat="12.53330266" lon="78.20470198"><ele>418.688</ele><time>2026-02-23T08:19:23Z</time><speed>10.530</speed><sat>19</sat></trkpt>
  <trkpt lat="12.53320208" lon="78.20474004"><ele>417.392</ele><time>2026-02-23T08:19:24Z</time><speed>10.580</speed><sat>19</sat></trkpt>
  <trkpt lat="12.53310730" lon="78.20477268"><ele>417.481</ele><time>2026-02-23T08:19:25Z</time><speed>10.340</speed><sat>18</sat></trkpt>
  <trkpt lat="12.53301464" lon="78.20480465"><ele>417.279</ele><time>2026-02-23T08:19:26Z</time><speed>10.340</speed><sat>21</sat></trkpt>
  <trkpt lat="12.53292572" lon="78.20482635"><ele>416.751</ele><time>2026-02-23T08:19:27Z</time><speed>10.220</speed><sat>19</sat></trkpt>
  <trkpt lat="12.53283748" lon="78.20485109"><ele>416.486</ele><time>2026-02-23T08:19:28Z</time><speed>10.230</speed><sat>19</sat></trkpt>
  <trkpt lat="12.53272742" lon="78.20487154"><ele>416.353</ele><time>2026-02-23T08:19:29Z</time><speed>10.460</speed><sat>19</sat></trkpt>
  <trkpt lat="12.53264004" lon="78.20490619"><ele>418.690</ele><time>2026-02-23T08:19:30Z</time><speed>10.610</speed><sat>20</sat></trkpt>
  <trkpt lat="12.53255644" lon="78.20494352"><ele>418.020</ele><time>2026-02-23T08:19:31Z</time><speed>10.650</speed><sat>20</sat></trkpt>
  <trkpt lat="12.53248109" lon="78.20498034"><ele>416.804</ele><time>2026-02-23T08:19:32Z</time><speed>10.680</speed><sat>19</sat></trkpt>
  <trkpt lat="12.53238792" lon="78.20501730"><ele>416.912</ele><time>2026-02-23T08:19:33Z</time><speed>10.660</speed><sat>19</sat></trkpt>
  <trkpt lat="12.53229476" lon="78.20504043"><ele>417.786</ele><time>2026-02-23T08:19:34Z</time><speed>10.620</speed><sat>19</sat></trkpt>
  <trkpt lat="12.53220247" lon="78.20507607"><ele>417.929</ele><time>2026-02-23T08:19:35Z</time><speed>10.480</speed><sat>17</sat></trkpt>
  <trkpt lat="12.53210832" lon="78.20511074"><ele>418.552</ele><time>2026-02-23T08:19:36Z</time><speed>10.580</speed><sat>20</sat></trkpt>
  <trkpt lat="12.53201378" lon="78.20515266"><ele>418.195</ele><time>2026-02-23T08:19:37Z</time><speed>10.530</speed><sat>24</sat></trkpt>
  <trkpt lat="12.53192360" lon="78.20518252"><ele>417.561</ele><time>2026-02-23T08:19:38Z</time><speed>10.430</speed><sat>22</sat></trkpt>
  <trkpt lat="12.53182753" lon="78.20520794"><ele>416.477</ele><time>2026-02-23T08:19:39Z</time><speed>10.440</speed><sat>22</sat></trkpt>
  <trkpt lat="12.53174253" lon="78.20524055"><ele>416.154</ele><time>2026-02-23T08:19:40Z</time><speed>10.490</speed><sat>23</sat></trkpt>
  <trkpt lat="12.53165381" lon="78.20527114"><ele>417.038</ele><time>2026-02-23T08:19:41Z</time><speed>10.500</speed><sat>24</sat></trkpt>
  <trkpt lat="12.53156042" lon="78.20529136"><ele>416.202</ele><time>2026-02-23T08:19:42Z</time><speed>10.550</speed><sat>22</sat></trkpt>
  <trkpt lat="12.53147330" lon="78.20532852"><ele>416.480</ele><time>2026-02-23T08:19:43Z</time><speed>10.580</speed><sat>22</sat></trkpt>
  <trkpt lat="12.53138707" lon="78.20535734"><ele>415.367</ele><time>2026-02-23T08:19:44Z</time><speed>10.640</speed><sat>19</sat></trkpt>
  <trkpt lat="12.53129391" lon="78.20539311"><ele>415.983</ele><time>2026-02-23T08:19:45Z</time><speed>10.660</speed><sat>22</sat></trkpt>
  <trkpt lat="12.53120609" lon="78.20542880"><ele>416.204</ele><time>2026-02-23T08:19:46Z</time><speed>10.700</speed><sat>20</sat></trkpt>
  <trkpt lat="12.53111726" lon="78.20546659"><ele>416.474</ele><time>2026-02-23T08:19:47Z</time><speed>10.650</speed><sat>20</sat></trkpt>
  <trkpt lat="12.53102124" lon="78.20550515"><ele>416.349</ele><time>2026-02-23T08:19:48Z</time><speed>10.520</speed><sat>21</sat></trkpt>
  <trkpt lat="12.53092640" lon="78.20554323"><ele>416.695</ele><time>2026-02-23T08:19:49Z</time><speed>10.530</speed><sat>21</sat></trkpt>
  <trkpt lat="12.53083831" lon="78.20558479"><ele>417.181</ele><time>2026-02-23T08:19:50Z</time><speed>10.550</speed><sat>20</sat></trkpt>
  <trkpt lat="12.53075127" lon="78.20561534"><ele>417.520</ele><time>2026-02-23T08:19:51Z</time><speed>10.220</speed><sat>22</sat></trkpt>
  <trkpt lat="12.53066510" lon="78.20565750"><ele>417.874</ele><time>2026-02-23T08:19:52Z</time><speed>10.000</speed><sat>20</sat></trkpt>
  <trkpt lat="12.53058183" lon="78.20569867"><ele>418.425</ele><time>2026-02-23T08:19:53Z</time><speed>10.010</speed><sat>21</sat></trkpt>
  <trkpt lat="12.53050237" lon="78.20573487"><ele>419.208</ele><time>2026-02-23T08:19:54Z</time><speed>10.230</speed><sat>23</sat></trkpt>
  <trkpt lat="12.53041467" lon="78.20577956"><ele>419.890</ele><time>2026-02-23T08:19:55Z</time><speed>10.330</speed><sat>21</sat></trkpt>
  <trkpt lat="12.53032907" lon="78.20581978"><ele>419.963</ele><time>2026-02-23T08:19:56Z</time><speed>10.430</speed><sat>22</sat></trkpt>
  <trkpt lat="12.53023682" lon="78.20585584"><ele>418.971</ele><time>2026-02-23T08:19:57Z</time><speed>10.450</speed><sat>25</sat></trkpt>
  <trkpt lat="12.53015159" lon="78.20588792"><ele>418.047</ele><time>2026-02-23T08:19:58Z</time><speed>10.500</speed><sat>23</sat></trkpt>
  <trkpt lat="12.53007079" lon="78.20592514"><ele>417.880</ele><time>2026-02-23T08:19:59Z</time><speed>10.650</speed><sat>23</sat></trkpt>
  <trkpt lat="12.52998311" lon="78.20596643"><ele>417.801</ele><time>2026-02-23T08:20:00Z</time><speed>10.440</speed><sat>24</sat></trkpt>
  <trkpt lat="12.52990441" lon="78.20600941"><ele>418.306</ele><time>2026-02-23T08:20:01Z</time><speed>10.370</speed><sat>20</sat></trkpt>
  <trkpt lat="12.52982538" lon="78.20604402"><ele>418.777</ele><time>2026-02-23T08:20:02Z</time><speed>10.460</speed><sat>24</sat></trkpt>
  <trkpt lat="12.52973909" lon="78.20609039"><ele>418.604</ele><time>2026-02-23T08:20:03Z</time><speed>10.550</speed><sat>24</sat></trkpt>
  <trkpt lat="12.52965442" lon="78.20613668"><ele>418.637</ele><time>2026-02-23T08:20:04Z</time><speed>10.500</speed><sat>24</sat></trkpt>
  <trkpt lat="12.52956419" lon="78.20618281"><ele>417.469</ele><time>2026-02-23T08:20:05Z</time><speed>10.510</speed><sat>21</sat></trkpt>
  <trkpt lat="12.52948431" lon="78.20622427"><ele>416.871</ele><time>2026-02-23T08:20:06Z</time><speed>10.570</speed><sat>21</sat></trkpt>
  <trkpt lat="12.52939432" lon="78.20627470"><ele>416.730</ele><time>2026-02-23T08:20:07Z</time><speed>10.580</speed><sat>20</sat></trkpt>
  <trkpt lat="12.52931215" lon="78.20631483"><ele>417.233</ele><time>2026-02-23T08:20:08Z</time><speed>10.650</speed><sat>22</sat></trkpt>
  <trkpt lat="12.52923254" lon="78.20635687"><ele>417.431</ele><time>2026-02-23T08:20:09Z</time><speed>10.800</speed><sat>21</sat></trkpt>
  <trkpt lat="12.52914468" lon="78.20640224"><ele>417.767</ele><time>2026-02-23T08:20:10Z</time><speed>10.800</speed><sat>22</sat></trkpt>
  <trkpt lat="12.52905910" lon="78.20644667"><ele>418.429</ele><time>2026-02-23T08:20:11Z</time><speed>10.920</speed><sat>20</sat></trkpt>
  <trkpt lat="12.52897367" lon="78.20649198"><ele>417.987</ele><time>2026-02-23T08:20:12Z</time><speed>11.000</speed><sat>21</sat></trkpt>
  <trkpt lat="12.52888720" lon="78.20653627"><ele>417.663</ele><time>2026-02-23T08:20:13Z</time><speed>11.200</speed><sat>19</sat></trkpt>
  <trkpt lat="12.52879956" lon="78.20658334"><ele>417.229</ele><time>2026-02-23T08:20:14Z</time><speed>11.080</speed><sat>20</sat></trkpt>
  <trkpt lat="12.52871476" lon="78.20664190"><ele>417.125</ele><time>2026-02-23T08:20:15Z</time><speed>11.060</speed><sat>21</sat></trkpt>
  <trkpt lat="12.52862280" lon="78.20669112"><ele>417.674</ele><time>2026-02-23T08:20:16Z</time><speed>10.960</speed><sat>22</sat></trkpt>
  <trkpt lat="12.52853832" lon="78.20673817"><ele>417.653</ele><time>2026-02-23T08:20:17Z</time><speed>11.050</speed><sat>17</sat></trkpt>
  <trkpt lat="12.52845037" lon="78.20678455"><ele>417.566</ele><time>2026-02-23T08:20:18Z</time><speed>11.000</speed><sat>21</sat></trkpt>
  <trkpt lat="12.52835920" lon="78.20683163"><ele>417.558</ele><time>2026-02-23T08:20:19Z</time><speed>11.110</speed><sat>20</sat></trkpt>
  <trkpt lat="12.52826228" lon="78.20688122"><ele>417.707</ele><time>2026-02-23T08:20:20Z</time><speed>11.180</speed><sat>21</sat></trkpt>
  <trkpt lat="12.52817134" lon="78.20693387"><ele>417.800</ele><time>2026-02-23T08:20:21Z</time><speed>11.020</speed><sat>21</sat></trkpt>
  <trkpt lat="12.52808519" lon="78.20698109"><ele>417.861</ele><time>2026-02-23T08:20:22Z</time><speed>10.740</speed><sat>20</sat></trkpt>
  <trkpt lat="12.52800362" lon="78.20702819"><ele>417.440</ele><time>2026-02-23T08:20:23Z</time><speed>10.620</speed><sat>21</sat></trkpt>
  <trkpt lat="12.52792277" lon="78.20707434"><ele>417.353</ele><time>2026-02-23T08:20:24Z</time><speed>10.570</speed><sat>23</sat></trkpt>
  <trkpt lat="12.52783740" lon="78.20711975"><ele>417.289</ele><time>2026-02-23T08:20:25Z</time><speed>10.480</speed><sat>22</sat></trkpt>
  <trkpt lat="12.52775470" lon="78.20716838"><ele>416.987</ele><time>2026-02-23T08:20:26Z</time><speed>10.580</speed><sat>21</sat></trkpt>
  <trkpt lat="12.52767632" lon="78.20721475"><ele>416.642</ele><time>2026-02-23T08:20:27Z</time><speed>10.510</speed><sat>20</sat></trkpt>
  <trkpt lat="12.52759523" lon="78.20726254"><ele>416.401</ele><time>2026-02-23T08:20:28Z</time><speed>10.510</speed><sat>21</sat></trkpt>
  <trkpt lat="12.52751234" lon="78.20731164"><ele>416.383</ele><time>2026-02-23T08:20:29Z</time><speed>10.540</speed><sat>19</sat></trkpt>
  <trkpt lat="12.52742395" lon="78.20736124"><ele>416.235</ele><time>2026-02-23T08:20:30Z</time><speed>10.560</speed><sat>19</sat></trkpt>
  <trkpt lat="12.52733951" lon="78.20740570"><ele>416.284</ele><time>2026-02-23T08:20:31Z</time><speed>10.570</speed><sat>18</sat></trkpt>
  <trkpt lat="12.52725191" lon="78.20745428"><ele>415.922</ele><time>2026-02-23T08:20:32Z</time><speed>10.610</speed><sat>20</sat></trkpt>
  <trkpt lat="12.52716648" lon="78.20750108"><ele>415.754</ele><time>2026-02-23T08:20:33Z</time><speed>10.540</speed><sat>21</sat></trkpt>
  <trkpt lat="12.52708036" lon="78.20754755"><ele>415.471</ele><time>2026-02-23T08:20:34Z</time><speed>10.450</speed><sat>20</sat></trkpt>
  <trkpt lat="12.52700200" lon="78.20759502"><ele>415.426</ele><time>2026-02-23T08:20:35Z</time><speed>10.400</speed><sat>21</sat></trkpt>
  <trkpt lat="12.52692207" lon="78.20764304"><ele>415.574</ele><time>2026-02-23T08:20:36Z</time><speed>10.430</speed><sat>20</sat></trkpt>
  <trkpt lat="12.52684203" lon="78.20769226"><ele>415.583</ele><time>2026-02-23T08:20:37Z</time><speed>10.370</speed><sat>21</sat></trkpt>
  <trkpt lat="12.52676340" lon="78.20774097"><ele>415.345</ele><time>2026-02-23T08:20:38Z</time><speed>10.360</speed><sat>20</sat></trkpt>
  <trkpt lat="12.52668478" lon="78.20779139"><ele>415.214</ele><time>2026-02-23T08:20:39Z</time><speed>10.240</speed><sat>18</sat></trkpt>
  <trkpt lat="12.52659865" lon="78.20784109"><ele>414.808</ele><time>2026-02-23T08:20:40Z</time><speed>10.190</speed><sat>23</sat></trkpt>
  <trkpt lat="12.52651994" lon="78.20788839"><ele>415.337</ele><time>2026-02-23T08:20:41Z</time><speed>10.260</speed><sat>23</sat></trkpt>
  <trkpt lat="12.52643964" lon="78.20793843"><ele>415.275</ele><time>2026-02-23T08:20:42Z</time><speed>10.400</speed><sat>19</sat></trkpt>
  <trkpt lat="12.52636009" lon="78.20799024"><ele>414.588</ele><time>2026-02-23T08:20:43Z</time><speed>10.390</speed><sat>21</sat></trkpt>
  <trkpt lat="12.52628187" lon="78.20804114"><ele>414.296</ele><time>2026-02-23T08:20:44Z</time><speed>10.340</speed><sat>21</sat></trkpt>
  <trkpt lat="12.52620029" lon="78.20808996"><ele>413.916</ele><time>2026-02-23T08:20:45Z</time><speed>10.410</speed><sat>19</sat></trkpt>
  <trkpt lat="12.52611486" lon="78.20813693"><ele>413.896</ele><time>2026-02-23T08:20:46Z</time><speed>10.350</speed><sat>17</sat></trkpt>
  <trkpt lat="12.52604067" lon="78.20818740"><ele>413.387</ele><time>2026-02-23T08:20:47Z</time><speed>10.370</speed><sat>16</sat></trkpt>
  <trkpt lat="12.52596608" lon="78.20823708"><ele>413.110</ele><time>2026-02-23T08:20:48Z</time><speed>10.330</speed><sat>19</sat></trkpt>
  <trkpt lat="12.52588810" lon="78.20828813"><ele>413.517</ele><time>2026-02-23T08:20:49Z</time><speed>10.350</speed><sat>20</sat></trkpt>
  <trkpt lat="12.52581040" lon="78.20833927"><ele>413.176</ele><time>2026-02-23T08:20:50Z</time><speed>10.350</speed><sat>19</sat></trkpt>
  <trkpt lat="12.52573369" lon="78.20838836"><ele>413.318</ele><time>2026-02-23T08:20:51Z</time><speed>10.280</speed><sat>20</sat></trkpt>
  <trkpt lat="12.52565733" lon="78.20843698"><ele>413.314</ele><time>2026-02-23T08:20:52Z</time><speed>10.240</speed><sat>20</sat></trkpt>
  <trkpt lat="12.52557590" lon="78.20848566"><ele>413.260</ele><time>2026-02-23T08:20:53Z</time><speed>10.210</speed><sat>20</sat></trkpt>
  <trkpt lat="12.52549053" lon="78.20853502"><ele>413.231</ele><time>2026-02-23T08:20:54Z</time><speed>10.180</speed><sat>18</sat></trkpt>
  <trkpt lat="12.52541091" lon="78.20858685"><ele>412.985</ele><time>2026-02-23T08:20:55Z</time><speed>10.070</speed><sat>20</sat></trkpt>
  <trkpt lat="12.52533397" lon="78.20863784"><ele>412.982</ele><time>2026-02-23T08:20:56Z</time><speed>10.130</speed><sat>21</sat></trkpt>
  <trkpt lat="12.52526706" lon="78.20870032"><ele>413.156</ele><time>2026-02-23T08:20:57Z</time><speed>10.140</speed><sat>20</sat></trkpt>
  <trkpt lat="12.52518082" lon="78.20874868"><ele>412.461</ele><time>2026-02-23T08:20:58Z</time><speed>10.060</speed><sat>20</sat></trkpt>
  <trkpt lat="12.52511003" lon="78.20880392"><ele>411.902</ele><time>2026-02-23T08:20:59Z</time><speed>10.050</speed><sat>18</sat></trkpt>
  <trkpt lat="12.52503657" lon="78.20885581"><ele>411.971</ele><time>2026-02-23T08:21:00Z</time><speed>10.050</speed><sat>19</sat></trkpt>
  <trkpt lat="12.52496565" lon="78.20891356"><ele>411.214</ele><time>2026-02-23T08:21:01Z</time><speed>10.140</speed><sat>17</sat></trkpt>
  <trkpt lat="12.52489439" lon="78.20897095"><ele>411.431</ele><time>2026-02-23T08:21:02Z</time><speed>10.230</speed><sat>18</sat></trkpt>
  <trkpt lat="12.52482287" lon="78.20902522"><ele>410.714</ele><time>2026-02-23T08:21:03Z</time><speed>10.180</speed><sat>18</sat></trkpt>
  <trkpt lat="12.52474032" lon="78.20907830"><ele>410.329</ele><time>2026-02-23T08:21:04Z</time><speed>10.190</speed><sat>18</sat></trkpt>
  <trkpt lat="12.52466275" lon="78.20913457"><ele>410.166</ele><time>2026-02-23T08:21:05Z</time><speed>10.120</speed><sat>19</sat></trkpt>
  <trkpt lat="12.52459257" lon="78.20918932"><ele>409.789</ele><time>2026-02-23T08:21:06Z</time><speed>10.150</speed><sat>20</sat></trkpt>
  <trkpt lat="12.52451918" lon="78.20924621"><ele>409.160</ele><time>2026-02-23T08:21:07Z</time><speed>10.260</speed><sat>18</sat></trkpt>
  <trkpt lat="12.52444508" lon="78.20929985"><ele>408.738</ele><time>2026-02-23T08:21:08Z</time><speed>10.300</speed><sat>21</sat></trkpt>
  <trkpt lat="12.52437241" lon="78.20935418"><ele>408.363</ele><time>2026-02-23T08:21:09Z</time><speed>10.320</speed><sat>17</sat></trkpt>
  <trkpt lat="12.52429213" lon="78.20940902"><ele>407.573</ele><time>2026-02-23T08:21:10Z</time><speed>10.310</speed><sat>20</sat></trkpt>
  <trkpt lat="12.52422322" lon="78.20947036"><ele>407.588</ele><time>2026-02-23T08:21:11Z</time><speed>10.340</speed><sat>18</sat></trkpt>
  <trkpt lat="12.52414938" lon="78.20952577"><ele>407.403</ele><time>2026-02-23T08:21:12Z</time><speed>10.280</speed><sat>19</sat></trkpt>
  <trkpt lat="12.52407730" lon="78.20958288"><ele>406.999</ele><time>2026-02-23T08:21:13Z</time><speed>10.250</speed><sat>18</sat></trkpt>
  <trkpt lat="12.52400874" lon="78.20964214"><ele>407.286</ele><time>2026-02-23T08:21:14Z</time><speed>10.240</speed><sat>18</sat></trkpt>
  <trkpt lat="12.52392825" lon="78.20968671"><ele>405.856</ele><time>2026-02-23T08:21:15Z</time><speed>10.240</speed><sat>18</sat></trkpt>
  <trkpt lat="12.52385530" lon="78.20974351"><ele>405.165</ele><time>2026-02-23T08:21:16Z</time><speed>10.210</speed><sat>18</sat></trkpt>
  <trkpt lat="12.52377856" lon="78.20980765"><ele>405.164</ele><time>2026-02-23T08:21:17Z</time><speed>10.440</speed><sat>17</sat></trkpt>
  <trkpt lat="12.52370538" lon="78.20986383"><ele>405.072</ele><time>2026-02-23T08:21:18Z</time><speed>10.580</speed><sat>17</sat></trkpt>
  <trkpt lat="12.52363357" lon="78.20992520"><ele>403.808</ele><time>2026-02-23T08:21:19Z</time><speed>10.350</speed><sat>20</sat></trkpt>
  <trkpt lat="12.52355460" lon="78.20998063"><ele>403.365</ele><time>2026-02-23T08:21:20Z</time><speed>10.480</speed><sat>18</sat></trkpt>
  <trkpt lat="12.52347705" lon="78.21003896"><ele>402.848</ele><time>2026-02-23T08:21:21Z</time><speed>10.550</speed><sat>18</sat></trkpt>
  <trkpt lat="12.52339268" lon="78.21009466"><ele>403.270</ele><time>2026-02-23T08:21:22Z</time><speed>10.600</speed><sat>20</sat></trkpt>
  <trkpt lat="12.52331128" lon="78.21015303"><ele>403.150</ele><time>2026-02-23T08:21:23Z</time><speed>10.540</speed><sat>20</sat></trkpt>
  <trkpt lat="12.52323521" lon="78.21020649"><ele>403.327</ele><time>2026-02-23T08:21:24Z</time><speed>10.290</speed><sat>17</sat></trkpt>
  <trkpt lat="12.52315985" lon="78.21026208"><ele>402.656</ele><time>2026-02-23T08:21:25Z</time><speed>10.060</speed><sat>22</sat></trkpt>
  <trkpt lat="12.52307950" lon="78.21031056"><ele>402.246</ele><time>2026-02-23T08:21:26Z</time><speed>10.020</speed><sat>20</sat></trkpt>
  <trkpt lat="12.52300891" lon="78.21036773"><ele>402.465</ele><time>2026-02-23T08:21:27Z</time><speed>10.090</speed><sat>22</sat></trkpt>
  <trkpt lat="12.52293807" lon="78.21042076"><ele>403.113</ele><time>2026-02-23T08:21:28Z</time><speed>9.990</speed><sat>18</sat></trkpt>
  <trkpt lat="12.52286642" lon="78.21047700"><ele>403.410</ele><time>2026-02-23T08:21:29Z</time><speed>9.860</speed><sat>19</sat></trkpt>
  <trkpt lat="12.52279611" lon="78.21053567"><ele>403.431</ele><time>2026-02-23T08:21:30Z</time><speed>9.860</speed><sat>17</sat></trkpt>
  <trkpt lat="12.52272597" lon="78.21058863"><ele>403.500</ele><time>2026-02-23T08:21:31Z</time><speed>9.680</speed><sat>15</sat></trkpt>
  <trkpt lat="12.52266045" lon="78.21064402"><ele>402.435</ele><time>2026-02-23T08:21:32Z</time><speed>9.570</speed><sat>18</sat></trkpt>
  <trkpt lat="12.52259180" lon="78.21070022"><ele>402.448</ele><time>2026-02-23T08:21:33Z</time><speed>9.570</speed><sat>17</sat></trkpt>
  <trkpt lat="12.52252637" lon="78.21075400"><ele>402.699</ele><time>2026-02-23T08:21:34Z</time><speed>9.760</speed><sat>19</sat></trkpt>
  <trkpt lat="12.52246064" lon="78.21080955"><ele>402.232</ele><time>2026-02-23T08:21:35Z</time><speed>9.960</speed><sat>18</sat></trkpt>
  <trkpt lat="12.52238698" lon="78.21085949"><ele>401.475</ele><time>2026-02-23T08:21:36Z</time><speed>10.200</speed><sat>19</sat></trkpt>
  <trkpt lat="12.52231145" lon="78.21091060"><ele>401.446</ele><time>2026-02-23T08:21:37Z</time><speed>10.280</speed><sat>20</sat></trkpt>
  <trkpt lat="12.52223485" lon="78.21096387"><ele>401.678</ele><time>2026-02-23T08:21:38Z</time><speed>10.240</speed><sat>20</sat></trkpt>
  <trkpt lat="12.52215307" lon="78.21102010"><ele>401.503</ele><time>2026-02-23T08:21:39Z</time><speed>10.290</speed><sat>19</sat></trkpt>
  <trkpt lat="12.52208002" lon="78.21107574"><ele>401.505</ele><time>2026-02-23T08:21:40Z</time><speed>10.280</speed><sat>18</sat></trkpt>
  <trkpt lat="12.52200385" lon="78.21113028"><ele>401.526</ele><time>2026-02-23T08:21:41Z</time><speed>10.330</speed><sat>16</sat></trkpt>
  <trkpt lat="12.52193077" lon="78.21119029"><ele>401.648</ele><time>2026-02-23T08:21:42Z</time><speed>10.370</speed><sat>17</sat></trkpt>
  <trkpt lat="12.52185696" lon="78.21125057"><ele>401.721</ele><time>2026-02-23T08:21:43Z</time><speed>10.380</speed><sat>19</sat></trkpt>
  <trkpt lat="12.52178652" lon="78.21130545"><ele>401.930</ele><time>2026-02-23T08:21:44Z</time><speed>10.310</speed><sat>19</sat></trkpt>
  <trkpt lat="12.52171500" lon="78.21136403"><ele>401.661</ele><time>2026-02-23T08:21:45Z</time><speed>10.260</speed><sat>16</sat></trkpt>
  <trkpt lat="12.52164353" lon="78.21142122"><ele>401.745</ele><time>2026-02-23T08:21:46Z</time><speed>10.220</speed><sat>19</sat></trkpt>
  <trkpt lat="12.52157170" lon="78.21147813"><ele>401.745</ele><time>2026-02-23T08:21:47Z</time><speed>10.350</speed><sat>18</sat></trkpt>
  <trkpt lat="12.52150000" lon="78.21153918"><ele>401.757</ele><time>2026-02-23T08:21:48Z</time><speed>10.350</speed><sat>21</sat></trkpt>
  <trkpt lat="12.52142716" lon="78.21159750"><ele>402.209</ele><time>2026-02-23T08:21:49Z</time><speed>10.420</speed><sat>17</sat></trkpt>
  <trkpt lat="12.52135187" lon="78.21165243"><ele>401.266</ele><time>2026-02-23T08:21:50Z</time><speed>10.550</speed><sat>20</sat></trkpt>
  <trkpt lat="12.52126283" lon="78.21171655"><ele>401.173</ele><time>2026-02-23T08:21:51Z</time><speed>10.560</speed><sat>17</sat></trkpt>
  <trkpt lat="12.52118458" lon="78.21178155"><ele>401.703</ele><time>2026-02-23T08:21:52Z</time><speed>10.790</speed><sat>17</sat></trkpt>
  <trkpt lat="12.52110757" lon="78.21184182"><ele>402.268</ele><time>2026-02-23T08:21:53Z</time><speed>10.850</speed><sat>21</sat></trkpt>
  <trkpt lat="12.52103141" lon="78.21190181"><ele>402.369</ele><time>2026-02-23T08:21:54Z</time><speed>11.010</speed><sat>19</sat></trkpt>
  <trkpt lat="12.52095340" lon="78.21196548"><ele>402.361</ele><time>2026-02-23T08:21:55Z</time><speed>11.140</speed><sat>21</sat></trkpt>
  <trkpt lat="12.52086893" lon="78.21202979"><ele>402.182</ele><time>2026-02-23T08:21:56Z</time><speed>11.310</speed><sat>20</sat></trkpt>
  <trkpt lat="12.52079132" lon="78.21209325"><ele>402.393</ele><time>2026-02-23T08:21:57Z</time><speed>11.000</speed><sat>20</sat></trkpt>
  <trkpt lat="12.52071170" lon="78.21214770"><ele>402.674</ele><time>2026-02-23T08:21:58Z</time><speed>10.560</speed><sat>19</sat></trkpt>
  <trkpt lat="12.52064087" lon="78.21220746"><ele>402.470</ele><time>2026-02-23T08:21:59Z</time><speed>10.480</speed><sat>19</sat></trkpt>
  <trkpt lat="12.52056288" lon="78.21226230"><ele>403.010</ele><time>2026-02-23T08:22:00Z</time><speed>10.500</speed><sat>19</sat></trkpt>
  <trkpt lat="12.52048024" lon="78.21232254"><ele>403.441</ele><time>2026-02-23T08:22:01Z</time><speed>10.620</speed><sat>20</sat></trkpt>
  <trkpt lat="12.52040498" lon="78.21238328"><ele>403.257</ele><time>2026-02-23T08:22:02Z</time><speed>10.650</speed><sat>21</sat></trkpt>
  <trkpt lat="12.52032925" lon="78.21244093"><ele>403.977</ele><time>2026-02-23T08:22:03Z</time><speed>10.610</speed><sat>21</sat></trkpt>
  <trkpt lat="12.52025326" lon="78.21250098"><ele>403.796</ele><time>2026-02-23T08:22:04Z</time><speed>10.540</speed><sat>20</sat></trkpt>
  <trkpt lat="12.52017312" lon="78.21256065"><ele>403.702</ele><time>2026-02-23T08:22:05Z</time><speed>10.590</speed><sat>20</sat></trkpt>
  <trkpt lat="12.52009746" lon="78.21261721"><ele>403.711</ele><time>2026-02-23T08:22:06Z</time><speed>10.680</speed><sat>19</sat></trkpt>
  <trkpt lat="12.52001772" lon="78.21268051"><ele>403.183</ele><time>2026-02-23T08:22:07Z</time><speed>10.810</speed><sat>20</sat></trkpt>
  <trkpt lat="12.51994422" lon="78.21273975"><ele>402.816</ele><time>2026-02-23T08:22:08Z</time><speed>10.830</speed><sat>18</sat></trkpt>
  <trkpt lat="12.51986710" lon="78.21280260"><ele>402.454</ele><time>2026-02-23T08:22:09Z</time><speed>10.820</speed><sat>18</sat></trkpt>
  <trkpt lat="12.51978953" lon="78.21286007"><ele>402.648</ele><time>2026-02-23T08:22:10Z</time><speed>10.600</speed><sat>18</sat></trkpt>
  <trkpt lat="12.51971389" lon="78.21291783"><ele>402.389</ele><time>2026-02-23T08:22:11Z</time><speed>10.370</speed><sat>20</sat></trkpt>
  <trkpt lat="12.51964271" lon="78.21297296"><ele>402.758</ele><time>2026-02-23T08:22:12Z</time><speed>10.120</speed><sat>21</sat></trkpt>
  <trkpt lat="12.51956863" lon="78.21302706"><ele>402.545</ele><time>2026-02-23T08:22:13Z</time><speed>10.080</speed><sat>20</sat></trkpt>
  <trkpt lat="12.51950242" lon="78.21307998"><ele>402.023</ele><time>2026-02-23T08:22:14Z</time><speed>10.080</speed><sat>18</sat></trkpt>
  <trkpt lat="12.51943634" lon="78.21313322"><ele>401.938</ele><time>2026-02-23T08:22:15Z</time><speed>10.230</speed><sat>19</sat></trkpt>
  <trkpt lat="12.51936164" lon="78.21318492"><ele>401.482</ele><time>2026-02-23T08:22:16Z</time><speed>10.180</speed><sat>19</sat></trkpt>
  <trkpt lat="12.51929309" lon="78.21324298"><ele>401.829</ele><time>2026-02-23T08:22:17Z</time><speed>10.310</speed><sat>19</sat></trkpt>
  <trkpt lat="12.51921540" lon="78.21329569"><ele>401.461</ele><time>2026-02-23T08:22:18Z</time><speed>10.430</speed><sat>18</sat></trkpt>
  <trkpt lat="12.51913955" lon="78.21335255"><ele>401.822</ele><time>2026-02-23T08:22:19Z</time><speed>10.460</speed><sat>18</sat></trkpt>
  <trkpt lat="12.51906252" lon="78.21341097"><ele>401.367</ele><time>2026-02-23T08:22:20Z</time><speed>10.530</speed><sat>22</sat></trkpt>
  <trkpt lat="12.51898479" lon="78.21347162"><ele>399.517</ele><time>2026-02-23T08:22:21Z</time><speed>10.590</speed><sat>21</sat></trkpt>
  <trkpt lat="12.51891150" lon="78.21352602"><ele>399.788</ele><time>2026-02-23T08:22:22Z</time><speed>10.550</speed><sat>23</sat></trkpt>
  <trkpt lat="12.51882999" lon="78.21357884"><ele>399.513</ele><time>2026-02-23T08:22:23Z</time><speed>10.610</speed><sat>22</sat></trkpt>
  <trkpt lat="12.51874156" lon="78.21363936"><ele>399.341</ele><time>2026-02-23T08:22:24Z</time><speed>10.520</speed><sat>19</sat></trkpt>
  <trkpt lat="12.51866500" lon="78.21369798"><ele>398.888</ele><time>2026-02-23T08:22:25Z</time><speed>10.430</speed><sat>19</sat></trkpt>
  <trkpt lat="12.51858824" lon="78.21375723"><ele>398.401</ele><time>2026-02-23T08:22:26Z</time><speed>10.480</speed><sat>20</sat></trkpt>
  <trkpt lat="12.51851337" lon="78.21381691"><ele>398.623</ele><time>2026-02-23T08:22:27Z</time><speed>10.490</speed><sat>19</sat></trkpt>
  <trkpt lat="12.51844083" lon="78.21387826"><ele>398.357</ele><time>2026-02-23T08:22:28Z</time><speed>10.430</speed><sat>22</sat></trkpt>
  <trkpt lat="12.51835976" lon="78.21393971"><ele>398.667</ele><time>2026-02-23T08:22:29Z</time><speed>10.460</speed><sat>23</sat></trkpt>
  <trkpt lat="12.51828481" lon="78.21399401"><ele>398.408</ele><time>2026-02-23T08:22:30Z</time><speed>10.450</speed><sat>21</sat></trkpt>
  <trkpt lat="12.51820047" lon="78.21405209"><ele>399.066</ele><time>2026-02-23T08:22:31Z</time><speed>10.440</speed><sat>23</sat></trkpt>
  <trkpt lat="12.51811767" lon="78.21411150"><ele>398.849</ele><time>2026-02-23T08:22:32Z</time><speed>10.310</speed><sat>23</sat></trkpt>
  <trkpt lat="12.51804330" lon="78.21416677"><ele>398.313</ele><time>2026-02-23T08:22:33Z</time><speed>10.300</speed><sat>19</sat></trkpt>
  <trkpt lat="12.51796835" lon="78.21422550"><ele>398.486</ele><time>2026-02-23T08:22:34Z</time><speed>10.240</speed><sat>21</sat></trkpt>
  <trkpt lat="12.51789652" lon="78.21428265"><ele>398.535</ele><time>2026-02-23T08:22:35Z</time><speed>10.220</speed><sat>17</sat></trkpt>
  <trkpt lat="12.51781597" lon="78.21434040"><ele>398.147</ele><time>2026-02-23T08:22:36Z</time><speed>10.100</speed><sat>18</sat></trkpt>
  <trkpt lat="12.51774819" lon="78.21439850"><ele>397.994</ele><time>2026-02-23T08:22:37Z</time><speed>10.030</speed><sat>21</sat></trkpt>
  <trkpt lat="12.51767115" lon="78.21445288"><ele>397.732</ele><time>2026-02-23T08:22:38Z</time><speed>10.040</speed><sat>22</sat></trkpt>
  <trkpt lat="12.51760032" lon="78.21450180"><ele>397.604</ele><time>2026-02-23T08:22:39Z</time><speed>9.870</speed><sat>21</sat></trkpt>
  <trkpt lat="12.51753211" lon="78.21455543"><ele>397.254</ele><time>2026-02-23T08:22:40Z</time><speed>9.880</speed><sat>22</sat></trkpt>
  <trkpt lat="12.51746351" lon="78.21461157"><ele>397.174</ele><time>2026-02-23T08:22:41Z</time><speed>9.800</speed><sat>19</sat></trkpt>
  <trkpt lat="12.51739376" lon="78.21466247"><ele>397.385</ele><time>2026-02-23T08:22:42Z</time><speed>9.730</speed><sat>15</sat></trkpt>
  <trkpt lat="12.51732432" lon="78.21471500"><ele>397.476</ele><time>2026-02-23T08:22:43Z</time><speed>9.660</speed><sat>18</sat></trkpt>
  <trkpt lat="12.51725421" lon="78.21476375"><ele>397.016</ele><time>2026-02-23T08:22:44Z</time><speed>9.660</speed><sat>19</sat></trkpt>
  <trkpt lat="12.51718548" lon="78.21482010"><ele>397.193</ele><time>2026-02-23T08:22:45Z</time><speed>9.660</speed><sat>16</sat></trkpt>
  <trkpt lat="12.51711489" lon="78.21487779"><ele>397.404</ele><time>2026-02-23T08:22:46Z</time><speed>9.740</speed><sat>20</sat></trkpt>
  <trkpt lat="12.51704799" lon="78.21493383"><ele>397.882</ele><time>2026-02-23T08:22:47Z</time><speed>9.710</speed><sat>20</sat></trkpt>
  <trkpt lat="12.51697976" lon="78.21498424"><ele>398.230</ele><time>2026-02-23T08:22:48Z</time><speed>9.630</speed><sat>17</sat></trkpt>
  <trkpt lat="12.51691597" lon="78.21503522"><ele>397.978</ele><time>2026-02-23T08:22:49Z</time><speed>9.460</speed><sat>21</sat></trkpt>
  <trkpt lat="12.51683955" lon="78.21509061"><ele>397.712</ele><time>2026-02-23T08:22:50Z</time><speed>9.550</speed><sat>20</sat></trkpt>
  <trkpt lat="12.51675893" lon="78.21514516"><ele>397.651</ele><time>2026-02-23T08:22:51Z</time><speed>9.730</speed><sat>20</sat></trkpt>
  <trkpt lat="12.51668307" lon="78.21520382"><ele>397.620</ele><time>2026-02-23T08:22:52Z</time><speed>9.970</speed><sat>21</sat></trkpt>
  <trkpt lat="12.51660547" lon="78.21525622"><ele>397.818</ele><time>2026-02-23T08:22:53Z</time><speed>10.300</speed><sat>18</sat></trkpt>
  <trkpt lat="12.51653278" lon="78.21531255"><ele>397.783</ele><time>2026-02-23T08:22:54Z</time><speed>10.180</speed><sat>22</sat></trkpt>
  <trkpt lat="12.51645886" lon="78.21536663"><ele>397.800</ele><time>2026-02-23T08:22:55Z</time><speed>10.260</speed><sat>19</sat></trkpt>
  <trkpt lat="12.51638542" lon="78.21542376"><ele>398.287</ele><time>2026-02-23T08:22:56Z</time><speed>10.410</speed><sat>21</sat></trkpt>
  <trkpt lat="12.51631323" lon="78.21547660"><ele>397.826</ele><time>2026-02-23T08:22:57Z</time><speed>10.360</speed><sat>22</sat></trkpt>
  <trkpt lat="12.51624263" lon="78.21553389"><ele>398.405</ele><time>2026-02-23T08:22:58Z</time><speed>10.200</speed><sat>17</sat></trkpt>
  <trkpt lat="12.51616506" lon="78.21557875"><ele>397.992</ele><time>2026-02-23T08:22:59Z</time><speed>9.970</speed><sat>20</sat></trkpt>
  <trkpt lat="12.51609740" lon="78.21563181"><ele>397.930</ele><time>2026-02-23T08:23:00Z</time><speed>9.900</speed><sat>21</sat></trkpt>
  <trkpt lat="12.51602699" lon="78.21568401"><ele>398.382</ele><time>2026-02-23T08:23:01Z</time><speed>9.780</speed><sat>22</sat></trkpt>
  <trkpt lat="12.51595066" lon="78.21572760"><ele>397.523</ele><time>2026-02-23T08:23:02Z</time><speed>9.790</speed><sat>18</sat></trkpt>
  <trkpt lat="12.51588249" lon="78.21577852"><ele>398.013</ele><time>2026-02-23T08:23:03Z</time><speed>10.080</speed><sat>22</sat></trkpt>
  <trkpt lat="12.51581292" lon="78.21583311"><ele>398.077</ele><time>2026-02-23T08:23:04Z</time><speed>10.020</speed><sat>18</sat></trkpt>
  <trkpt lat="12.51573671" lon="78.21588776"><ele>398.582</ele><time>2026-02-23T08:23:05Z</time><speed>10.100</speed><sat>22</sat></trkpt>
  <trkpt lat="12.51565543" lon="78.21594375"><ele>398.790</ele><time>2026-02-23T08:23:06Z</time><speed>10.190</speed><sat>20</sat></trkpt>
  <trkpt lat="12.51558242" lon="78.21599961"><ele>398.681</ele><time>2026-02-23T08:23:07Z</time><speed>10.320</speed><sat>20</sat></trkpt>
  <trkpt lat="12.51550160" lon="78.21605211"><ele>399.220</ele><time>2026-02-23T08:23:08Z</time><speed>10.230</speed><sat>20</sat></trkpt>
  <trkpt lat="12.51543074" lon="78.21611516"><ele>398.947</ele><time>2026-02-23T08:23:09Z</time><speed>10.430</speed><sat>18</sat></trkpt>
  <trkpt lat="12.51535178" lon="78.21617226"><ele>398.916</ele><time>2026-02-23T08:23:10Z</time><speed>10.500</speed><sat>21</sat></trkpt>
  <trkpt lat="12.51527797" lon="78.21622383"><ele>398.876</ele><time>2026-02-23T08:23:11Z</time><speed>10.510</speed><sat>20</sat></trkpt>
  <trkpt lat="12.51520415" lon="78.21628038"><ele>399.522</ele><time>2026-02-23T08:23:12Z</time><speed>10.310</speed><sat>21</sat></trkpt>
  <trkpt lat="12.51513149" lon="78.21633127"><ele>399.464</ele><time>2026-02-23T08:23:13Z</time><speed>10.120</speed><sat>22</sat></trkpt>
  <trkpt lat="12.51505830" lon="78.21637939"><ele>398.665</ele><time>2026-02-23T08:23:14Z</time><speed>10.040</speed><sat>21</sat></trkpt>
  <trkpt lat="12.51498602" lon="78.21643141"><ele>398.469</ele><time>2026-02-23T08:23:15Z</time><speed>10.040</speed><sat>16</sat></trkpt>
  <trkpt lat="12.51491697" lon="78.21648687"><ele>398.496</ele><time>2026-02-23T08:23:16Z</time><speed>10.110</speed><sat>18</sat></trkpt>
  <trkpt lat="12.51484833" lon="78.21654640"><ele>398.134</ele><time>2026-02-23T08:23:17Z</time><speed>10.120</speed><sat>19</sat></trkpt>
  <trkpt lat="12.51477687" lon="78.21660378"><ele>398.287</ele><time>2026-02-23T08:23:18Z</time><speed>10.240</speed><sat>21</sat></trkpt>
  <trkpt lat="12.51469634" lon="78.21666379"><ele>398.374</ele><time>2026-02-23T08:23:19Z</time><speed>10.330</speed><sat>21</sat></trkpt>
  <trkpt lat="12.51462168" lon="78.21672224"><ele>399.154</ele><time>2026-02-23T08:23:20Z</time><speed>10.390</speed><sat>19</sat></trkpt>
  <trkpt lat="12.51454309" lon="78.21678109"><ele>398.797</ele><time>2026-02-23T08:23:21Z</time><speed>10.440</speed><sat>20</sat></trkpt>
  <trkpt lat="12.51446511" lon="78.21684259"><ele>398.654</ele><time>2026-02-23T08:23:22Z</time><speed>10.440</speed><sat>21</sat></trkpt>
  <trkpt lat="12.51439278" lon="78.21690329"><ele>398.272</ele><time>2026-02-23T08:23:23Z</time><speed>10.290</speed><sat>21</sat></trkpt>
  <trkpt lat="12.51431860" lon="78.21695961"><ele>398.641</ele><time>2026-02-23T08:23:24Z</time><speed>10.180</speed><sat>21</sat></trkpt>
  <trkpt lat="12.51424522" lon="78.21701828"><ele>398.871</ele><time>2026-02-23T08:23:25Z</time><speed>10.080</speed><sat>19</sat></trkpt>
  <trkpt lat="12.51417798" lon="78.21707605"><ele>397.899</ele><time>2026-02-23T08:23:26Z</time><speed>9.940</speed><sat>17</sat></trkpt>
  <trkpt lat="12.51410230" lon="78.21712944"><ele>397.819</ele><time>2026-02-23T08:23:27Z</time><speed>9.810</speed><sat>17</sat></trkpt>
  <trkpt lat="12.51403429" lon="78.21717981"><ele>398.592</ele><time>2026-02-23T08:23:28Z</time><speed>9.880</speed><sat>17</sat></trkpt>
  <trkpt lat="12.51396519" lon="78.21723650"><ele>398.499</ele><time>2026-02-23T08:23:29Z</time><speed>9.880</speed><sat>18</sat></trkpt>
  <trkpt lat="12.51389251" lon="78.21728297"><ele>397.820</ele><time>2026-02-23T08:23:30Z</time><speed>9.870</speed><sat>19</sat></trkpt>
  <trkpt lat="12.51380814" lon="78.21734114"><ele>397.628</ele><time>2026-02-23T08:23:31Z</time><speed>10.130</speed><sat>19</sat></trkpt>
  <trkpt lat="12.51373753" lon="78.21739909"><ele>397.336</ele><time>2026-02-23T08:23:32Z</time><speed>10.340</speed><sat>17</sat></trkpt>
  <trkpt lat="12.51366269" lon="78.21745233"><ele>397.737</ele><time>2026-02-23T08:23:33Z</time><speed>10.530</speed><sat>20</sat></trkpt>
  <trkpt lat="12.51358552" lon="78.21750810"><ele>396.269</ele><time>2026-02-23T08:23:34Z</time><speed>10.500</speed><sat>18</sat></trkpt>
  <trkpt lat="12.51351042" lon="78.21756484"><ele>396.185</ele><time>2026-02-23T08:23:35Z</time><speed>10.430</speed><sat>20</sat></trkpt>
  <trkpt lat="12.51343773" lon="78.21762752"><ele>396.149</ele><time>2026-02-23T08:23:36Z</time><speed>10.470</speed><sat>20</sat></trkpt>
  <trkpt lat="12.51336130" lon="78.21768769"><ele>396.218</ele><time>2026-02-23T08:23:37Z</time><speed>10.470</speed><sat>17</sat></trkpt>
  <trkpt lat="12.51328960" lon="78.21774380"><ele>395.842</ele><time>2026-02-23T08:23:38Z</time><speed>10.380</speed><sat>19</sat></trkpt>
  <trkpt lat="12.51321670" lon="78.21779829"><ele>396.409</ele><time>2026-02-23T08:23:39Z</time><speed>10.250</speed><sat>19</sat></trkpt>
  <trkpt lat="12.51314578" lon="78.21785138"><ele>396.606</ele><time>2026-02-23T08:23:40Z</time><speed>10.260</speed><sat>18</sat></trkpt>
  <trkpt lat="12.51306773" lon="78.21791154"><ele>396.520</ele><time>2026-02-23T08:23:41Z</time><speed>10.400</speed><sat>16</sat></trkpt>
  <trkpt lat="12.51299257" lon="78.21796494"><ele>396.187</ele><time>2026-02-23T08:23:42Z</time><speed>10.360</speed><sat>17</sat></trkpt>
  <trkpt lat="12.51291737" lon="78.21802487"><ele>396.240</ele><time>2026-02-23T08:23:43Z</time><speed>10.530</speed><sat>17</sat></trkpt>
  <trkpt lat="12.51284287" lon="78.21808056"><ele>395.988</ele><time>2026-02-23T08:23:44Z</time><speed>10.530</speed><sat>16</sat></trkpt>
  <trkpt lat="12.51276698" lon="78.21813729"><ele>396.425</ele><time>2026-02-23T08:23:45Z</time><speed>10.550</speed><sat>17</sat></trkpt>
  <trkpt lat="12.51269504" lon="78.21819524"><ele>395.903</ele><time>2026-02-23T08:23:46Z</time><speed>10.510</speed><sat>15</sat></trkpt>
  <trkpt lat="12.51260740" lon="78.21825420"><ele>396.323</ele><time>2026-02-23T08:23:47Z</time><speed>10.510</speed><sat>15</sat></trkpt>
  <trkpt lat="12.51253259" lon="78.21830796"><ele>396.532</ele><time>2026-02-23T08:23:48Z</time><speed>10.410</speed><sat>16</sat></trkpt>
  <trkpt lat="12.51244613" lon="78.21836383"><ele>396.679</ele><time>2026-02-23T08:23:49Z</time><speed>10.470</speed><sat>17</sat></trkpt>
  <trkpt lat="12.51236354" lon="78.21841320"><ele>395.990</ele><time>2026-02-23T08:23:50Z</time><speed>10.490</speed><sat>18</sat></trkpt>
  <trkpt lat="12.51228877" lon="78.21846924"><ele>395.619</ele><time>2026-02-23T08:23:51Z</time><speed>10.450</speed><sat>19</sat></trkpt>
  <trkpt lat="12.51221141" lon="78.21852431"><ele>396.038</ele><time>2026-02-23T08:23:52Z</time><speed>10.460</speed><sat>20</sat></trkpt>
  <trkpt lat="12.51214092" lon="78.21858084"><ele>395.665</ele><time>2026-02-23T08:23:53Z</time><speed>10.430</speed><sat>18</sat></trkpt>
  <trkpt lat="12.51206480" lon="78.21863938"><ele>395.492</ele><time>2026-02-23T08:23:54Z</time><speed>10.640</speed><sat>20</sat></trkpt>
  <trkpt lat="12.51198462" lon="78.21869794"><ele>395.678</ele><time>2026-02-23T08:23:55Z</time><speed>10.780</speed><sat>19</sat></trkpt>
  <trkpt lat="12.51190722" lon="78.21875809"><ele>395.125</ele><time>2026-02-23T08:23:56Z</time><speed>10.790</speed><sat>20</sat></trkpt>
  <trkpt lat="12.51182367" lon="78.21881385"><ele>395.542</ele><time>2026-02-23T08:23:57Z</time><speed>10.760</speed><sat>18</sat></trkpt>
  <trkpt lat="12.51174441" lon="78.21886485"><ele>394.820</ele><time>2026-02-23T08:23:58Z</time><speed>10.530</speed><sat>19</sat></trkpt>
  <trkpt lat="12.51167046" lon="78.21892253"><ele>394.635</ele><time>2026-02-23T08:23:59Z</time><speed>10.290</speed><sat>20</sat></trkpt>
  <trkpt lat="12.51160310" lon="78.21898392"><ele>394.978</ele><time>2026-02-23T08:24:00Z</time><speed>10.250</speed><sat>19</sat></trkpt>
  <trkpt lat="12.51153325" lon="78.21904196"><ele>395.952</ele><time>2026-02-23T08:24:01Z</time><speed>10.210</speed><sat>20</sat></trkpt>
  <trkpt lat="12.51145399" lon="78.21909309"><ele>395.362</ele><time>2026-02-23T08:24:02Z</time><speed>10.220</speed><sat>18</sat></trkpt>
  <trkpt lat="12.51138467" lon="78.21914598"><ele>395.771</ele><time>2026-02-23T08:24:03Z</time><speed>10.130</speed><sat>15</sat></trkpt>
  <trkpt lat="12.51131528" lon="78.21920282"><ele>395.683</ele><time>2026-02-23T08:24:04Z</time><speed>10.330</speed><sat>19</sat></trkpt>
  <trkpt lat="12.51123227" lon="78.21926231"><ele>395.721</ele><time>2026-02-23T08:24:05Z</time><speed>10.450</speed><sat>20</sat></trkpt>
  <trkpt lat="12.51115649" lon="78.21932180"><ele>395.701</ele><time>2026-02-23T08:24:06Z</time><speed>10.470</speed><sat>18</sat></trkpt>
  <trkpt lat="12.51108038" lon="78.21938351"><ele>395.720</ele><time>2026-02-23T08:24:07Z</time><speed>10.580</speed><sat>19</sat></trkpt>
  <trkpt lat="12.51100441" lon="78.21944475"><ele>395.902</ele><time>2026-02-23T08:24:08Z</time><speed>10.700</speed><sat>18</sat></trkpt>
  <trkpt lat="12.51092201" lon="78.21950242"><ele>396.475</ele><time>2026-02-23T08:24:09Z</time><speed>10.870</speed><sat>19</sat></trkpt>
  <trkpt lat="12.51084820" lon="78.21955980"><ele>396.978</ele><time>2026-02-23T08:24:10Z</time><speed>10.860</speed><sat>21</sat></trkpt>
  <trkpt lat="12.51077300" lon="78.21962000"><ele>397.038</ele><time>2026-02-23T08:24:11Z</time><speed>10.810</speed><sat>19</sat></trkpt>
  <trkpt lat="12.51069625" lon="78.21967977"><ele>397.483</ele><time>2026-02-23T08:24:12Z</time><speed>10.730</speed><sat>16</sat></trkpt>
  <trkpt lat="12.51061642" lon="78.21973774"><ele>398.841</ele><time>2026-02-23T08:24:13Z</time><speed>10.710</speed><sat>17</sat></trkpt>
  <trkpt lat="12.51053749" lon="78.21979710"><ele>398.597</ele><time>2026-02-23T08:24:14Z</time><speed>10.550</speed><sat>20</sat></trkpt>
  <trkpt lat="12.51046193" lon="78.21985875"><ele>398.385</ele><time>2026-02-23T08:24:15Z</time><speed>10.710</speed><sat>21</sat></trkpt>
  <trkpt lat="12.51037532" lon="78.21991798"><ele>398.072</ele><time>2026-02-23T08:24:16Z</time><speed>10.790</speed><sat>19</sat></trkpt>
  <trkpt lat="12.51029941" lon="78.21997700"><ele>397.861</ele><time>2026-02-23T08:24:17Z</time><speed>10.910</speed><sat>20</sat></trkpt>
  <trkpt lat="12.51022143" lon="78.22003447"><ele>398.032</ele><time>2026-02-23T08:24:18Z</time><speed>10.830</speed><sat>19</sat></trkpt>
  <trkpt lat="12.51014564" lon="78.22009195"><ele>398.332</ele><time>2026-02-23T08:24:19Z</time><speed>10.820</speed><sat>19</sat></trkpt>
  <trkpt lat="12.51007102" lon="78.22015167"><ele>398.350</ele><time>2026-02-23T08:24:20Z</time><speed>10.720</speed><sat>21</sat></trkpt>
  <trkpt lat="12.50998748" lon="78.22021228"><ele>397.915</ele><time>2026-02-23T08:24:21Z</time><speed>10.680</speed><sat>20</sat></trkpt>
  <trkpt lat="12.50990400" lon="78.22027264"><ele>397.513</ele><time>2026-02-23T08:24:22Z</time><speed>10.740</speed><sat>18</sat></trkpt>
  <trkpt lat="12.50982251" lon="78.22033072"><ele>397.274</ele><time>2026-02-23T08:24:23Z</time><speed>10.810</speed><sat>19</sat></trkpt>
  <trkpt lat="12.50974544" lon="78.22038687"><ele>397.697</ele><time>2026-02-23T08:24:24Z</time><speed>10.740</speed><sat>17</sat></trkpt>
  <trkpt lat="12.50966747" lon="78.22044620"><ele>397.940</ele><time>2026-02-23T08:24:25Z</time><speed>10.750</speed><sat>17</sat></trkpt>
  <trkpt lat="12.50958901" lon="78.22050343"><ele>398.414</ele><time>2026-02-23T08:24:26Z</time><speed>10.760</speed><sat>19</sat></trkpt>
  <trkpt lat="12.50951397" lon="78.22056474"><ele>398.239</ele><time>2026-02-23T08:24:27Z</time><speed>10.770</speed><sat>20</sat></trkpt>
  <trkpt lat="12.50943552" lon="78.22062582"><ele>398.583</ele><time>2026-02-23T08:24:28Z</time><speed>10.750</speed><sat>21</sat></trkpt>
  <trkpt lat="12.50935898" lon="78.22068155"><ele>399.031</ele><time>2026-02-23T08:24:29Z</time><speed>10.450</speed><sat>19</sat></trkpt>
  <trkpt lat="12.50928223" lon="78.22074863"><ele>398.424</ele><time>2026-02-23T08:24:30Z</time><speed>10.380</speed><sat>19</sat></trkpt>
  <trkpt lat="12.50921139" lon="78.22080298"><ele>398.567</ele><time>2026-02-23T08:24:31Z</time><speed>10.320</speed><sat>19</sat></trkpt>
  <trkpt lat="12.50913736" lon="78.22086236"><ele>399.007</ele><time>2026-02-23T08:24:32Z</time><speed>10.280</speed><sat>16</sat></trkpt>
  <trkpt lat="12.50906655" lon="78.22092660"><ele>398.834</ele><time>2026-02-23T08:24:33Z</time><speed>10.310</speed><sat>18</sat></trkpt>
  <trkpt lat="12.50899772" lon="78.22098398"><ele>399.243</ele><time>2026-02-23T08:24:34Z</time><speed>10.280</speed><sat>19</sat></trkpt>
  <trkpt lat="12.50892599" lon="78.22104247"><ele>399.772</ele><time>2026-02-23T08:24:35Z</time><speed>10.240</speed><sat>19</sat></trkpt>
  <trkpt lat="12.50885922" lon="78.22109695"><ele>400.586</ele><time>2026-02-23T08:24:36Z</time><speed>9.920</speed><sat>17</sat></trkpt>
  <trkpt lat="12.50876894" lon="78.22114662"><ele>401.209</ele><time>2026-02-23T08:24:37Z</time><speed>10.090</speed><sat>19</sat></trkpt>
  <trkpt lat="12.50869997" lon="78.22120744"><ele>401.220</ele><time>2026-02-23T08:24:38Z</time><speed>10.310</speed><sat>19</sat></trkpt>
  <trkpt lat="12.50863204" lon="78.22125829"><ele>401.560</ele><time>2026-02-23T08:24:39Z</time><speed>10.070</speed><sat>16</sat></trkpt>
  <trkpt lat="12.50856356" lon="78.22132098"><ele>402.102</ele><time>2026-02-23T08:24:40Z</time><speed>10.100</speed><sat>22</sat></trkpt>
  <trkpt lat="12.50849523" lon="78.22138275"><ele>402.235</ele><time>2026-02-23T08:24:41Z</time><speed>9.870</speed><sat>23</sat></trkpt>
  <trkpt lat="12.50842677" lon="78.22143486"><ele>402.545</ele><time>2026-02-23T08:24:42Z</time><speed>9.700</speed><sat>19</sat></trkpt>
  <trkpt lat="12.50836143" lon="78.22149254"><ele>402.357</ele><time>2026-02-23T08:24:43Z</time><speed>9.960</speed><sat>21</sat></trkpt>
  <trkpt lat="12.50829000" lon="78.22154380"><ele>403.449</ele><time>2026-02-23T08:24:44Z</time><speed>9.940</speed><sat>20</sat></trkpt>
  <trkpt lat="12.50821842" lon="78.22160134"><ele>403.131</ele><time>2026-02-23T08:24:45Z</time><speed>10.080</speed><sat>21</sat></trkpt>
  <trkpt lat="12.50814395" lon="78.22165876"><ele>403.072</ele><time>2026-02-23T08:24:46Z</time><speed>10.250</speed><sat>20</sat></trkpt>
  <trkpt lat="12.50806969" lon="78.22171471"><ele>403.646</ele><time>2026-02-23T08:24:47Z</time><speed>10.410</speed><sat>23</sat></trkpt>
  <trkpt lat="12.50799798" lon="78.22177209"><ele>403.473</ele><time>2026-02-23T08:24:48Z</time><speed>10.400</speed><sat>20</sat></trkpt>
  <trkpt lat="12.50792634" lon="78.22183109"><ele>404.103</ele><time>2026-02-23T08:24:49Z</time><speed>10.270</speed><sat>21</sat></trkpt>
  <trkpt lat="12.50785535" lon="78.22189303"><ele>404.375</ele><time>2026-02-23T08:24:50Z</time><speed>10.040</speed><sat>18</sat></trkpt>
  <trkpt lat="12.50778145" lon="78.22194900"><ele>403.748</ele><time>2026-02-23T08:24:51Z</time><speed>10.170</speed><sat>18</sat></trkpt>
  <trkpt lat="12.50770759" lon="78.22200262"><ele>404.662</ele><time>2026-02-23T08:24:52Z</time><speed>10.040</speed><sat>16</sat></trkpt>
  <trkpt lat="12.50763406" lon="78.22205450"><ele>405.710</ele><time>2026-02-23T08:24:53Z</time><speed>9.970</speed><sat>17</sat></trkpt>
  <trkpt lat="12.50756394" lon="78.22210752"><ele>406.061</ele><time>2026-02-23T08:24:54Z</time><speed>9.830</speed><sat>17</sat></trkpt>
  <trkpt lat="12.50749111" lon="78.22216592"><ele>405.685</ele><time>2026-02-23T08:24:55Z</time><speed>9.990</speed><sat>17</sat></trkpt>
  <trkpt lat="12.50741854" lon="78.22222884"><ele>405.825</ele><time>2026-02-23T08:24:56Z</time><speed>9.940</speed><sat>17</sat></trkpt>
  <trkpt lat="12.50734351" lon="78.22228350"><ele>405.498</ele><time>2026-02-23T08:24:57Z</time><speed>10.050</speed><sat>15</sat></trkpt>
  <trkpt lat="12.50726828" lon="78.22233440"><ele>405.386</ele><time>2026-02-23T08:24:58Z</time><speed>10.190</speed><sat>13</sat></trkpt>
  <trkpt lat="12.50719118" lon="78.22239007"><ele>405.668</ele><time>2026-02-23T08:24:59Z</time><speed>10.420</speed><sat>14</sat></trkpt>
  <trkpt lat="12.50711146" lon="78.22244544"><ele>405.912</ele><time>2026-02-23T08:25:00Z</time><speed>10.460</speed><sat>17</sat></trkpt>
  <trkpt lat="12.50703374" lon="78.22249932"><ele>405.795</ele><time>2026-02-23T08:25:01Z</time><speed>10.440</speed><sat>16</sat></trkpt>
  <trkpt lat="12.50694836" lon="78.22254843"><ele>405.981</ele><time>2026-02-23T08:25:02Z</time><speed>10.320</speed><sat>17</sat></trkpt>
  <trkpt lat="12.50687198" lon="78.22260283"><ele>405.939</ele><time>2026-02-23T08:25:03Z</time><speed>10.200</speed><sat>18</sat></trkpt>
  <trkpt lat="12.50677975" lon="78.22264045"><ele>405.451</ele><time>2026-02-23T08:25:04Z</time><speed>10.030</speed><sat>17</sat></trkpt>
  <trkpt lat="12.50670220" lon="78.22268756"><ele>404.606</ele><time>2026-02-23T08:25:05Z</time><speed>9.910</speed><sat>16</sat></trkpt>
  <trkpt lat="12.50662262" lon="78.22272633"><ele>404.600</ele><time>2026-02-23T08:25:06Z</time><speed>9.790</speed><sat>18</sat></trkpt>
  <trkpt lat="12.50654521" lon="78.22276797"><ele>404.108</ele><time>2026-02-23T08:25:07Z</time><speed>9.760</speed><sat>15</sat></trkpt>
  <trkpt lat="12.50646381" lon="78.22280246"><ele>403.148</ele><time>2026-02-23T08:25:08Z</time><speed>10.110</speed><sat>19</sat></trkpt>
  <trkpt lat="12.50638185" lon="78.22283822"><ele>402.528</ele><time>2026-02-23T08:25:09Z</time><speed>10.060</speed><sat>20</sat></trkpt>
  <trkpt lat="12.50629685" lon="78.22288214"><ele>402.336</ele><time>2026-02-23T08:25:10Z</time><speed>10.050</speed><sat>16</sat></trkpt>
  <trkpt lat="12.50621632" lon="78.22292352"><ele>402.418</ele><time>2026-02-23T08:25:11Z</time><speed>9.840</speed><sat>18</sat></trkpt>
  <trkpt lat="12.50613507" lon="78.22296348"><ele>402.087</ele><time>2026-02-23T08:25:12Z</time><speed>9.900</speed><sat>20</sat></trkpt>
  <trkpt lat="12.50605319" lon="78.22299897"><ele>401.495</ele><time>2026-02-23T08:25:13Z</time><speed>9.820</speed><sat>17</sat></trkpt>
  <trkpt lat="12.50597349" lon="78.22303443"><ele>400.764</ele><time>2026-02-23T08:25:14Z</time><speed>9.650</speed><sat>16</sat></trkpt>
  <trkpt lat="12.50589435" lon="78.22306747"><ele>400.939</ele><time>2026-02-23T08:25:15Z</time><speed>9.660</speed><sat>16</sat></trkpt>
  <trkpt lat="12.50580871" lon="78.22310327"><ele>401.712</ele><time>2026-02-23T08:25:16Z</time><speed>9.610</speed><sat>17</sat></trkpt>
  <trkpt lat="12.50572986" lon="78.22313334"><ele>402.022</ele><time>2026-02-23T08:25:17Z</time><speed>9.600</speed><sat>17</sat></trkpt>
  <trkpt lat="12.50565243" lon="78.22316173"><ele>400.868</ele><time>2026-02-23T08:25:18Z</time><speed>9.510</speed><sat>17</sat></trkpt>
  <trkpt lat="12.50557058" lon="78.22318935"><ele>400.696</ele><time>2026-02-23T08:25:19Z</time><speed>9.710</speed><sat>19</sat></trkpt>
  <trkpt lat="12.50548473" lon="78.22321373"><ele>400.152</ele><time>2026-02-23T08:25:20Z</time><speed>9.940</speed><sat>16</sat></trkpt>
  <trkpt lat="12.50540148" lon="78.22323929"><ele>400.361</ele><time>2026-02-23T08:25:21Z</time><speed>9.720</speed><sat>16</sat></trkpt>
  <trkpt lat="12.50532869" lon="78.22326003"><ele>401.796</ele><time>2026-02-23T08:25:22Z</time><speed>9.540</speed><sat>17</sat></trkpt>
  <trkpt lat="12.50524586" lon="78.22328038"><ele>400.640</ele><time>2026-02-23T08:25:23Z</time><speed>9.680</speed><sat>17</sat></trkpt>
  <trkpt lat="12.50515698" lon="78.22330276"><ele>400.869</ele><time>2026-02-23T08:25:24Z</time><speed>10.080</speed><sat>14</sat></trkpt>
  <trkpt lat="12.50506732" lon="78.22332990"><ele>400.928</ele><time>2026-02-23T08:25:25Z</time><speed>10.350</speed><sat>18</sat></trkpt>
  <trkpt lat="12.50499538" lon="78.22336924"><ele>402.287</ele><time>2026-02-23T08:25:26Z</time><speed>10.470</speed><sat>17</sat></trkpt>
  <trkpt lat="12.50489112" lon="78.22336701"><ele>398.958</ele><time>2026-02-23T08:25:27Z</time><speed>10.580</speed><sat>17</sat></trkpt>
  <trkpt lat="12.50480312" lon="78.22338969"><ele>398.233</ele><time>2026-02-23T08:25:28Z</time><speed>10.550</speed><sat>17</sat></trkpt>
  <trkpt lat="12.50472178" lon="78.22341630"><ele>398.694</ele><time>2026-02-23T08:25:29Z</time><speed>10.520</speed><sat>18</sat></trkpt>
  <trkpt lat="12.50462533" lon="78.22344610"><ele>399.268</ele><time>2026-02-23T08:25:30Z</time><speed>10.640</speed><sat>18</sat></trkpt>
  <trkpt lat="12.50452914" lon="78.22347324"><ele>400.520</ele><time>2026-02-23T08:25:31Z</time><speed>10.730</speed><sat>25</sat></trkpt>
  <trkpt lat="12.50443087" lon="78.22348508"><ele>400.041</ele><time>2026-02-23T08:25:32Z</time><speed>10.580</speed><sat>22</sat></trkpt>
  <trkpt lat="12.50433609" lon="78.22349605"><ele>399.933</ele><time>2026-02-23T08:25:33Z</time><speed>10.520</speed><sat>26</sat></trkpt>
  <trkpt lat="12.50425213" lon="78.22351443"><ele>400.999</ele><time>2026-02-23T08:25:34Z</time><speed>10.470</speed><sat>24</sat></trkpt>
  <trkpt lat="12.50416979" lon="78.22352410"><ele>401.822</ele><time>2026-02-23T08:25:35Z</time><speed>10.390</speed><sat>27</sat></trkpt>
  <trkpt lat="12.50407632" lon="78.22353936"><ele>401.411</ele><time>2026-02-23T08:25:36Z</time><speed>10.370</speed><sat>22</sat></trkpt>
  <trkpt lat="12.50397571" lon="78.22355726"><ele>401.911</ele><time>2026-02-23T08:25:37Z</time><speed>10.120</speed><sat>26</sat></trkpt>
  <trkpt lat="12.50388479" lon="78.22357462"><ele>401.940</ele><time>2026-02-23T08:25:38Z</time><speed>9.960</speed><sat>24</sat></trkpt>
  <trkpt lat="12.50379315" lon="78.22358729"><ele>402.117</ele><time>2026-02-23T08:25:39Z</time><speed>9.860</speed><sat>23</sat></trkpt>
  <trkpt lat="12.50371014" lon="78.22359424"><ele>401.616</ele><time>2026-02-23T08:25:40Z</time><speed>9.480</speed><sat>26</sat></trkpt>
  <trkpt lat="12.50362260" lon="78.22360377"><ele>400.981</ele><time>2026-02-23T08:25:41Z</time><speed>9.370</speed><sat>25</sat></trkpt>
  <trkpt lat="12.50353681" lon="78.22361540"><ele>401.369</ele><time>2026-02-23T08:25:42Z</time><speed>9.250</speed><sat>23</sat></trkpt>
  <trkpt lat="12.50345409" lon="78.22362049"><ele>401.193</ele><time>2026-02-23T08:25:43Z</time><speed>9.030</speed><sat>24</sat></trkpt>
  <trkpt lat="12.50337822" lon="78.22362675"><ele>400.850</ele><time>2026-02-23T08:25:44Z</time><speed>8.650</speed><sat>27</sat></trkpt>
  <trkpt lat="12.50329697" lon="78.22362355"><ele>400.506</ele><time>2026-02-23T08:25:45Z</time><speed>8.690</speed><sat>23</sat></trkpt>
  <trkpt lat="12.50321802" lon="78.22362900"><ele>400.375</ele><time>2026-02-23T08:25:46Z</time><speed>8.400</speed><sat>25</sat></trkpt>
  <trkpt lat="12.50314063" lon="78.22363360"><ele>399.999</ele><time>2026-02-23T08:25:47Z</time><speed>8.290</speed><sat>24</sat></trkpt>
  <trkpt lat="12.50306947" lon="78.22363485"><ele>399.818</ele><time>2026-02-23T08:25:48Z</time><speed>8.480</speed><sat>25</sat></trkpt>
  <trkpt lat="12.50298729" lon="78.22363473"><ele>400.321</ele><time>2026-02-23T08:25:49Z</time><speed>8.650</speed><sat>26</sat></trkpt>
  <trkpt lat="12.50290854" lon="78.22363561"><ele>400.157</ele><time>2026-02-23T08:25:50Z</time><speed>8.690</speed><sat>25</sat></trkpt>
  <trkpt lat="12.50282922" lon="78.22362947"><ele>399.850</ele><time>2026-02-23T08:25:51Z</time><speed>8.550</speed><sat>25</sat></trkpt>
  <trkpt lat="12.50275143" lon="78.22362496"><ele>399.912</ele><time>2026-02-23T08:25:52Z</time><speed>8.520</speed><sat>25</sat></trkpt>
  <trkpt lat="12.50266922" lon="78.22361551"><ele>399.383</ele><time>2026-02-23T08:25:53Z</time><speed>8.430</speed><sat>24</sat></trkpt>
  <trkpt lat="12.50260035" lon="78.22360606"><ele>398.479</ele><time>2026-02-23T08:25:54Z</time><speed>8.080</speed><sat>23</sat></trkpt>
  <trkpt lat="12.50252859" lon="78.22359734"><ele>398.491</ele><time>2026-02-23T08:25:55Z</time><speed>7.990</speed><sat>23</sat></trkpt>
  <trkpt lat="12.50245916" lon="78.22358872"><ele>398.679</ele><time>2026-02-23T08:25:56Z</time><speed>7.770</speed><sat>22</sat></trkpt>
  <trkpt lat="12.50240231" lon="78.22358174"><ele>397.739</ele><time>2026-02-23T08:25:57Z</time><speed>7.130</speed><sat>25</sat></trkpt>
  <trkpt lat="12.50234449" lon="78.22358236"><ele>397.566</ele><time>2026-02-23T08:25:58Z</time><speed>6.300</speed><sat>22</sat></trkpt>
  <trkpt lat="12.50229406" lon="78.22357448"><ele>397.679</ele><time>2026-02-23T08:25:59Z</time><speed>5.420</speed><sat>24</sat></trkpt>
  <trkpt lat="12.50224435" lon="78.22356555"><ele>397.732</ele><time>2026-02-23T08:26:00Z</time><speed>4.770</speed><sat>25</sat></trkpt>
  <trkpt lat="12.50220437" lon="78.22356279"><ele>397.784</ele><time>2026-02-23T08:26:01Z</time><speed>4.660</speed><sat>20</sat></trkpt>
  <trkpt lat="12.50216505" lon="78.22355588"><ele>398.094</ele><time>2026-02-23T08:26:02Z</time><speed>4.420</speed><sat>25</sat></trkpt>
  <trkpt lat="12.50214132" lon="78.22354212"><ele>398.179</ele><time>2026-02-23T08:26:03Z</time><speed>3.960</speed><sat>22</sat></trkpt>
  <trkpt lat="12.50211592" lon="78.22353199"><ele>398.475</ele><time>2026-02-23T08:26:04Z</time><speed>3.260</speed><sat>25</sat></trkpt>
  <trkpt lat="12.50209264" lon="78.22352854"><ele>398.469</ele><time>2026-02-23T08:26:05Z</time><speed>2.420</speed><sat>23</sat></trkpt>
  <trkpt lat="12.50207529" lon="78.22352396"><ele>398.536</ele><time>2026-02-23T08:26:06Z</time><speed>1.680</speed><sat>26</sat></trkpt>
 </trkseg>
</trk>

</gpx>
 